{
    "face": {
        "face_count": 1,
        "face_embeddings": [
            [
                -0.12029802799224854,
                0.08283078670501709,
                0.019010797142982483,
                -0.016098640859127045,
                -0.1282290667295456,
                1.2091826647520065e-05,
                -0.05280955508351326,
                -0.13945983350276947,
                0.06857031583786011,
                -0.17737680673599243,
                0.21130670607089996,
                -0.04198330268263817,
                -0.24419845640659332,
                -0.0937303751707077,
                -0.06790955364704132,
                0.17068402469158173,
                -0.12135369330644608,
                -0.11702793836593628,
                -0.06042831763625145,
                0.022525571286678314,
                0.15668132901191711,
                0.02869233302772045,
                -0.010533270426094532,
                0.040827181190252304,
                -0.13476777076721191,
                -0.2848953306674957,
                -0.16817106306552887,
                -0.05889181047677994,
                -0.009240655228495598,
                -0.04129129275679588,
                -0.07111463695764542,
                -0.07432427257299423,
                -0.1951151341199875,
                -0.04105083644390106,
                -0.007640065625309944,
                -0.004707648418843746,
                -0.03679828345775604,
                -0.025846894830465317,
                0.12465228140354156,
                -0.015713313594460487,
                -0.25883185863494873,
                0.025896482169628143,
                0.06679312884807587,
                0.26614663004875183,
                0.21610039472579956,
                0.057184264063835144,
                -0.004456000402569771,
                -0.15324494242668152,
                0.0997801274061203,
                -0.20845992863178253,
                0.11462485790252686,
                0.1370270699262619,
                0.0673564001917839,
                0.08082596957683563,
                0.050700895488262177,
                -0.09881862998008728,
                0.030080946162343025,
                0.20133553445339203,
                -0.12486030906438828,
                0.0925990641117096,
                0.08595377206802368,
                -0.06792058795690536,
                0.029895827174186707,
                -0.053177885711193085,
                0.19928903877735138,
                0.044308628886938095,
                -0.12056916207075119,
                -0.19168685376644135,
                0.14799922704696655,
                -0.1830238699913025,
                -0.05231793224811554,
                0.07759751379489899,
                -0.15719366073608398,
                -0.24044999480247498,
                -0.3370283842086792,
                0.04484547674655914,
                0.41983142495155334,
                0.19311153888702393,
                -0.18786390125751495,
                0.038189470767974854,
                -0.06079261004924774,
                0.012042064219713211,
                0.21847832202911377,
                0.12704360485076904,
                0.06914828717708588,
                -0.05596166476607323,
                -0.12168098986148834,
                0.041934821754693985,
                0.2525334358215332,
                -0.11705667525529861,
                -0.010039325803518295,
                0.2884547710418701,
                0.007168538868427277,
                -0.029132608324289322,
                0.031640369445085526,
                0.08309727162122726,
                -0.11025643348693848,
                0.019853752106428146,
                -0.10421491414308548,
                -0.00406011613085866,
                0.037468090653419495,
                -0.05437420308589935,
                -0.0043440815061330795,
                0.12750491499900818,
                -0.1062551736831665,
                0.15020154416561127,
                -0.009578225202858448,
                0.04922015592455864,
                -0.018567189574241638,
                -0.0807807520031929,
                -0.145144522190094,
                -0.03731276094913483,
                0.11177873611450195,
                -0.18558482825756073,
                0.24228627979755402,
                0.12945398688316345,
                0.03585308417677879,
                0.10104076564311981,
                0.11315824091434479,
                0.0967448502779007,
                -0.010787581093609333,
                -0.07435829937458038,
                -0.2052331566810608,
                -0.024487068876624107,
                0.1273663192987442,
                -0.061034075915813446,
                0.11629714071750641,
                -0.01150247547775507
            ]
        ]
    },
    "hand": {
        "hand_count": 0,
        "hand_landmarks": []
    },
    "body": {
        "landmark_count": 33,
        "landmarks": [
            {
                "x": 0.413141667842865,
                "y": 0.330047070980072,
                "z": -1.5915414094924927,
                "visibility": 0.9995751976966858
            },
            {
                "x": 0.4638579487800598,
                "y": 0.2715265154838562,
                "z": -1.568475365638733,
                "visibility": 0.9991241097450256
            },
            {
                "x": 0.5070337057113647,
                "y": 0.2680232524871826,
                "z": -1.5693976879119873,
                "visibility": 0.9992784857749939
            },
            {
                "x": 0.5477375984191895,
                "y": 0.2654375433921814,
                "z": -1.569898009300232,
                "visibility": 0.9991299510002136
            },
            {
                "x": 0.384338915348053,
                "y": 0.2795753479003906,
                "z": -1.4674628973007202,
                "visibility": 0.9991117119789124
            },
            {
                "x": 0.3681701421737671,
                "y": 0.2812393307685852,
                "z": -1.4669984579086304,
                "visibility": 0.9991855025291443
            },
            {
                "x": 0.3516165018081665,
                "y": 0.2833985686302185,
                "z": -1.4679971933364868,
                "visibility": 0.9990911483764648
            },
            {
                "x": 0.6301381587982178,
                "y": 0.2787172794342041,
                "z": -1.2445483207702637,
                "visibility": 0.9995536208152771
            },
            {
                "x": 0.38528650999069214,
                "y": 0.2998051047325134,
                "z": -0.7466917634010315,
                "visibility": 0.9993089437484741
            },
            {
                "x": 0.5050793290138245,
                "y": 0.3875817656517029,
                "z": -1.4583035707473755,
                "visibility": 0.9996578693389893
            },
            {
                "x": 0.4100842773914337,
                "y": 0.39289456605911255,
                "z": -1.3180299997329712,
                "visibility": 0.9995469450950623
            },
            {
                "x": 0.9351598620414734,
                "y": 0.590714693069458,
                "z": -1.1211868524551392,
                "visibility": 0.9884184002876282
            },
            {
                "x": 0.2895885109901428,
                "y": 0.5990532636642456,
                "z": -0.24587930738925934,
                "visibility": 0.9911433458328247
            },
            {
                "x": 1.055843710899353,
                "y": 0.9865413308143616,
                "z": -1.1459161043167114,
                "visibility": 0.19813404977321625
            },
            {
                "x": 0.18776533007621765,
                "y": 0.933176577091217,