{
    "face": {
        "face_count": 1,
        "face_embeddings": [
            [
                -0.07634392380714417,
                0.07140567898750305,
                0.02475769817829132,
                -0.06996413320302963,
                -0.1363513022661209,
                -0.023463523015379906,
                -0.03650236874818802,
                -0.060919247567653656,
                0.14301715791225433,
                -0.12035961449146271,
                0.18766574561595917,
                -0.05751530081033707,
                -0.2270708680152893,
                0.01816285401582718,
                -0.0952330157160759,
                0.2019180804491043,
                -0.1714998036623001,
                -0.18649601936340332,
                -0.08559644222259521,
                0.06707078963518143,
                0.13368362188339233,
                0.039761509746313095,
                -0.026066888123750687,
                0.0910739079117775,
                -0.12153808772563934,
                -0.34290462732315063,
                -0.12988129258155823,
                -0.07223767042160034,
                -0.0023147976025938988,
                -0.07073169946670532,
                -0.028979917988181114,
                -0.06264686584472656,
                -0.1827530413866043,
                -0.022909974679350853,
                0.04298438876867294,
                0.04811296612024307,
                -0.007265963591635227,
                -0.1626804918050766,
                0.14893017709255219,
                0.015117856673896313,
                -0.3522234261035919,
                0.09632396697998047,
                0.08071371912956238,
                0.26735734939575195,
                0.17909425497055054,
                0.04447813704609871,
                -0.002902684733271599,
                -0.16690996289253235,
                0.1193152442574501,
                -0.18712927401065826,
                0.030765235424041748,
                0.14837755262851715,
                0.05846469849348068,
                0.07843854278326035,
                -0.008434307761490345,
                -0.12960682809352875,
                0.0675908625125885,
                0.1555631309747696,
                -0.21932846307754517,
                -0.02179095707833767,
                0.07330681383609772,
                -0.014827491715550423,
                0.06085226312279701,
                -0.10925029963254929,
                0.19260378181934357,
                0.0434434711933136,
                -0.15129895508289337,
                -0.15699055790901184,
                0.13658370077610016,
                -0.20325712859630585,
                -0.03619230538606644,
                0.0651623085141182,
                -0.18148308992385864,
                -0.2550586760044098,
                -0.2718433737754822,
                0.022095460444688797,
                0.40627461671829224,
                0.2065952718257904,
                -0.16110597550868988,
                0.0780486911535263,
                -0.0242708008736372,
                0.05262337625026703,
                0.10427941381931305,
                0.19406241178512573,
                0.03125155717134476,
                0.07580860704183578,
                -0.1046236902475357,
                0.05421437323093414,
                0.25267472863197327,
                -0.08219468593597412,
                -0.006241432391107082,
                0.26410096883773804,
                0.02226698212325573,
                0.006169131025671959,
                0.034169379621744156,
                0.05782951042056084,
                -0.10281677544116974,
                0.008490964770317078,
                -0.16565726697444916,
                0.0019728178158402443,
                -0.017080318182706833,
                0.05903351679444313,
                -0.0067736306227743626,
                0.10582181066274643,
                -0.09762027859687805,
                0.11530739068984985,
                0.009245829656720161,
                -0.023267053067684174,
                -0.06353349983692169,
                -0.007621247787028551,
                -0.07404043525457382,
                -0.08155818283557892,
                0.10675773024559021,
                -0.17805124819278717,
                0.19692674279212952,
                0.16418196260929108,
                0.10382543504238129,
                0.10467026382684708,
                0.1199999526143074,
                0.04072550684213638,
                -0.01377196703106165,
                -0.06836123764514923,
                -0.22218862175941467,
                -0.00917662400752306,
                0.1296570599079132,
                -0.036793891340494156,
                0.16216127574443817,
                -0.02547079138457775
            ]
        ]
    },
    "hand": {
        "hand_count": 0,
        "hand_landmarks": []
    },
    "body": {
        "landmark_count": 33,
        "landmarks": [
            {
                "x": 0.7829984426498413,
                "y": 0.28897106647491455,
                "z": -1.155375361442566,
                "visibility": 0.9984508752822876
            },
            {
                "x": 0.737870991230011,
                "y": 0.23897278308868408,
                "z": -1.0257577896118164,
                "visibility": 0.9969603419303894
            },
            {
                "x": 0.735784113407135,
                "y": 0.23804450035095215,
                "z": -1.0265878438949585,
                "visibility": 0.9979070425033569
            },
            {
                "x": 0.733031690120697,
                "y": 0.23698294162750244,
                "z": -1.0271832942962646,
                "visibility": 0.9973378777503967
            },
            {
                "x": 0.7082369923591614,
                "y": 0.2435169219970703,
                "z": -1.3063660860061646,
                "visibility": 0.9978975057601929
            },
            {
                "x": 0.6868695616722107,
                "y": 0.24550855159759521,
                "z": -1.3071237802505493,
                "visibility": 0.998670220375061
            },
            {
                "x": 0.6622024774551392,
                "y": 0.24804949760437012,
                "z": -1.3087069988250732,
                "visibility": 0.9981890320777893
            },
            {
                "x": 0.622439444065094,
                "y": 0.27262771129608154,
                "z": -0.4213625490665436,
                "visibility": 0.9979149699211121
            },
            {
                "x": 0.5150896310806274,
                "y": 0.2911726236343384,
                "z": -1.6469593048095703,
                "visibility": 0.999099612236023
            },
            {
                "x": 0.7767773866653442,
                "y": 0.351587176322937,
                "z": -0.9107384085655212,
                "visibility": 0.9975101947784424
            },
            {
                "x": 0.740230917930603,
                "y": 0.35433876514434814,
                "z": -1.2655426263809204,
                "visibility": 0.9988704323768616
            },
            {
                "x": 0.753778338432312,
                "y": 0.6234226822853088,
                "z": 0.3226642608642578,
                "visibility": 0.980529248714447
            },
            {
                "x": 0.19185152649879456,
                "y": 0.6791648864746094,
                "z": -1.9987748861312866,
                "visibility": 0.9945520758628845
            },
            {
                "x": 0.6885624527931213,
                "y": 0.9741568565368652,
                "z": 0.8670374155044556,
                "visibility": 0.019886456429958344
            },
            {
                "x": -0.03472238779067993,
                "y": 1.1370346546173096,