{
    "face": {
        "face_count": 1,
        "face_embeddings": [
            [
                -0.13448067009449005,
                0.06715553998947144,
                0.04845700412988663,
                0.026406265795230865,
                -0.10345207899808884,
                0.005283457227051258,
                -0.08810082823038101,
                -0.18652889132499695,
                0.08050739765167236,
                -0.17498594522476196,
                0.19758199155330658,
                -0.05657833069562912,
                -0.22610510885715485,
                -0.07989296317100525,
                -0.07519877701997757,
                0.16489452123641968,
                -0.09172122925519943,
                -0.11363545060157776,
                -0.019521722570061684,
                0.016156870871782303,
                0.13576598465442657,
                -0.015124578960239887,
                0.040130939334630966,
                0.04156307131052017,
                -0.0867263600230217,
                -0.2762141823768616,
                -0.15485353767871857,
                -0.09146734327077866,
                -0.06875431537628174,
                -0.03727179393172264,
                -0.0760614201426506,
                -0.07619952410459518,
                -0.16049081087112427,
                -0.009561773389577866,
                -0.02189556136727333,
                0.05702663213014603,
                -0.036650948226451874,
                -0.04284028708934784,
                0.18254008889198303,
                -0.048916082829236984,
                -0.2684583067893982,
                0.023827258497476578,
                0.053927578032016754,
                0.20816345512866974,
                0.15588855743408203,
                0.06462179124355316,
                -0.04037844389677048,
                -0.16971959173679352,
                0.1250624805688858,
                -0.166274756193161,
                0.13727565109729767,
                0.12608282268047333,
                0.12865152955055237,
                0.038274217396974564,
                -0.0005546575412154198,
                -0.11524173617362976,
                0.06643785536289215,
                0.17260245978832245,
                -0.14960765838623047,
                0.03334931656718254,
                0.11738181859254837,
                -0.10281449556350708,
                0.013691093772649765,
                -0.03379940986633301,
                0.22399099171161652,
                0.1347709745168686,
                -0.10900745540857315,
                -0.18240660429000854,
                0.1191285252571106,
                -0.17349334061145782,
                -0.05751708522439003,
                0.08151703327894211,
                -0.13761816918849945,
                -0.241097092628479,
                -0.3144136071205139,
                0.026854366064071655,
                0.41493868827819824,
                0.14170703291893005,
                -0.196209117770195,
                -0.0034561529755592346,
                -0.07910321652889252,
                0.005340998526662588,
                0.18586106598377228,
                0.15828247368335724,
                0.024954332038760185,
                -0.0474516935646534,
                -0.12508563697338104,
                -0.04395383596420288,
                0.22940385341644287,
                -0.10098841786384583,
                -0.019549809396266937,
                0.26010045409202576,
                0.034883640706539154,
                0.026197729632258415,
                0.012684072367846966,
                0.036329057067632675,
                -0.07773732393980026,
                0.04224655404686928,
                -0.10671371221542358,
                0.000244922935962677,
                -0.028620056807994843,
                -0.034666355699300766,
                -0.015621315687894821,
                0.0844993069767952,
                -0.18255546689033508,
                0.12344393879175186,
                -0.006111694499850273,
                0.013159260153770447,
                0.018409915268421173,
                -0.08147792518138885,
                -0.13907741010189056,
                -0.05909225717186928,
                0.1264904886484146,
                -0.23361177742481232,
                0.16916720569133759,
                0.12150312960147858,
                0.09578429907560349,
                0.1451893448829651,
                0.13760879635810852,
                0.13071197271347046,
                0.0017286501824855804,
                -0.07340823113918304,
                -0.27019086480140686,
                0.016573095694184303,
                0.15069344639778137,
                -0.051979586482048035,
                0.08862069994211197,
                0.033063583076000214
            ]
        ]
    },
    "hand": {
        "hand_count": 0,
        "hand_landmarks": []
    },
    "body": {
        "landmark_count": 33,
        "landmarks": [
            {
                "x": 0.49691706895828247,
                "y": 0.40291643142700195,
                "z": -0.8174092769622803,
                "visibility": 0.9996579885482788
            },
            {
                "x": 0.4997059106826782,
                "y": 0.33312690258026123,
                "z": -0.7416309714317322,
                "visibility": 0.9993477463722229
            },
            {
                "x": 0.510657787322998,
                "y": 0.330519437789917,
                "z": -0.7416707873344421,
                "visibility": 0.9992941617965698
            },
            {
                "x": 0.5204904079437256,
                "y": 0.3283665180206299,
                "z": -0.7420133948326111,
                "visibility": 0.999295711517334
            },
            {
                "x": 0.45455610752105713,
                "y": 0.33973953127861023,
                "z": -0.7871220707893372,
                "visibility": 0.9995195865631104
            },
            {
                "x": 0.4306199550628662,
                "y": 0.34219929575920105,
                "z": -0.7869229912757874,
                "visibility": 0.9995607733726501
            },
            {
                "x": 0.40369999408721924,
                "y": 0.3457162380218506,
                "z": -0.7875463962554932,
                "visibility": 0.9995812773704529
            },
            {
                "x": 0.5054230093955994,
                "y": 0.35827505588531494,
                "z": -0.35605090856552124,
                "visibility": 0.9991098046302795
            },
            {
                "x": 0.3369072377681732,
                "y": 0.38249334692955017,
                "z": -0.5371531248092651,
                "visibility": 0.9996753931045532
            },
            {
                "x": 0.514589786529541,
                "y": 0.4817389249801636,
                "z": -0.6744509339332581,
                "visibility": 0.9996978044509888
            },
            {
                "x": 0.45985472202301025,
                "y": 0.4936192035675049,
                "z": -0.7273831367492676,
                "visibility": 0.999804675579071
            },
            {
                "x": 0.6475570797920227,
                "y": 0.8508944511413574,
                "z": -0.14243468642234802,
                "visibility": 0.9981062412261963
            },
            {
                "x": 0.14571164548397064,
                "y": 0.9139487743377686,
                "z": -0.5191686153411865,
                "visibility": 0.9990556836128235
            },
            {
                "x": 0.7720963954925537,
                "y": 1.3405629396438599,
                "z": 0.012014536187052727,
                "visibility": 0.14321348071098328
            },
            {
                "x": 0.10082563757896423,