{
    "face": {
        "face_count": 1,
        "face_embeddings": [
            [
                -0.16148775815963745,
                0.09443535655736923,
                0.07410116493701935,
                0.027486832812428474,
                -0.11436586081981659,
                0.0286247581243515,
                -0.08658256381750107,
                -0.10307028889656067,
                0.04532526805996895,
                -0.18118321895599365,
                0.22194907069206238,
                -0.04876042529940605,
                -0.24931789934635162,
                -0.06765803694725037,
                -0.08875157684087753,
                0.14841996133327484,
                -0.07331213355064392,
                -0.1298997849225998,
                0.0007146503776311874,
                0.04182321950793266,
                0.18470090627670288,
                0.045476123690605164,
                -0.01916096732020378,
                0.00655846344307065,
                -0.12338072806596756,
                -0.2837052047252655,
                -0.1469755470752716,
                -0.048600323498249054,
                -0.055215541273355484,
                -0.07091038674116135,
                -0.059628941118717194,
                -0.09371333569288254,
                -0.18647518754005432,
                -0.03374359384179115,
                -0.0100664421916008,
                0.06044485419988632,
                -0.058970581740140915,
                -0.04679997265338898,
                0.1500566005706787,
                0.009013615548610687,
                -0.2511961758136749,
                0.023803886026144028,
                0.07030117511749268,
                0.2462184578180313,
                0.1174096018075943,
                0.08610387146472931,
                -0.015026947483420372,
                -0.19545294344425201,
                0.0967027097940445,
                -0.19921131432056427,
                0.1143607646226883,
                0.16221505403518677,
                0.13295604288578033,
                0.07051774114370346,
                0.02095639333128929,
                -0.10283945500850677,
                0.05825670063495636,
                0.16525983810424805,
                -0.14371995627880096,
                0.06311247497797012,
                0.0890573263168335,
                -0.04842235893011093,
                0.027242407202720642,
                -0.077227883040905,
                0.19147589802742004,
                0.061320483684539795,
                -0.07972471415996552,
                -0.19024664163589478,
                0.1692013144493103,
                -0.1506396234035492,
                -0.08256866037845612,
                0.14217068254947662,
                -0.12377270311117172,
                -0.26525458693504333,
                -0.26125413179397583,
                0.06149160861968994,
                0.39914393424987793,
                0.162065327167511,
                -0.14029809832572937,
                0.03589644655585289,
                -0.04504118487238884,
                -0.02623632922768593,
                0.14706678688526154,
                0.1499657779932022,
                0.0523773618042469,
                -0.03855297714471817,
                -0.07641497999429703,
                0.023986205458641052,
                0.26193946599960327,
                -0.10216261446475983,
                -0.0007264851592481136,
                0.22316278517246246,
                0.050126951187849045,
                0.0106851477175951,
                0.040861912071704865,
                0.020682668313384056,
                -0.07404059916734695,
                0.0540987029671669,
                -0.09961704909801483,
                -0.006239818874746561,
                -0.021591510623693466,
                -0.060917504131793976,
                -0.019908873364329338,
                0.09586609154939651,
                -0.144204780459404,
                0.1244879886507988,
                -0.014113925397396088,
                -0.03082042932510376,
                0.0019766846671700478,
                -0.08281932026147842,
                -0.1357448250055313,
                -0.029861409217119217,
                0.112408347427845,
                -0.22989456355571747,
                0.2082853615283966,
                0.12721753120422363,
                0.06952925771474838,
                0.12122808396816254,
                0.1416255086660385,
                0.12908880412578583,
                0.023718683049082756,
                -0.08109167963266373,
                -0.26149851083755493,
                -0.0319490022957325,
                0.1431313306093216,
                -0.07355646789073944,
                0.07670053094625473,
                -0.023646052926778793
            ]
        ]
    },
    "hand": {
        "hand_count": 0,
        "hand_landmarks": []
    },
    "body": {
        "landmark_count": 33,
        "landmarks": [
            {
                "x": 0.4504857659339905,
                "y": 0.4141761064529419,
                "z": -2.3114476203918457,
                "visibility": 0.996982991695404
            },
            {
                "x": 0.5133028030395508,
                "y": 0.3457604646682739,
                "z": -2.196345567703247,
                "visibility": 0.9940401315689087
            },
            {
                "x": 0.5569934248924255,
                "y": 0.34366023540496826,
                "z": -2.1970553398132324,
                "visibility": 0.9940869808197021
            },
            {
                "x": 0.5888963937759399,
                "y": 0.3428535461425781,
                "z": -2.198184013366699,
                "visibility": 0.9927148222923279
            },
            {
                "x": 0.3960396945476532,
                "y": 0.35354363918304443,
                "z": -2.1667561531066895,
                "visibility": 0.9946215152740479
            },
            {
                "x": 0.36482346057891846,
                "y": 0.35641252994537354,
                "z": -2.1662003993988037,
                "visibility": 0.9955969452857971
            },
            {
                "x": 0.3402256369590759,
                "y": 0.35954487323760986,
                "z": -2.167482376098633,
                "visibility": 0.9956381916999817
            },
            {
                "x": 0.6689271330833435,
                "y": 0.3698270320892334,
                "z": -1.3674615621566772,
                "visibility": 0.991523265838623
            },
            {
                "x": 0.34120407700538635,
                "y": 0.38749265670776367,
                "z": -1.1826943159103394,
                "visibility": 0.9966928958892822
            },
            {
                "x": 0.5498163104057312,
                "y": 0.4904775619506836,
                "z": -2.002178192138672,
                "visibility": 0.9987626075744629
            },
            {
                "x": 0.41537997126579285,
                "y": 0.5034875869750977,
                "z": -1.948665738105774,
                "visibility": 0.998995840549469
            },
            {
                "x": 0.9697402715682983,
                "y": 0.7658030986785889,
                "z": -0.8734168410301208,
                "visibility": 0.9840636253356934
            },
            {
                "x": 0.13453570008277893,
                "y": 0.7833136916160583,
                "z": -0.7540517449378967,
                "visibility": 0.9973160624504089
            },
            {
                "x": 1.2166736125946045,
                "y": 1.203788161277771,
                "z": -1.0499082803726196,
                "visibility": 0.14703531563282013
            },
            {
                "x": -0.05593818426132202,
                "y": 1.2179615497589111,