{
    "face": {
        "face_count": 1,
        "face_embeddings": [
            [
                -0.1141243502497673,
                0.06015854328870773,
                -0.007424842566251755,
                0.00368974800221622,
                -0.0788811594247818,
                -0.03486636281013489,
                -0.07995280623435974,
                -0.12051518261432648,
                0.09405388683080673,
                -0.17317701876163483,
                0.17098082602024078,
                -0.04012021794915199,
                -0.1832532435655594,
                -0.07027311623096466,
                -0.07399144768714905,
                0.1506325602531433,
                -0.19561967253684998,
                -0.18327538669109344,
                -0.015903227031230927,
                0.05598331242799759,
                0.17508579790592194,
                -0.020420309156179428,
                0.0026961807161569595,
                0.05456475168466568,
                -0.14857985079288483,
                -0.2851438820362091,
                -0.16993911564350128,
                -0.08105915784835815,
                -0.0022161491215229034,
                -0.026035912334918976,
                -0.0464479923248291,
                -0.06395559012889862,
                -0.21453945338726044,
                -0.02884533442556858,
                0.0050131166353821754,
                0.031695302575826645,
                -0.025804951786994934,
                -0.05284849554300308,
                0.20623908936977386,
                -0.0004955893382430077,
                -0.267025351524353,
                0.09751112759113312,
                0.08389806747436523,
                0.2497105747461319,
                0.18238407373428345,
                0.07510338723659515,
                -0.03442646563053131,
                -0.16453315317630768,
                0.09539216756820679,
                -0.17185230553150177,
                0.12809431552886963,
                0.17307516932487488,
                0.11184989660978317,
                0.09340675920248032,
                0.018976546823978424,
                -0.1250501275062561,
                0.07579660415649414,
                0.13426920771598816,
                -0.170976459980011,
                0.0400058887898922,
                0.06942248344421387,
                -0.02409963682293892,
                0.028887825086712837,
                -0.03777230530977249,
                0.21729125082492828,
                0.08736678212881088,
                -0.09348539263010025,
                -0.22757232189178467,
                0.17001083493232727,
                -0.17560788989067078,
                -0.07783006131649017,
                0.1029871478676796,
                -0.13976791501045227,
                -0.21505071222782135,
                -0.28175199031829834,
                0.021181222051382065,
                0.3851403594017029,
                0.1322358101606369,
                -0.152524933218956,
                0.10554207116365433,
                -0.041228242218494415,
                -0.05107511952519417,
                0.14264808595180511,
                0.15667381882667542,
                0.015137964859604836,
                -0.010812928900122643,
                -0.07822935283184052,
                0.033148229122161865,
                0.2331123948097229,
                -0.04884004592895508,
                -0.03540760651230812,
                0.23199713230133057,
                0.03694013133645058,
                -0.004256356507539749,
                0.0678766667842865,
                0.019173184409737587,
                -0.06202518939971924,
                0.046064455062150955,
                -0.14099794626235962,
                -0.008625698275864124,
                0.01617429032921791,
                -0.008582081645727158,
                -0.04161817207932472,
                0.11793746054172516,
                -0.12619061768054962,
                0.10858038812875748,
                -0.0028801653534173965,
                -0.01189104001969099,
                -0.027031216770410538,
                -0.026290327310562134,
                -0.1605810523033142,
                -0.035634685307741165,
                0.08424054086208344,
                -0.2587820589542389,
                0.24573618173599243,
                0.11678066849708557,
                0.08681658655405045,
                0.08536802977323532,
                0.12679140269756317,
                0.07991071045398712,
                0.013725104741752148,
                -0.038704611361026764,
                -0.28461289405822754,
                -0.003115661907941103,
                0.1383114457130432,
                -0.048977162688970566,
                0.12066398561000824,
                0.021949011832475662
            ]
        ]
    },
    "hand": {
        "hand_count": 0,
        "hand_landmarks": []
    },
    "body": {
        "landmark_count": 33,
        "landmarks": [
            {
                "x": 0.6677303314208984,
                "y": 0.33521056175231934,
                "z": -1.0837911367416382,
                "visibility": 0.9991170763969421
            },
            {
                "x": 0.6464259624481201,
                "y": 0.27598392963409424,
                "z": -0.9656857252120972,
                "visibility": 0.998053789138794
            },
            {
                "x": 0.6550186276435852,
                "y": 0.2755392789840698,
                "z": -0.9662806987762451,
                "visibility": 0.9985283613204956
            },
            {
                "x": 0.6616536974906921,
                "y": 0.2753251791000366,
                "z": -0.9664359092712402,
                "visibility": 0.9981243014335632
            },
            {
                "x": 0.5917626619338989,
                "y": 0.27546215057373047,
                "z": -1.2025295495986938,
                "visibility": 0.9986441731452942
            },
            {
                "x": 0.5596379637718201,
                "y": 0.2756974697113037,
                "z": -1.2027591466903687,
                "visibility": 0.9991334080696106
            },
            {
                "x": 0.5201855897903442,
                "y": 0.2773463726043701,
                "z": -1.2040989398956299,
                "visibility": 0.9988129138946533
            },
            {
                "x": 0.5737839341163635,
                "y": 0.2996509075164795,
                "z": -0.3414081931114197,
                "visibility": 0.998178243637085
            },
            {
                "x": 0.37437519431114197,
                "y": 0.3101707696914673,
                "z": -1.3730508089065552,
                "visibility": 0.9993890523910522
            },
            {
                "x": 0.6629477739334106,
                "y": 0.401578426361084,
                "z": -0.8301661610603333,
                "visibility": 0.9988279938697815
            },
            {
                "x": 0.5982339382171631,
                "y": 0.40725278854370117,
                "z": -1.1278109550476074,
                "visibility": 0.999388575553894
            },
            {
                "x": 0.6402315497398376,
                "y": 0.6897621750831604,
                "z": 0.38728201389312744,
                "visibility": 0.9857930541038513
            },
            {
                "x": 0.1327027529478073,
                "y": 0.7086132764816284,
                "z": -1.71978759765625,
                "visibility": 0.9968520998954773
            },
            {
                "x": 0.618228018283844,
                "y": 1.0596563816070557,
                "z": 0.7917648553848267,
                "visibility": 0.019004100933670998
            },
            {
                "x": -9.211897850036621e-05,
                "y": 1.2116223573684692,