{
    "face": {
        "face_count": 1,
        "face_embeddings": [
            [
                -0.10471677780151367,
                0.07750341296195984,
                -0.0009899074211716652,
                -0.05900260806083679,
                -0.1665266454219818,
                0.0277456883341074,
                -0.047476399689912796,
                -0.09523800760507584,
                0.08984699845314026,
                -0.1620476245880127,
                0.21426154673099518,
                -0.09560772776603699,
                -0.25059571862220764,
                -0.03836604207754135,
                -0.09050822257995605,
                0.17039524018764496,
                -0.1352301836013794,
                -0.14300860464572906,
                -0.03308776021003723,
                0.04938013106584549,
                0.15695148706436157,
                0.05586094781756401,
                -0.023983456194400787,
                0.0680588111281395,
                -0.17851293087005615,
                -0.2549341917037964,
                -0.1435241848230362,
                -0.08115659654140472,
                -0.08422188460826874,
                -0.07907785475254059,
                -0.03822754696011543,
                -0.052182164043188095,
                -0.17196473479270935,
                -0.008695755153894424,
                0.019577480852603912,
                0.04630999267101288,
                -0.04903218895196915,
                -0.06412871181964874,
                0.1562589555978775,
                0.016794171184301376,
                -0.2615267336368561,
                0.09276476502418518,
                0.08112411201000214,
                0.23367911577224731,
                0.15831737220287323,
                0.046509213745594025,
                -0.016143370419740677,
                -0.2225988656282425,
                0.09357644617557526,
                -0.18665125966072083,
                0.05826975405216217,
                0.17771875858306885,
                0.050933267921209335,
                0.06543594598770142,
                0.021785687655210495,
                -0.1131223663687706,
                0.03646331652998924,
                0.1677006036043167,
                -0.13282977044582367,
                0.029067151248455048,
                0.09792213141918182,
                -0.013772562146186829,
                0.017232399433851242,
                -0.14481091499328613,
                0.20701147615909576,
                0.0477835051715374,
                -0.1287412941455841,
                -0.22272297739982605,
                0.13386306166648865,
                -0.1832823008298874,
                -0.12321656197309494,
                0.12290599942207336,
                -0.14693813025951385,
                -0.2347828447818756,
                -0.25906944274902344,
                0.02763255685567856,
                0.38123852014541626,
                0.16887059807777405,
                -0.18359453976154327,
                0.06942218542098999,
                -0.06192409619688988,
                -0.0017983736470341682,
                0.12693947553634644,
                0.14350038766860962,
                0.06656714528799057,
                -0.022421259433031082,
                -0.0877978503704071,
                0.011374310590326786,
                0.2561452090740204,
                -0.11555177718400955,
                0.030933860689401627,
                0.25349611043930054,
                0.03423347324132919,
                0.017631512135267258,
                0.050253406167030334,
                0.0032312674447894096,
                -0.11573734879493713,
                0.04418053478002548,
                -0.09487617760896683,
                0.011466814205050468,
                -0.030763551592826843,
                -0.06016116216778755,
                -0.01924036256968975,
                0.10406070947647095,
                -0.12423072755336761,
                0.15758751332759857,
                -0.03292006626725197,
                -0.02539367973804474,
                -0.044160548597574234,
                -0.0473446324467659,
                -0.12158750742673874,
                -0.008550416678190231,
                0.1484505981206894,
                -0.2505669891834259,
                0.21662551164627075,
                0.09721692651510239,
                0.06655297428369522,
                0.09829442203044891,
                0.1520761102437973,
                0.14041942358016968,
                -0.04793307185173035,
                -0.011074290610849857,
                -0.2626640200614929,
                -0.01688818633556366,
                0.12679721415042877,
                -0.08595167845487595,
                0.1161922961473465,
                -0.02485223300755024
            ]
        ]
    },
    "hand": {
        "hand_count": 0,
        "hand_landmarks": []
    },
    "body": {
        "landmark_count": 33,
        "landmarks": [
            {
                "x": 0.3708686828613281,
                "y": 0.49797868728637695,
                "z": -2.6354081630706787,
                "visibility": 0.9982883334159851
            },
            {
                "x": 0.4695450961589813,
                "y": 0.4173513650894165,
                "z": -2.584522247314453,
                "visibility": 0.9979388117790222
            },
            {
                "x": 0.5312730073928833,
                "y": 0.4185694456100464,
                "z": -2.5860204696655273,
                "visibility": 0.9973284006118774
            },
            {
                "x": 0.592126190662384,
                "y": 0.4225144386291504,
                "z": -2.5870230197906494,
                "visibility": 0.9978171586990356
            },
            {
                "x": 0.32920557260513306,
                "y": 0.41563498973846436,
                "z": -2.4036154747009277,
                "visibility": 0.9976280331611633
            },
            {
                "x": 0.29217109084129333,
                "y": 0.41519665718078613,
                "z": -2.4022836685180664,
                "visibility": 0.9967164397239685
            },
            {
                "x": 0.26166412234306335,
                "y": 0.41557326912879944,
                "z": -2.403390645980835,
                "visibility": 0.9970441460609436
            },
            {
                "x": 0.7219916582107544,
                "y": 0.4694758653640747,
                "z": -1.8827571868896484,
                "visibility": 0.9980584979057312
            },
            {
                "x": 0.30681371688842773,
                "y": 0.4520242214202881,
                "z": -1.007328748703003,
                "visibility": 0.9960290193557739
            },
            {
                "x": 0.5076519250869751,
                "y": 0.5998102426528931,
                "z": -2.3580498695373535,
                "visibility": 0.9988844990730286
            },
            {
                "x": 0.3269372582435608,
                "y": 0.5879309177398682,
                "z": -2.107706308364868,
                "visibility": 0.9982489347457886
            },
            {
                "x": 1.0027012825012207,
                "y": 0.9842329025268555,
                "z": -1.6918145418167114,
                "visibility": 0.9611776471138
            },
            {
                "x": 0.16972261667251587,
                "y": 0.9280107021331787,
                "z": 0.06710661947727203,
                "visibility": 0.9810898900032043
            },
            {
                "x": 1.2861967086791992,
                "y": 1.4960682392120361,
                "z": -2.045740842819214,
                "visibility": 0.13197427988052368
            },
            {
                "x": 0.06975844502449036,
                "y": 1.4487171173095703,