{
    "face": {
        "face_count": 1,
        "face_embeddings": [
            [
                -0.09909113496541977,
                0.08063435554504395,
                0.011598305776715279,
                0.023788785561919212,
                -0.10649563372135162,
                0.0058764247223734856,
                -0.07491979002952576,
                -0.12626607716083527,
                0.10484744608402252,
                -0.15573734045028687,
                0.22145812213420868,
                -0.06603045761585236,
                -0.21416522562503815,
                -0.08143360167741776,
                -0.13091692328453064,
                0.16736836731433868,
                -0.10406182706356049,
                -0.1499803215265274,
                -0.02006339468061924,
                0.057537809014320374,
                0.1899166703224182,
                -0.01224492583423853,
                0.0032023205421864986,
                0.06788027286529541,
                -0.1254812479019165,
                -0.2815760374069214,
                -0.12404336780309677,
                -0.06690478324890137,
                -0.043241649866104126,
                -0.09766565263271332,
                -0.06872747093439102,
                -0.04772794619202614,
                -0.19867943227291107,
                -0.017555229365825653,
                -0.01952245831489563,
                0.04668230190873146,
                -0.04282287135720253,
                -0.028572354465723038,
                0.1976628601551056,
                0.011254286393523216,
                -0.2977330684661865,
                0.06755892932415009,
                0.028175801038742065,
                0.25128042697906494,
                0.1735323667526245,
                0.06915699690580368,
                -0.011628203094005585,
                -0.18797513842582703,
                0.10180647671222687,
                -0.156881183385849,
                0.12489181756973267,
                0.18147432804107666,
                0.13283833861351013,
                0.057564422488212585,
                -0.015513993799686432,
                -0.10566107928752899,
                0.02977466769516468,
                0.1583879590034485,
                -0.11913786828517914,
                0.051525674760341644,
                0.09346549212932587,
                -0.06138668954372406,
                0.03411804139614105,
                -0.05408083647489548,
                0.18800203502178192,
                0.051739975810050964,
                -0.1065368577837944,
                -0.1999923437833786,
                0.14690329134464264,
                -0.188210591673851,
                -0.09480912983417511,
                0.11744208633899689,
                -0.12332583963871002,
                -0.24967753887176514,
                -0.308696448802948,
                0.028054960072040558,
                0.416736900806427,
                0.13220234215259552,
                -0.20541715621948242,
                0.043874066323041916,
                -0.047399137169122696,
                -0.026693278923630714,
                0.1533142477273941,
                0.18601006269454956,
                0.033264368772506714,
                0.00020027905702590942,
                -0.1135505959391594,
                -0.014234468340873718,
                0.2610706388950348,
                -0.0776292085647583,
                -0.03293726220726967,
                0.2501765191555023,
                0.032950956374406815,
                0.008427451364696026,
                0.03785199299454689,
                0.03834531083703041,
                -0.06405274569988251,
                0.05921582505106926,
                -0.09554432332515717,
                -0.012823239900171757,
                -0.02370016649365425,
                -0.03326339274644852,
                -0.05303719639778137,
                0.08914975821971893,
                -0.15174901485443115,
                0.1487436443567276,
                -0.01874723471701145,
                0.01758885569870472,
                -0.018278855830430984,
                -0.049767088145017624,
                -0.14567473530769348,
                -0.04057655483484268,
                0.12191196531057358,
                -0.23436424136161804,
                0.2056872844696045,
                0.12113989144563675,
                0.12072215974330902,
                0.10180151462554932,
                0.15799500048160553,
                0.11168329417705536,
                0.027539782226085663,
                -0.06340766698122025,
                -0.26494908332824707,
                -0.01342704426497221,
                0.1346490979194641,
                -0.06927450746297836,
                0.12041246891021729,
                0.004560733214020729
            ]
        ]
    },
    "hand": {
        "hand_count": 0,
        "hand_landmarks": []
    },
    "body": {
        "landmark_count": 33,
        "landmarks": [
            {
                "x": 0.6191632151603699,
                "y": 0.4267253875732422,
                "z": -3.636875867843628,
                "visibility": 0.9990334510803223
            },
            {
                "x": 0.6799756288528442,
                "y": 0.3442169427871704,
                "z": -3.3698792457580566,
                "visibility": 0.9984161853790283
            },
            {
                "x": 0.7198966145515442,
                "y": 0.34793686866760254,
                "z": -3.371286153793335,
                "visibility": 0.9987201690673828
            },
            {
                "x": 0.7587170004844666,
                "y": 0.35273754596710205,
                "z": -3.3727312088012695,
                "visibility": 0.9982545971870422
            },
            {
                "x": 0.5250658988952637,
                "y": 0.3316779136657715,
                "z": -3.4500601291656494,
                "visibility": 0.9983969330787659
            },
            {
                "x": 0.4525465965270996,
                "y": 0.3282163143157959,
                "z": -3.4487812519073486,
                "visibility": 0.9988524913787842
            },
            {
                "x": 0.38305649161338806,
                "y": 0.3273230791091919,
                "z": -3.4507038593292236,
                "visibility": 0.9985048770904541
            },
            {
                "x": 0.7660520672798157,
                "y": 0.4051074981689453,
                "z": -1.7967331409454346,
                "visibility": 0.9985462427139282
            },
            {
                "x": 0.2308570295572281,
                "y": 0.3806889057159424,
                "z": -2.079996347427368,
                "visibility": 0.9992555975914001
            },
            {
                "x": 0.6642120480537415,
                "y": 0.5609802007675171,
                "z": -3.0449628829956055,
                "visibility": 0.9994187355041504
            },
            {
                "x": 0.46469777822494507,
                "y": 0.5459154844284058,
                "z": -3.1295266151428223,
                "visibility": 0.999539852142334
            },
            {
                "x": 0.9910789728164673,
                "y": 1.007943868637085,
                "z": -0.7177582383155823,
                "visibility": 0.9961819648742676
            },
            {
                "x": -0.23621544241905212,
                "y": 0.9377834796905518,
                "z": -1.6350362300872803,
                "visibility": 0.9958475828170776
            },
            {
                "x": 1.3072556257247925,
                "y": 1.635069727897644,
                "z": -0.8444028496742249,
                "visibility": 0.10197928547859192
            },
            {
                "x": -0.660041093826294,
                "y": 1.6140823364257812,