{
    "face": {
        "face_count": 2,
        "face_embeddings": [
            [
                -0.16647867858409882,
                0.11635687947273254,
                0.035376522690057755,
                -0.04161524772644043,
                -0.09930166602134705,
                0.02149118296802044,
                -0.0902898907661438,
                -0.1462506353855133,
                0.07854876667261124,
                -0.17982497811317444,
                0.2335927039384842,
                -0.06480962783098221,
                -0.2570560574531555,
                -0.08533633500337601,
                -0.07717806845903397,
                0.1576378494501114,
                -0.09480582922697067,
                -0.13005481660366058,
                -0.02058286964893341,
                0.05943010747432709,
                0.1574881225824356,
                0.02592032589018345,
                0.013514788821339607,
                0.044619958847761154,
                -0.1381487101316452,
                -0.26820871233940125,
                -0.16313906013965607,
                -0.05547688901424408,
                -0.05897035077214241,
                -0.08031945675611496,
                -0.09675384312868118,
                -0.05844772607088089,
                -0.1719304621219635,
                -0.02578553557395935,
                0.009496422484517097,
                0.1175583153963089,
                -0.02601875178515911,
                -0.029703134670853615,
                0.1524047702550888,
                0.014833402819931507,
                -0.2519029676914215,
                0.053377702832221985,
                0.03288637846708298,
                0.2885678708553314,
                0.19024233520030975,
                0.0509585402905941,
                -0.02268432267010212,
                -0.18113873898983002,
                0.12960229814052582,
                -0.19257712364196777,
                0.09329600632190704,
                0.14062990248203278,
                0.09076543152332306,
                0.060251884162425995,
                0.011724739335477352,
                -0.08703919500112534,
                0.03881746530532837,
                0.1818741112947464,
                -0.12027646601200104,
                0.03734434023499489,
                0.10407152026891708,
                -0.07732133567333221,
                0.02182610332965851,
                -0.07643825560808182,
                0.1993389129638672,
                0.0987236499786377,
                -0.11257313191890717,
                -0.22825133800506592,
                0.1481948047876358,
                -0.15649056434631348,
                -0.08809950947761536,
                0.14508649706840515,
                -0.1678852140903473,
                -0.21774928271770477,
                -0.26200661063194275,
                0.04318298399448395,
                0.4148053824901581,
                0.1677224040031433,
                -0.18396008014678955,
                0.012103892862796783,
                -0.06754201650619507,
                -0.009827641770243645,
                0.16336482763290405,
                0.13762113451957703,
                0.06197403371334076,
                -0.011039705015718937,
                -0.12288209050893784,
                0.018340833485126495,
                0.3048648536205292,
                -0.11432109773159027,
                -0.01259519625455141,
                0.25069373846054077,
                0.04410026967525482,
                0.049078986048698425,
                0.041111040860414505,
                0.020051084458827972,
                -0.0811348706483841,
                0.031626880168914795,
                -0.1503080576658249,
                -0.03426823765039444,
                -0.024371709674596786,
                -0.03901449963450432,
                -0.021840639412403107,
                0.12889453768730164,
                -0.12756218016147614,
                0.14813534915447235,
                -0.0025865938514471054,
                0.008772832341492176,
                -0.02362903393805027,
                -0.064695805311203,
                -0.12125282734632492,
                -0.030269069597125053,
                0.12416722625494003,
                -0.21492040157318115,
                0.19637908041477203,
                0.1332329660654068,
                0.10190794616937637,
                0.07016190886497498,
                0.14583446085453033,
                0.09902755171060562,
                0.01604582741856575,
                -0.04089098796248436,
                -0.22735926508903503,
                -0.026635590940713882,
                0.14002671837806702,
                -0.033006586134433746,
                0.112393319606781,
                -0.03399831801652908
            ],
            [
                -0.135488361120224,
                0.11610206216573715,
                0.023092519491910934,
                -0.027048295363783836,
                -0.0942472591996193,
                0.02370874397456646,
                -0.07909201830625534,
                -0.1221749410033226,
                0.05827006325125694,
                -0.15585856139659882,
                0.21147207915782928,
                -0.06060086935758591,
                -0.23311847448349,
                -0.1108044981956482,
                -0.07145877927541733,
                0.14069369435310364,
                -0.09211035072803497,
                -0.14223383367061615,
                -0.006373252719640732,
                0.07531853765249252,
                0.18814611434936523,
                0.023273997008800507,
                0.01275296974927187,
                0.036467596888542175,
                -0.12484554946422577,
                -0.31836140155792236,
                -0.16609542071819305,
                -0.06488783657550812,
                -0.047885917127132416,
                -0.07791456580162048,
                -0.07051388919353485,
                -0.09369201958179474,
                -0.1762249916791916,
                -0.02108299732208252,
                -0.018839064985513687,
                0.053073082119226456,
                -0.02740657888352871,
                -0.06088414788246155,
                0.13916242122650146,
                0.035155288875103,
                -0.25162070989608765,
                0.023151220753788948,
                0.016837727278470993,
                0.2551300525665283,
                0.1662207394838333,
                0.09253238886594772,
                0.005919589661061764,
                -0.16314487159252167,
                0.09529261291027069,
                -0.1812693029642105,
                0.07793670147657394,
                0.1431613266468048,
                0.08899115025997162,
                0.04810737073421478,
                0.012899018824100494,
                -0.09343919157981873,
                0.028141625225543976,
                0.13700874149799347,
                -0.15043039619922638,
                0.03301960974931717,
                0.03462657332420349,
                -0.04926732927560806,
                0.021883057430386543,
                -0.0950503721833229,
                0.21722596883773804,
                0.08996862918138504,
                -0.10351672023534775,
                -0.1937396377325058,
                0.16783802211284637,
                -0.1574443280696869,
                -0.07541117072105408,
                0.11426909267902374,
                -0.13524048030376434,
                -0.23094864189624786,
                -0.23694473505020142,
                0.036717914044857025,
                0.38884437084198,
                0.1591399610042572,
                -0.1638086885213852,
                0.029278043657541275,
                -0.09076891839504242,
                -0.004750318359583616,
