{
    "face": {
        "face_count": 1,
        "face_embeddings": [
            [
                -0.1259101778268814,
                0.09174368530511856,
                0.05061037093400955,
                0.02919377014040947,
                -0.13526329398155212,
                0.018258152529597282,
                -0.07549236714839935,
                -0.13935287296772003,
                0.04669451341032982,
                -0.19213207066059113,
                0.23262912034988403,
                -0.06392033398151398,
                -0.20345085859298706,
                -0.06170829012989998,
                -0.049363747239112854,
                0.15560230612754822,
                -0.07719156891107559,
                -0.09787796437740326,
                -0.009897717274725437,
                0.05978361517190933,
                0.1586587131023407,
                0.05010316148400307,
                0.01658916100859642,
                0.07504922896623611,
                -0.13801774382591248,
                -0.26465439796447754,
                -0.16690707206726074,
                -0.10021887719631195,
                -0.07003125548362732,
                -0.04921409860253334,
                -0.09666600078344345,
                -0.07309547811746597,
                -0.14627103507518768,
                -0.015689535066485405,
                0.004030488431453705,
                0.07350189983844757,
                -0.06422125548124313,
                -0.026974085718393326,
                0.15542051196098328,
                0.019415006041526794,
                -0.24438443779945374,
                0.066073939204216,
                0.0330483578145504,
                0.2461663782596588,
                0.14586032927036285,
                0.08199425041675568,
                0.005254168063402176,
                -0.18643561005592346,
                0.12614604830741882,
                -0.20650771260261536,
                0.13437823951244354,
                0.12510985136032104,
                0.11642557382583618,
                0.06216976419091225,
                0.052926309406757355,
                -0.1067829579114914,
                0.03734089806675911,
                0.16740655899047852,
                -0.13381178677082062,
                0.07555495202541351,
                0.09785208851099014,
                -0.03347144275903702,
                0.042582783848047256,
                -0.08808828890323639,
                0.2097487896680832,
                0.11550182104110718,
                -0.10894018411636353,
                -0.1671764850616455,
                0.13500449061393738,
                -0.16321143507957458,
                -0.11372233927249908,
                0.14496761560440063,
                -0.15168434381484985,
                -0.2505902647972107,
                -0.2947128415107727,
                0.05058789998292923,
                0.4378150403499603,
                0.19453012943267822,
                -0.18670493364334106,
                -0.03207512944936752,
                -0.050219498574733734,
                0.014927331358194351,
                0.18434174358844757,
                0.14473111927509308,
                0.07231348007917404,
                -0.07893767207860947,
                -0.10256493091583252,
                0.008707921952009201,
                0.2447270005941391,
                -0.11824841797351837,
                -0.020254548639059067,
                0.24088752269744873,
                0.03841960430145264,
                0.04709678143262863,
                0.011269986629486084,
                0.032935980707407,
                -0.08070268481969833,
                0.035590969026088715,
                -0.09242373704910278,
                0.00830753892660141,
                -0.04510393366217613,
                -0.024850934743881226,
                -0.02725716307759285,
                0.10725491493940353,
                -0.1436663568019867,
                0.14190061390399933,
                -0.032777611166238785,
                -0.024773959070444107,
                -0.024842532351613045,
                -0.04639353230595589,
                -0.16444547474384308,
                0.008087932132184505,
                0.11129208654165268,
                -0.24691326916217804,
                0.20218633115291595,
                0.10721955448389053,
                0.035121046006679535,
                0.10933525860309601,
                0.11317701637744904,
                0.12442398816347122,
                -0.019370751455426216,
                -0.0843973457813263,
                -0.26218369603157043,
                -0.0400407612323761,
                0.15694919228553772,
                -0.048494454473257065,
                0.08473602682352066,
                -0.024494720622897148
            ]
        ]
    },
    "hand": {
        "hand_count": 0,
        "hand_landmarks": []
    },
    "body": {
        "landmark_count": 33,
        "landmarks": [
            {
                "x": 0.5769563317298889,
                "y": 0.32248175144195557,
                "z": -1.7191416025161743,
                "visibility": 0.9994088411331177
            },
            {
                "x": 0.6060041785240173,
                "y": 0.27062535285949707,
                "z": -1.5937235355377197,
                "visibility": 0.9986461997032166
            },
            {
                "x": 0.6295532584190369,
                "y": 0.2716052532196045,
                "z": -1.594387173652649,
                "visibility": 0.9983550906181335
            },
            {
                "x": 0.6522818207740784,
                "y": 0.27307629585266113,
                "z": -1.5950335264205933,
                "visibility": 0.9985608458518982
            },
            {
                "x": 0.5142024755477905,
                "y": 0.27336716651916504,
                "z": -1.6153348684310913,
                "visibility": 0.998710036277771
            },
            {
                "x": 0.47956836223602295,
                "y": 0.27756214141845703,
                "z": -1.615108847618103,
                "visibility": 0.9985392093658447
            },
            {
                "x": 0.4443455934524536,
                "y": 0.2831212282180786,
                "z": -1.616284966468811,
                "visibility": 0.9987521171569824
            },
            {
                "x": 0.678212583065033,
                "y": 0.3023381233215332,
                "z": -0.9251064658164978,
                "visibility": 0.9983125925064087
            },
            {
                "x": 0.38992035388946533,
                "y": 0.3158995509147644,
                "z": -0.9723313450813293,
                "visibility": 0.9988847374916077
            },
            {
                "x": 0.6227092742919922,
                "y": 0.3918839693069458,
                "z": -1.4775274991989136,
                "visibility": 0.9996986389160156
            },
            {
                "x": 0.5211256742477417,
                "y": 0.397522509098053,
                "z": -1.493418574333191,
                "visibility": 0.9997164607048035
            },
            {
                "x": 0.9053103923797607,
                "y": 0.6729122996330261,
                "z": -0.6138442754745483,
                "visibility": 0.9971336126327515
            },
            {
                "x": 0.15894004702568054,
                "y": 0.6664039492607117,
                "z": -0.8247997164726257,
                "visibility": 0.9978106617927551
            },
            {
                "x": 1.1671086549758911,
                "y": 1.0211440324783325,
                "z": -0.8534406423568726,
                "visibility": 0.36109867691993713
            },
            {
                "x": -0.01241108775138855,
                "y": 1.0938855409622192,