{
    "face": {
        "face_count": 1,
        "face_embeddings": [
            [
                -0.11759910732507706,
                0.06483415514230728,
                0.06998617202043533,
                -0.0382981039583683,
                -0.11295457184314728,
                -0.007878977805376053,
                -0.10746654868125916,
                -0.06585387885570526,
                0.11301567405462265,
                -0.10501983761787415,
                0.14286929368972778,
                -0.044507820159196854,
                -0.1676558554172516,
                0.11889775097370148,
                -0.14266212284564972,
                0.1824028044939041,
                -0.18961678445339203,
                -0.16881822049617767,
                0.0008680969476699829,
                -0.018221652135252953,
                0.08245061337947845,
                0.08456169813871384,
                0.0006398838013410568,
                0.06952475011348724,
                -0.13248437643051147,
                -0.2899733781814575,
                -0.05769871920347214,
                -0.06082083284854889,
                0.012703720480203629,
                -0.08814612030982971,
                -0.03584326058626175,
                0.02406029962003231,
                -0.17606312036514282,
                0.06575442850589752,
                0.028943577781319618,
                0.07064551115036011,
                0.03467462584376335,
                -0.08816195279359818,
                0.21064189076423645,
                0.07074493914842606,
                -0.26680877804756165,
                0.016795648261904716,
                0.10844124108552933,
                0.29483672976493835,
                0.16878122091293335,
                -0.0010172638576477766,
                -0.026416270062327385,
                -0.11028113961219788,
                0.1239386796951294,
                -0.2784731090068817,
                0.06559565663337708,
                0.1721256673336029,
                0.07276997715234756,
                0.10667893290519714,
                -0.011251877062022686,
                -0.14506474137306213,
                0.03827177733182907,
                0.0937143862247467,
                -0.12145064771175385,
                0.04200141131877899,
                0.09072402864694595,
                0.048941563814878464,
                0.06506805866956711,
                -0.09629920870065689,
                0.2093607783317566,
                0.08190002292394638,
                -0.10466092824935913,
                -0.17296575009822845,
                0.06567438691854477,
                -0.15309953689575195,
                -0.08946774899959564,
                0.07744141668081284,
                -0.1393001675605774,
                -0.20287279784679413,
                -0.22283172607421875,
                0.031838349997997284,
                0.33136582374572754,
                0.14757084846496582,
                -0.10646481812000275,
                0.10749097913503647,
                -0.03214916214346886,
                -0.05500650778412819,
                0.03814437612891197,
                0.11052346229553223,
                -0.03482590615749359,
                0.0747217908501625,
                -0.03757581487298012,
                0.06523019075393677,
                0.2727707028388977,
                -0.04757215455174446,
                0.00867430679500103,
                0.22572141885757446,
                -0.01373494416475296,
                0.019071567803621292,
                0.003643364179879427,
                0.09880495816469193,
                -0.09846299141645432,
                0.06613857299089432,
                -0.1367521733045578,
                -0.007124484051018953,
                -0.01341612171381712,
                0.01940971240401268,
                0.026419544592499733,
                0.13677559792995453,
                -0.2229885458946228,
                0.1438634842634201,
                -0.050310585647821426,
                -0.03329427167773247,
                0.0008573117665946484,
                0.05903668329119682,
                -0.09642429649829865,
                -0.05894852429628372,
                0.1371079832315445,
                -0.18407410383224487,
                0.17949643731117249,
                0.16273729503154755,
                0.08793244510889053,
                0.09641385823488235,
                0.09634891152381897,
                0.06276300549507141,
                0.01952187530696392,
                0.023807227611541748,
                -0.16646771132946014,
                -0.00794792827218771,
                0.09602713584899902,
                -0.06104876473546028,
                0.0061350250616669655,
                0.040874890983104706
            ]
        ]
    },
    "hand": {
        "hand_count": 0,
        "hand_landmarks": []
    },
    "body": {
        "landmark_count": 33,
        "landmarks": [
            {
                "x": 0.1425597369670868,
                "y": 0.4197533130645752,
                "z": -0.7743905782699585,
                "visibility": 0.9999126195907593
            },
            {
                "x": 0.2097933292388916,
                "y": 0.34418702125549316,
                "z": -1.006703495979309,
                "visibility": 0.9999412298202515
            },
            {
                "x": 0.23558226227760315,
                "y": 0.34297871589660645,
                "z": -1.0066521167755127,
                "visibility": 0.9999490976333618
            },
            {
                "x": 0.2655165195465088,
                "y": 0.3409031629562378,
                "z": -1.0064880847930908,
                "visibility": 0.9999513626098633
            },
            {
                "x": 0.17859762907028198,
                "y": 0.3437626361846924,
                "z": -0.6285865306854248,
                "visibility": 0.9999310970306396
            },
            {
                "x": 0.17987358570098877,
                "y": 0.3427135944366455,
                "z": -0.628495454788208,
                "visibility": 0.999922513961792
            },
            {
                "x": 0.18165963888168335,
                "y": 0.3405125141143799,
                "z": -0.6281264424324036,
                "visibility": 0.9999170303344727
            },
            {
                "x": 0.4966631531715393,
                "y": 0.37693309783935547,
                "z": -1.5003554821014404,
                "visibility": 0.9999698400497437
            },
            {
                "x": 0.40468090772628784,
                "y": 0.37290453910827637,
                "z": 0.20651035010814667,
                "visibility": 0.9999561309814453
            },
            {
                "x": 0.20342758297920227,
                "y": 0.5036174058914185,
                "z": -0.9091929793357849,
                "visibility": 0.9997480511665344
            },
            {
                "x": 0.16083741188049316,
                "y": 0.5036808252334595,
                "z": -0.42048123478889465,
                "visibility": 0.9997093081474304
            },
            {
                "x": 0.7546051144599915,
                "y": 0.7929762005805969,
                "z": -2.126636266708374,
                "visibility": 0.978945791721344
            },
            {
                "x": 0.42739105224609375,
                "y": 0.8131864070892334,
                "z": 1.2028560638427734,
                "visibility": 0.9705455899238586
            },
            {
                "x": 0.33608371019363403,
                "y": 0.9494422674179077,
                "z": -2.07289457321167,
                "visibility": 0.5395548939704895
            },
            {
                "x": 0.10066527128219604,
                "y": 0.8708760738372803,