{
    "face": {
        "face_count": 1,
        "face_embeddings": [
            [
                -0.05308080092072487,
                0.08376070857048035,
                0.03837953135371208,
                -0.04870510846376419,
                -0.1083654835820198,
                -0.002516442909836769,
                -0.09787793457508087,
                -0.12026388943195343,
                0.13306446373462677,
                -0.1477244794368744,
                0.22152550518512726,
                0.03894776478409767,
                -0.17433445155620575,
                -0.047493841499090195,
                -0.044216908514499664,
                0.13788948953151703,
                -0.11274971812963486,
                -0.15144392848014832,
                -0.0360298715531826,
                0.05530836433172226,
                0.10868892818689346,
                0.10951779037714005,
                0.003979492466896772,
                0.03682946413755417,
                -0.12928137183189392,
                -0.2839885354042053,
                -0.04510577768087387,
                -0.035849906504154205,
                -0.041882216930389404,
                -0.03379140794277191,
                -0.040418386459350586,
                0.057432133704423904,
                -0.16624024510383606,
                0.023712120950222015,
                0.03640962392091751,
                0.13210485875606537,
                -0.04440939426422119,
                -0.02518441528081894,
                0.17958472669124603,
                0.09357624500989914,
                -0.28745782375335693,
                0.11880171298980713,
                0.0003886651247739792,
                0.2710168659687042,
                0.22092458605766296,
                -0.01992764137685299,
                0.017608240246772766,
                -0.16947951912879944,
                0.14826743304729462,
                -0.2619588375091553,
                0.04026108980178833,
                0.155194491147995,
                0.0665794387459755,
                0.0394459143280983,
                0.04112178087234497,
                -0.1547117978334427,
                0.017815368250012398,
                0.10390044748783112,
                -0.11091338843107224,
                0.03796561807394028,
                0.08177357912063599,
                -0.04535391181707382,
                0.035562507808208466,
                -0.1180173009634018,
                0.202048659324646,
                0.06710729002952576,
                -0.12284664064645767,
                -0.17851068079471588,
                0.055220603942871094,
                -0.17347393929958344,
                -0.19981390237808228,
                0.09634116291999817,
                -0.15997350215911865,
                -0.19745881855487823,
                -0.3404037356376648,
                0.03167640045285225,
                0.36693817377090454,
                0.18577829003334045,
                -0.2121807485818863,
                0.09609352052211761,
                0.0035332287661731243,
                0.024445146322250366,
                0.1140710785984993,
                0.1508798897266388,
                -0.017804643139243126,
                0.07506977021694183,
                -0.09075205028057098,
                -0.011754032224416733,
                0.29470914602279663,
                -0.019917204976081848,
                -0.056328754872083664,
                0.28565704822540283,
                0.011624559760093689,
                0.13689467310905457,
                0.04768401011824608,
                -0.023586692288517952,
                -0.03467169404029846,
                -0.015873335301876068,
                -0.20135869085788727,
                -0.04670422896742821,
                -0.04000403359532356,
                -0.026608388870954514,
                0.018372835591435432,
                0.15495052933692932,
                -0.17646540701389313,
                0.1838490068912506,
                -0.05699896067380905,
                0.04147364944219589,
                0.009349685162305832,
                0.030247511342167854,
                -0.11627431213855743,
                0.005800838116556406,
                0.126212939620018,
                -0.17880162596702576,
                0.2309841513633728,
                0.13211065530776978,
                0.17668889462947845,
                0.08132883161306381,
                0.21332333981990814,
                0.02359209582209587,
                -0.04182501882314682,
                0.03292126953601837,
                -0.21489249169826508,
                -0.020533306524157524,
                0.09472165256738663,
                -0.04944780096411705,
                0.12751996517181396,
                0.030844712629914284
            ]
        ]
    },
    "hand": {
        "hand_count": 0,
        "hand_landmarks": []
    },
    "body": {
        "landmark_count": 33,
        "landmarks": [
            {
                "x": 0.7087218165397644,
                "y": 0.33572280406951904,
                "z": -0.6104721426963806,
                "visibility": 0.9948461055755615
            },
            {
                "x": 0.8180330991744995,
                "y": 0.24174894392490387,
                "z": -0.5824410915374756,
                "visibility": 0.9945264458656311
            },
            {
                "x": 0.8322893381118774,
                "y": 0.24475432932376862,
                "z": -0.5828773975372314,
                "visibility": 0.9945818781852722
            },
            {
                "x": 0.8453880548477173,
                "y": 0.24915540218353271,
                "z": -0.5837849974632263,
                "visibility": 0.9965182542800903
            },
            {
                "x": 0.7318920493125916,
                "y": 0.25367283821105957,
                "z": -0.5579404830932617,
                "visibility": 0.9946723580360413
            },
            {
                "x": 0.7471783757209778,
                "y": 0.24721753597259521,
                "z": -0.5573293566703796,
                "visibility": 0.9923292994499207
            },
            {
                "x": 0.7482439279556274,
                "y": 0.2483053207397461,
                "z": -0.5576921701431274,
                "visibility": 0.9931585192680359
            },
            {
                "x": 0.8604913949966431,
                "y": 0.2933375835418701,
                "z": -0.35771170258522034,
                "visibility": 0.9966292977333069
            },
            {
                "x": 0.7195996642112732,
                "y": 0.28583037853240967,
                "z": -0.21422047913074493,
                "visibility": 0.9931180477142334
            },
            {
                "x": 0.7942506074905396,
                "y": 0.3854910135269165,
                "z": -0.5263497829437256,
                "visibility": 0.9983758926391602
            },
            {
                "x": 0.7127597332000732,
                "y": 0.3915410041809082,
                "z": -0.485630601644516,
                "visibility": 0.9976497292518616
            },
            {
                "x": 0.9368255734443665,
                "y": 0.7656010389328003,
                "z": -0.3540384769439697,
                "visibility": 0.9985191226005554
            },
            {
                "x": 0.5834156274795532,
                "y": 0.7162727117538452,
                "z": -0.04803089797496796,
                "visibility": 0.9978513717651367
            },
            {
                "x": 0.9369338750839233,
                "y": 1.2879351377487183,
                "z": -0.37447863817214966,
                "visibility": 0.34052595496177673
            },
            {
                "x": 0.4700610637664795,
                "y": 1.2141926288604736,