{
    "face": {
        "face_count": 1,
        "face_embeddings": [
            [
                -0.03602601960301399,
                0.08887980133295059,
                -0.008004462346434593,
                -0.0442359484732151,
                -0.10647031664848328,
                -0.02946762926876545,
                -0.10600601136684418,
                -0.16360758244991302,
                0.11256290227174759,
                -0.14069890975952148,
                0.2098558098077774,
                0.0006721797399222851,
                -0.21147096157073975,
                -0.060014721006155014,
                -0.03431027755141258,
                0.11562822759151459,
                -0.11032750457525253,
                -0.1870802491903305,
                -0.0054238950833678246,
                0.016120824962854385,
                0.09279206395149231,
                0.0957731381058693,
                0.018211115151643753,
                0.0494430810213089,
                -0.16779674589633942,
                -0.2788003087043762,
                -0.1263899952173233,
                -0.024168794974684715,
                -0.014880914241075516,
                -0.04848331958055496,
                -0.022706419229507446,
                0.08366722613573074,
                -0.17309688031673431,
                0.031231213361024857,
                0.06138645112514496,
                0.14333635568618774,
                -0.008064846508204937,
                -0.014697877690196037,
                0.16611403226852417,
                0.0420275516808033,
                -0.2899014353752136,
                0.04999662563204765,
                0.05151185765862465,
                0.26368746161460876,
                0.20809471607208252,
                -0.021633651107549667,
                0.027358392253518105,
                -0.20115776360034943,
                0.09881389141082764,
                -0.13191068172454834,
                0.10439187288284302,
                0.17806296050548553,
                0.08264799416065216,
                0.04645262286067009,
                -0.003567132167518139,
                -0.13362710177898407,
                -0.009555390104651451,
                0.15524375438690186,
                -0.11390015482902527,
                0.03354975953698158,
                0.13927827775478363,
                -0.07676856964826584,
                0.01840890198945999,
                -0.08613304048776627,
                0.2012168914079666,
                0.041497163474559784,
                -0.13934622704982758,
                -0.22375084459781647,
                0.12571433186531067,
                -0.20215953886508942,
                -0.1828787922859192,
                0.11683203279972076,
                -0.16813702881336212,
                -0.194588303565979,
                -0.37178006768226624,
                0.040581658482551575,
                0.3455515503883362,
                0.13859932124614716,
                -0.17914451658725739,
                0.11148839443922043,
                0.013665379025042057,
                0.02095499262213707,
                0.13056106865406036,
                0.18454979360103607,
                -0.014150558970868587,
                0.04855414479970932,
                -0.12508556246757507,
                0.028721649199724197,
                0.30204838514328003,
                -0.032745376229286194,
                -0.06879377365112305,
                0.22507520020008087,
                -0.006715437397360802,
                0.12574103474617004,
                0.06745895743370056,
                0.06111394613981247,
                -0.06102483347058296,
                -0.011403460055589676,
                -0.19680416584014893,
                -0.019245624542236328,
                -0.04435437545180321,
                0.001362835057079792,
                -0.022488322108983994,
                0.18490299582481384,
                -0.0727943629026413,
                0.16605693101882935,
                -0.011195216327905655,
                0.016801699995994568,
                -0.028903862461447716,
                0.00230562686920166,
                -0.11005666106939316,
                -0.08195248991250992,
                0.11970251053571701,
                -0.20657730102539062,
                0.2017475664615631,
                0.085812047123909,
                0.15211330354213715,
                0.09339139610528946,
                0.1936442255973816,
                0.09789483994245529,
                -0.017173275351524353,
                -0.042841196060180664,
                -0.23107539117336273,
                0.0032451897859573364,
                0.10667993128299713,
                -0.04698244109749794,
                0.13378489017486572,
                0.02073882520198822
            ]
        ]
    },
    "hand": {
        "hand_count": 0,
        "hand_landmarks": []
    },
    "body": {
        "landmark_count": 33,
        "landmarks": [
            {
                "x": 0.5708792805671692,
                "y": 0.35849249362945557,
                "z": -2.2086756229400635,
                "visibility": 0.9995984435081482
            },
            {
                "x": 0.6046600341796875,
                "y": 0.28547823429107666,
                "z": -2.0874111652374268,
                "visibility": 0.9992409944534302
            },
            {
                "x": 0.6328364014625549,
                "y": 0.28758084774017334,
                "z": -2.0880789756774902,
                "visibility": 0.9992665648460388
            },
            {
                "x": 0.6601213216781616,
                "y": 0.2902876138687134,
                "z": -2.088961124420166,
                "visibility": 0.9991917014122009
            },
            {
                "x": 0.4995861053466797,
                "y": 0.2823760509490967,
                "z": -2.088958978652954,
                "visibility": 0.9989874958992004
            },
            {
                "x": 0.4564030170440674,
                "y": 0.2838137149810791,
                "z": -2.0877254009246826,
                "visibility": 0.9989727735519409
            },
            {
                "x": 0.4143214523792267,
                "y": 0.288313627243042,
                "z": -2.088653087615967,
                "visibility": 0.9988428354263306
            },
            {
                "x": 0.6862011551856995,
                "y": 0.32151734828948975,
                "z": -1.2678366899490356,
                "visibility": 0.9993305206298828
            },
            {
                "x": 0.3495541512966156,
                "y": 0.32634830474853516,
                "z": -1.2353795766830444,
                "visibility": 0.99904865026474
            },
            {
                "x": 0.6145337224006653,
                "y": 0.43340182304382324,
                "z": -1.8997957706451416,
                "visibility": 0.9998140931129456
            },
            {
                "x": 0.497005820274353,
                "y": 0.44602084159851074,
                "z": -1.8914806842803955,
                "visibility": 0.9997650980949402
            },
            {
                "x": 0.9223486185073853,
                "y": 0.7501175403594971,
                "z": -0.8890572786331177,
                "visibility": 0.9974642992019653
            },
            {
                "x": 0.1270604133605957,
                "y": 0.7725459337234497,
                "z": -0.8114399313926697,
                "visibility": 0.9940903782844543
            },
            {
                "x": 1.1786720752716064,
                "y": 1.192554235458374,
                "z": -1.1616804599761963,
                "visibility": 0.16440783441066742
            },
            {
                "x": 0.043010592460632324,
                "y": 1.2592353820800781,