{
    "face": {
        "face_count": 1,
        "face_embeddings": [
            [
                -0.0532958023250103,
                0.1224241554737091,
                0.027026494964957237,
                -0.03713880479335785,
                -0.15213334560394287,
                -0.026353836059570312,
                -0.09563092142343521,
                -0.09121750295162201,
                0.1155443787574768,
                -0.12384405732154846,
                0.2302253693342209,
                -0.028186943382024765,
                -0.23064537346363068,
                -0.05675084888935089,
                -0.012718918733298779,
                0.15544910728931427,
                -0.11884160339832306,
                -0.16455239057540894,
                -0.048604078590869904,
                0.020228147506713867,
                0.09808273613452911,
                0.06616690754890442,
                0.102654829621315,
                0.055917154997587204,
                -0.17784950137138367,
                -0.29459962248802185,
                -0.05003935843706131,
                -0.04381518065929413,
                -0.028426703065633774,
                -0.10260513424873352,
                -0.06172750145196915,
                -0.013235419057309628,
                -0.19768932461738586,
                -0.016769224777817726,
                0.0507698580622673,
                0.1016395092010498,
                -0.06831175833940506,
                -0.08927492052316666,
                0.2340703010559082,
                0.006352030672132969,
                -0.2917300760746002,
                0.023120462894439697,
                0.05032256245613098,
                0.21984463930130005,
                0.19433583319187164,
                -0.0075506288558244705,
                0.0305151529610157,
                -0.1783062070608139,
                0.09990518540143967,
                -0.1926087737083435,
                0.10422069579362869,
                0.16140839457511902,
                0.06329783797264099,
                0.03485431522130966,
                0.007709857542067766,
                -0.11923577636480331,
                -0.011044208891689777,
                0.15180882811546326,
                -0.07819334417581558,
                -0.01016597542911768,
                0.10507257282733917,
                0.04417046532034874,
                -0.022671466693282127,
                -0.12568709254264832,
                0.23856060206890106,
                0.057467978447675705,
                -0.13758128881454468,
                -0.1927129328250885,
                0.08860296756029129,
                -0.1618959903717041,
                -0.16112157702445984,
                0.16105031967163086,
                -0.1609780490398407,
                -0.2042221873998642,
                -0.2839098572731018,
                -0.011192543432116508,
                0.3679693937301636,
                0.08650350570678711,
                -0.20223918557167053,
                0.008246291428804398,
                -0.005599640775471926,
                -0.008668649010360241,
                0.07327704131603241,
                0.145771324634552,
                -0.02548244222998619,
                0.06352561712265015,
                -0.08065122365951538,
                0.05077816918492317,
                0.31813621520996094,
                -0.07135336846113205,
                -0.08376876264810562,
                0.23091831803321838,
                0.06448619067668915,
                0.09302520751953125,
                0.06474145501852036,
                0.023010365664958954,
                -0.009896733798086643,
                0.005589718464761972,
                -0.1899292916059494,
                0.000962928868830204,
                0.020455367863178253,
                -0.03466574102640152,
                -0.0704808235168457,
                0.1427660435438156,
                -0.14761018753051758,
                0.14096103608608246,
                0.0022191982716321945,
                -0.011390773579478264,
                0.005237562581896782,
                0.02034260332584381,
                -0.1623363494873047,
                -0.07882627844810486,
                0.1392621248960495,
                -0.21158482134342194,
                0.20293572545051575,
                0.14844654500484467,
                0.14192910492420197,
                0.06128682196140289,
                0.15121281147003174,
                0.07108164578676224,
                0.02435654029250145,
                0.016140339896082878,
                -0.21063588559627533,
                -0.030753489583730698,
                0.12200330197811127,
                -0.061356931924819946,
                0.13670526444911957,
                0.005422784015536308
            ]
        ]
    },
    "hand": {
        "hand_count": 0,
        "hand_landmarks": []
    },
    "body": {
        "landmark_count": 33,
        "landmarks": [
            {
                "x": 0.369514524936676,
                "y": 0.3675307035446167,
                "z": -1.5011205673217773,
                "visibility": 0.9966679215431213
            },
            {
                "x": 0.4164700508117676,
                "y": 0.31643426418304443,
                "z": -1.5395458936691284,
                "visibility": 0.993370532989502
            },
            {
                "x": 0.4497588276863098,
                "y": 0.3139706254005432,
                "z": -1.5405217409133911,
                "visibility": 0.9940534234046936
            },
            {
                "x": 0.4926483929157257,
                "y": 0.3110229969024658,
                "z": -1.540921688079834,
                "visibility": 0.9931288957595825
            },
            {
                "x": 0.3557601571083069,
                "y": 0.32272082567214966,
                "z": -1.3797179460525513,
                "visibility": 0.9931591153144836
            },
            {
                "x": 0.34151050448417664,
                "y": 0.3250347375869751,
                "z": -1.3795013427734375,
                "visibility": 0.9938365817070007
            },
            {
                "x": 0.328399121761322,
                "y": 0.32738691568374634,
                "z": -1.3809300661087036,
                "visibility": 0.9940974712371826
            },
            {
                "x": 0.632010281085968,
                "y": 0.32146692276000977,
                "z": -1.3795331716537476,
                "visibility": 0.9952096343040466
            },
            {
                "x": 0.39733433723449707,
                "y": 0.33938902616500854,
                "z": -0.6256545782089233,
                "visibility": 0.9946492314338684
            },
            {
                "x": 0.4490235447883606,
                "y": 0.41132599115371704,
                "z": -1.4193308353424072,
                "visibility": 0.9964220523834229
            },
            {
                "x": 0.368533730506897,
                "y": 0.4168107509613037,
                "z": -1.2038140296936035,
                "visibility": 0.996026873588562
            },
            {
                "x": 0.9427772164344788,
                "y": 0.6157201528549194,
                "z": -1.2522181272506714,
                "visibility": 0.9348538517951965
            },
            {
                "x": 0.2705727219581604,
                "y": 0.6042187213897705,
                "z": -0.08983925729990005,
                "visibility": 0.9804558753967285
            },
            {
                "x": 0.846865177154541,
                "y": 0.9556334614753723,
                "z": -1.3393300771713257,
                "visibility": 0.12002001702785492
            },
            {
                "x": 0.16626939177513123,
                "y": 0.913137674331665,