{
    "face": {
        "face_count": 1,
        "face_embeddings": [
            [
                -0.047656357288360596,
                0.07231897860765457,
                0.04768041893839836,
                -0.09324027597904205,
                -0.1454046666622162,
                -0.02315499074757099,
                -0.12194541096687317,
                -0.10264994204044342,
                0.07470400631427765,
                -0.16799844801425934,
                0.22477246820926666,
                -0.017909912392497063,
                -0.20741049945354462,
                -0.050780363380908966,
                -0.0328640453517437,
                0.15650811791419983,
                -0.07408583909273148,
                -0.15947656333446503,
                -0.033558089286088943,
                0.005456898361444473,
                0.08755917102098465,
                0.12924224138259888,
                0.00016488321125507355,
                0.05359213426709175,
                -0.16591587662696838,
                -0.23927760124206543,
                -0.12892311811447144,
                0.012455379590392113,
                -0.05914054438471794,
                -0.07478583604097366,
                -0.026804834604263306,
                0.021334895864129066,
                -0.15851740539073944,
                0.029854878783226013,
                0.0815667137503624,
                0.12161357700824738,
                -0.0254764836281538,
                -0.04424624517560005,
                0.15419696271419525,
                0.056673262268304825,
                -0.27569085359573364,
                0.07973743230104446,
                0.08933477848768234,
                0.24418063461780548,
                0.19529221951961517,
                -0.0016557316994294524,
                0.009795838966965675,
                -0.20843523740768433,
                0.10437999665737152,
                -0.17289048433303833,
                0.09295566380023956,
                0.16686061024665833,
                0.05664275586605072,
                0.04972080886363983,
                0.009145557880401611,
                -0.11012835055589676,
                0.008407863788306713,
                0.19965195655822754,
                -0.09126361459493637,
                0.007732477970421314,
                0.111277736723423,
                -0.024172907695174217,
                -0.026460062712430954,
                -0.12371807545423508,
                0.18338391184806824,
                0.04577793553471565,
                -0.15884852409362793,
                -0.24014896154403687,
                0.08731705695390701,
                -0.17803581058979034,
                -0.20396199822425842,
                0.13112130761146545,
                -0.1832241415977478,
                -0.17794184386730194,
                -0.34531548619270325,
                0.03818116337060928,
                0.3497871458530426,
                0.13850077986717224,
                -0.1900380700826645,
                0.09531227499246597,
                0.021902084350585938,
                0.039986155927181244,
                0.10474182665348053,
                0.1454051285982132,
                -0.010004853829741478,
                0.025785479694604874,
                -0.06192826107144356,
                0.045685142278671265,
                0.2932898998260498,
                -0.0485086627304554,
                -0.036733150482177734,
                0.21915370225906372,
                0.035840824246406555,
                0.13000933825969696,
                0.045002926141023636,
                0.024981169030070305,
                -0.026168936863541603,
                -0.01679515466094017,
                -0.18438930809497833,
                -0.003432550933212042,
                -0.032857589423656464,
                0.0008170120418071747,
                -0.018292773514986038,
                0.1635458767414093,
                -0.14159078896045685,
                0.1968727707862854,
                0.004965434782207012,
                -0.016163434833288193,
                -0.021662309765815735,
                0.02796281687915325,
                -0.1275566816329956,
                -0.03322118893265724,
                0.12682653963565826,
                -0.212887242436409,
                0.19974517822265625,
                0.13166743516921997,
                0.15926815569400787,
                0.0625273734331131,
                0.21917647123336792,
                0.0792481005191803,
                -0.010592777281999588,
                -0.019267547875642776,
                -0.20983123779296875,
                -0.015280469320714474,
                0.11880470812320709,
                -0.08152167499065399,
                0.14479248225688934,
                0.003327717073261738
            ]
        ]
    },
    "hand": {
        "hand_count": 0,
        "hand_landmarks": []
    },
    "body": {
        "landmark_count": 33,
        "landmarks": [
            {
                "x": 0.7003774046897888,
                "y": 0.4003935158252716,
                "z": -1.1898560523986816,
                "visibility": 0.999640941619873
            },
            {
                "x": 0.7314260005950928,
                "y": 0.31062138080596924,
                "z": -1.115454077720642,
                "visibility": 0.9991554021835327
            },
            {
                "x": 0.7515115141868591,
                "y": 0.31080174446105957,
                "z": -1.1160229444503784,
                "visibility": 0.9992198944091797
            },
            {
                "x": 0.7695333957672119,
                "y": 0.3126339912414551,
                "z": -1.1163910627365112,
                "visibility": 0.998823344707489
            },
            {
                "x": 0.6707003712654114,
                "y": 0.3136531114578247,
                "z": -1.112869143486023,
                "visibility": 0.9991782307624817
            },
            {
                "x": 0.6513791084289551,
                "y": 0.316067099571228,
                "z": -1.1124098300933838,
                "visibility": 0.9993624091148376
            },
            {
                "x": 0.6354255080223083,
                "y": 0.3189678192138672,
                "z": -1.1130738258361816,
                "visibility": 0.9992725253105164
            },
            {
                "x": 0.7992134094238281,
                "y": 0.35177600383758545,
                "z": -0.6636873483657837,
                "visibility": 0.9988378882408142
            },
            {
                "x": 0.6209413409233093,
                "y": 0.34787440299987793,
                "z": -0.6302184462547302,
                "visibility": 0.9994840621948242
            },
            {
                "x": 0.7398205995559692,
                "y": 0.4950528144836426,
                "z": -1.0223662853240967,
                "visibility": 0.9997385144233704
            },
            {
                "x": 0.6698840856552124,
                "y": 0.5004063844680786,
                "z": -1.0135607719421387,
                "visibility": 0.9997871518135071
            },
            {
                "x": 0.9386593103408813,
                "y": 0.8871071934700012,
                "z": -0.39625313878059387,
                "visibility": 0.9855607151985168
            },
            {
                "x": 0.48117560148239136,
                "y": 0.8424046039581299,
                "z": -0.42805084586143494,
                "visibility": 0.9977082014083862
            },
            {
                "x": 0.9954302906990051,
                "y": 1.4262301921844482,
                "z": -0.48886242508888245,
                "visibility": 0.09289900213479996
            },
            {
                "x": 0.4412100911140442,