{
    "face": {
        "face_count": 1,
        "face_embeddings": [
            [
                -0.06666846573352814,
                0.12042457610368729,
                0.005558756645768881,
                0.019814232364296913,
                -0.12958960235118866,
                0.009166617877781391,
                -0.10507768392562866,
                -0.10009610652923584,
                0.13648279011249542,
                -0.09855250269174576,
                0.19568881392478943,
                0.03033783659338951,
                -0.23062187433242798,
                -0.08691111952066422,
                -0.047321174293756485,
                0.18150962889194489,
                -0.16154661774635315,
                -0.1933675855398178,
                0.0322757288813591,
                -0.01878180354833603,
                0.11206656694412231,
                0.055136874318122864,
                0.03022543527185917,
                0.01917358487844467,
                -0.17340344190597534,
                -0.30865317583084106,
                -0.04673235863447189,
                -0.06757685542106628,
                0.007510674186050892,
                -0.08204258233308792,
                -0.0365363284945488,
                0.08456698805093765,
                -0.1905609667301178,
                0.033546753227710724,
                0.07280304282903671,
                0.10956181585788727,
                -0.01653376780450344,
                0.016371069476008415,
                0.1961534470319748,
                0.012533760629594326,
                -0.26971733570098877,
                0.042408086359500885,
                0.03019735962152481,
                0.23267897963523865,
                0.12344004213809967,
                0.003677699016407132,
                0.021350467577576637,
                -0.1863165646791458,
                0.07170873880386353,
                -0.1336076259613037,
                0.06242239475250244,
                0.22328528761863708,
                0.06520417332649231,
                0.06674669682979584,
                -0.030082985758781433,
                -0.1210547611117363,
                -0.013990039937198162,
                0.06788888573646545,
                -0.13234680891036987,
                0.030129682272672653,
                0.09933812916278839,
                -0.0735185295343399,
                -0.020020242780447006,
                -0.1134941503405571,
                0.18807999789714813,
                0.01734114997088909,
                -0.12541380524635315,
                -0.2008333057165146,
                0.09769081324338913,
                -0.17250804603099823,
                -0.14982475340366364,
                0.11925454437732697,
                -0.11874254792928696,
                -0.1987799108028412,
                -0.3181131184101105,
                0.0022958144545555115,
                0.3878244161605835,
                0.10993213206529617,
                -0.17962691187858582,
                0.07929079234600067,
                0.0013847330119460821,
                -0.06329699605703354,
                0.07434944063425064,
                0.17707912623882294,
                -0.03729219734668732,
                0.06944270431995392,
                -0.06012164056301117,
                0.055604539811611176,
                0.26797088980674744,
                -0.04909209907054901,
                -0.041886456310749054,
                0.2062346339225769,
                0.019307289272546768,
                0.1436435580253601,
                0.02792501635849476,
                0.0600433424115181,
                -0.017371930181980133,
                -0.004631219897419214,
                -0.1294434517621994,
                -0.035057615488767624,
                -0.04198150336742401,
                -0.06838884949684143,
                -0.014762060716748238,
                0.11909230798482895,
                -0.10878513008356094,
                0.1360638439655304,
                0.014149287715554237,
                0.013899383135139942,
                -0.014913449995219707,
                0.09541212767362595,
                -0.13388125598430634,
                -0.09676732867956161,
                0.12046679854393005,
                -0.23329642415046692,
                0.2676774263381958,
                0.16442382335662842,
                0.1161709576845169,
                0.09005875140428543,
                0.14147011935710907,
                0.11001139879226685,
                -0.029965270310640335,
                -0.05798029527068138,
                -0.17717976868152618,
                -0.0446162112057209,
                0.09588833153247833,
                -0.061773285269737244,
                0.10111483931541443,
                0.009641341865062714
            ]
        ]
    },
    "hand": {
        "hand_count": 0,
        "hand_landmarks": []
    },
    "body": {
        "landmark_count": 33,
        "landmarks": [
            {
                "x": 0.24861200153827667,
                "y": 0.6665692329406738,
                "z": -1.2611085176467896,
                "visibility": 0.9999393224716187
            },
            {
                "x": 0.30998778343200684,
                "y": 0.5234228372573853,
                "z": -1.2100943326950073,
                "visibility": 0.9998891353607178
            },
            {
                "x": 0.341630220413208,
                "y": 0.519262433052063,
                "z": -1.2100011110305786,
                "visibility": 0.9999037981033325
            },
            {
                "x": 0.3670879602432251,
                "y": 0.5167121887207031,
                "z": -1.2094707489013672,
                "visibility": 0.9998651742935181
            },
            {
                "x": 0.17959868907928467,
                "y": 0.535629153251648,
                "z": -1.2194396257400513,
                "visibility": 0.9998983144760132
            },
            {
                "x": 0.14461761713027954,
                "y": 0.5388760566711426,
                "z": -1.2184882164001465,
                "visibility": 0.9998810291290283
            },
            {
                "x": 0.12200447916984558,
                "y": 0.5433961153030396,
                "z": -1.2185108661651611,
                "visibility": 0.9998167157173157
            },
            {
                "x": 0.40812841057777405,
                "y": 0.5368692874908447,
                "z": -0.73142409324646,
                "visibility": 0.9998823404312134
            },
            {
                "x": 0.09218788146972656,
                "y": 0.5673960447311401,
                "z": -0.7402481436729431,
                "visibility": 0.9999415874481201
            },
            {
                "x": 0.30920690298080444,
                "y": 0.7797350883483887,
                "z": -1.0615862607955933,
                "visibility": 0.999651312828064
            },
            {
                "x": 0.19398485124111176,
                "y": 0.784212052822113,
                "z": -1.0650336742401123,
                "visibility": 0.9997745156288147
            },
            {
                "x": 0.49566584825515747,
                "y": 0.9184532761573792,
                "z": -0.38385266065597534,
                "visibility": 0.9938738346099854
            },
            {
                "x": 0.04113669693470001,
                "y": 0.9608423709869385,
                "z": -0.40615591406822205,
                "visibility": 0.9867870807647705
            },
            {
                "x": 0.6253950595855713,
                "y": 1.0578219890594482,
                "z": -0.7820490598678589,
                "visibility": 0.12378928810358047
            },
            {
                "x": -0.11256304383277893,
                "y": 1.5407544374465942,