{
    "face": {
        "face_count": 1,
        "face_embeddings": [
            [
                -0.09314780682325363,
                0.14297078549861908,
                0.05011032521724701,
                -0.015179433859884739,
                -0.12640038132667542,
                0.0010880189947783947,
                -0.09875837713479996,
                -0.10960005968809128,
                0.10612278431653976,
                -0.10057859867811203,
                0.2642006278038025,
                -0.0031241141259670258,
                -0.19169262051582336,
                -0.09159139543771744,
                -0.03257647529244423,
                0.15537500381469727,
                -0.0986548438668251,
                -0.15337780117988586,
                0.00437445193529129,
                0.025930479168891907,
                0.09806133806705475,
                0.09332253783941269,
                0.10762089490890503,
                0.050498295575380325,
                -0.2141028791666031,
                -0.30436238646507263,
                -0.08577251434326172,
                -0.035866960883140564,
                -0.011552020907402039,
                -0.10891685634851456,
                -0.0400061309337616,
                0.030349990352988243,
                -0.21666929125785828,
                0.05034454166889191,
                0.036241378635168076,
                0.13436974585056305,
                -0.07694072276353836,
                -0.019685305655002594,
                0.1707863062620163,
                0.027389731258153915,
                -0.267122358083725,
                0.014064012095332146,
                0.025151897221803665,
                0.23281413316726685,
                0.21091631054878235,
                -0.0069108400493860245,
                0.05495452880859375,
                -0.19175727665424347,
                0.06677703559398651,
                -0.19311098754405975,
                0.1312168389558792,
                0.16367273032665253,
                0.015032362192869186,
                0.05650084838271141,
                -4.256051033735275e-05,
                -0.1083398088812828,
                -0.03794382885098457,
                0.18866245448589325,
                -0.06052933260798454,
                0.026828952133655548,
                0.08887329697608948,
                0.010674739256501198,
                -0.007816789671778679,
                -0.08241189271211624,
                0.215671569108963,
                0.0894922986626625,
                -0.1298704445362091,
                -0.20700311660766602,
                0.10331180691719055,
                -0.1787566840648651,
                -0.14689446985721588,
                0.17326907813549042,
                -0.12676946818828583,
                -0.21404968202114105,
                -0.30224671959877014,
                0.029077326878905296,
                0.3615606129169464,
                0.08808642625808716,
                -0.18667741119861603,
                0.04502209648489952,
                0.0009495941922068596,
                0.008896172046661377,
                0.09010385721921921,
                0.1548021286725998,
                -0.03215345740318298,
                0.039268720895051956,
                -0.1140718013048172,
                0.03780954331159592,
                0.31868478655815125,
                -0.05472177639603615,
                -0.035372018814086914,
                0.2533930540084839,
                0.0238460935652256,
                0.10737112909555435,
                0.06612402200698853,
                0.04833289980888367,
                -0.02599535509943962,
                0.014520304277539253,
                -0.14673581719398499,
                -0.02724890038371086,
                -0.039867207407951355,
                -0.028957203030586243,
                -0.0740448459982872,
                0.1420845091342926,
                -0.12612108886241913,
                0.19686900079250336,
                -0.0029528297018259764,
                0.014428974129259586,
                -0.000902288593351841,
                -0.006343661807477474,
                -0.10684514045715332,
                -0.060499779880046844,
                0.11639820784330368,
                -0.22819094359874725,
                0.23021890223026276,
                0.11068999022245407,
                0.1073627918958664,
                0.10889221727848053,
                0.16466601192951202,
                0.12284242361783981,
                0.0008062729611992836,
                -0.022965552285313606,
                -0.18258467316627502,
                0.016181983053684235,
                0.11422323435544968,
                -0.09785287082195282,
                0.08743754774332047,
                -0.0057050855830311775
            ]
        ]
    },
    "hand": {
        "hand_count": 1,
        "hand_landmarks": [
            [
                {
                    "x": 0.25837597250938416,
                    "y": 0.3841373920440674,
                    "z": 2.164575789720402e-07,
                    "visibility": 0.0
                },
                {
                    "x": 0.2923234701156616,
                    "y": 0.3693920075893402,
                    "z": -0.01650180295109749,
                    "visibility": 0.0
                },
                {
                    "x": 0.315296471118927,
                    "y": 0.3432720899581909,
                    "z": -0.02163906767964363,
                    "visibility": 0.0
                },
                {
                    "x": 0.3320128321647644,
                    "y": 0.3225032091140747,
                    "z": -0.025933798402547836,
                    "visibility": 0.0
                },
                {
                    "x": 0.34750041365623474,
                    "y": 0.30802279710769653,
                    "z": -0.0303692277520895,
                    "visibility": 0.0
                },
                {
                    "x": 0.27524691820144653,
                    "y": 0.3098416328430176,
                    "z": -0.011564732529222965,
                    "visibility": 0.0
                },
                {
                    "x": 0.27677634358406067,
                    "y": 0.28086400032043457,
                    "z": -0.021615976467728615,
                    "visibility": 0.0
                },
                {
                    "x": 0.2776864469051361,
                    "y": 0.2626829445362091,
                    "z": -0.030457353219389915,
                    "visibility": 0.0
                },
                {
                    "x": 0.2773891091346741,
                    "y": 0.24757662415504456,
                    "z": -0.03735852614045143,
                    "visibility": 0.0
                },
                {
                    "x": 0.2509557604789734,
                    "y": 0.3098832666873932,
                    "z": -0.012286149896681309,
                    "visibility": 0.0
                },
                {
                    "x": 0.24536797404289246,
                    "y": 0.2783028185367584,
                    "z": -0.021848639473319054,
                    "visibility": 0.0
                },
                {
                    "x": 0.24241581559181213,
                    "y": 0.25809773802757263,
                    "z": -0.03149851784110069,
                    "visibility": 0.0
                },
                {
                    "x": 0.23929142951965332,
                    "y": 0.24210694432258606,
                    "z": -0.03857636824250221,
                    "visibility": 0.0
                },
                {
                    "x": 0.2303226739168167,
                    "y": 0.31605684757232666,
                    "z": -0.015258166939020157,