{
    "face": {
        "face_count": 1,
        "face_embeddings": [
            [
                -0.018255122005939484,
                0.06867314875125885,
                0.028772804886102676,
                -0.08062376081943512,
                -0.11040707677602768,
                0.028326312080025673,
                -0.1019192636013031,
                -0.1243300661444664,
                0.139027938246727,
                -0.1511908620595932,
                0.22189487516880035,
                0.012617874890565872,
                -0.16875457763671875,
                -0.04223502799868584,
                -0.023719187825918198,
                0.15642744302749634,
                -0.12801550328731537,
                -0.16313382983207703,
                -0.029000628739595413,
                0.03995971754193306,
                0.0625048354268074,
                0.14718979597091675,
                0.030615953728556633,
                0.049344226717948914,
                -0.14294713735580444,
                -0.2724885642528534,
                -0.1019710823893547,
                -0.06152692437171936,
                -0.02060026489198208,
                -0.06675820797681808,
                -0.015965063124895096,
                0.016338419169187546,
                -0.16659794747829437,
                0.05375821888446808,
                0.08497531712055206,
                0.12081564217805862,
                -0.09938177466392517,
                -0.034078747034072876,
                0.16056512296199799,
                0.07653039693832397,
                -0.29948890209198,
                0.09423939138650894,
                0.03185588866472244,
                0.23275385797023773,
                0.2161722481250763,
                0.02418425679206848,
                -0.00948280468583107,
                -0.1672363132238388,
                0.11468704044818878,
                -0.20782338082790375,
                0.09649693220853806,
                0.1562170386314392,
                0.06239445134997368,
                0.07480122148990631,
                0.018259480595588684,
                -0.1187233030796051,
                0.007023880258202553,
                0.13607089221477509,
                -0.09543880820274353,
                0.03577827662229538,
                0.1319061517715454,
                -0.06286543607711792,
                0.034737326204776764,
                -0.06916341930627823,
                0.1825382560491562,
                0.04496008902788162,
                -0.14098672568798065,
                -0.21599937975406647,
                0.07121459394693375,
                -0.1936643272638321,
                -0.20317356288433075,
                0.12051721662282944,
                -0.16107550263404846,
                -0.20411749184131622,
                -0.29797399044036865,
                0.05561257153749466,
                0.38750213384628296,
                0.1509431004524231,
                -0.1687624305486679,
                0.07032664865255356,
                0.04820385202765465,
                0.04285239428281784,
                0.09349000453948975,
                0.16821537911891937,
                -0.004994412884116173,
                0.011500376276671886,
                -0.06918207556009293,
                -0.01344674825668335,
                0.29189881682395935,
                -0.06638158857822418,
                -0.04881669208407402,
                0.2365001142024994,
                -0.027660153806209564,
                0.13661397993564606,
                0.03955981135368347,
                -0.004518707282841206,
                -0.012176052667200565,
                0.016768131405115128,
                -0.16218027472496033,
                -0.0171066801995039,
                -0.07006639987230301,
                0.007636365480720997,
                -0.01232999749481678,
                0.14412334561347961,
                -0.11466270685195923,
                0.22503073513507843,
                -0.026288704946637154,
                -0.010933853685855865,
                -0.001465353649109602,
                0.0662253275513649,
                -0.1292084902524948,
                -0.04270545765757561,
                0.1322200745344162,
                -0.2039572149515152,
                0.268437922000885,
                0.13607746362686157,
                0.17884740233421326,
                0.08655381947755814,
                0.1914486587047577,
                0.09224177896976471,
                -0.012071697041392326,
                0.021463848650455475,
                -0.22031572461128235,
                -0.04436779394745827,
                0.10608219355344772,
                -0.04513130336999893,
                0.11956539750099182,
                0.0014826557599008083
            ]
        ]
    },
    "hand": {
        "hand_count": 0,
        "hand_landmarks": []
    },
    "body": {
        "landmark_count": 33,
        "landmarks": [
            {
                "x": 0.3301105499267578,
                "y": 0.39114582538604736,
                "z": -1.7018038034439087,
                "visibility": 0.9977225661277771
            },
            {
                "x": 0.4054732322692871,
                "y": 0.3123438358306885,
                "z": -1.7245867252349854,
                "visibility": 0.9968013763427734
            },
            {
                "x": 0.46272826194763184,
                "y": 0.31026923656463623,
                "z": -1.7252631187438965,
                "visibility": 0.9966004490852356
            },
            {
                "x": 0.5161767601966858,
                "y": 0.3094468116760254,
                "z": -1.7263431549072266,
                "visibility": 0.9965780377388
            },
            {
                "x": 0.28351646661758423,
                "y": 0.3144489526748657,
                "z": -1.555275321006775,
                "visibility": 0.9966532588005066
            },
            {
                "x": 0.25466710329055786,
                "y": 0.31453895568847656,
                "z": -1.5537080764770508,
                "visibility": 0.9963079690933228
            },
            {
                "x": 0.22983960807323456,
                "y": 0.3152874708175659,
                "z": -1.5542826652526855,
                "visibility": 0.9962387084960938
            },
            {
                "x": 0.6074332594871521,
                "y": 0.33539047837257385,
                "z": -1.4191890954971313,
                "visibility": 0.9971634745597839
            },
            {
                "x": 0.27010607719421387,
                "y": 0.33759939670562744,
                "z": -0.6085948348045349,
                "visibility": 0.9950291514396667
            },
            {
                "x": 0.45216768980026245,
                "y": 0.4677213430404663,
                "z": -1.571414589881897,
                "visibility": 0.9981212019920349
            },
            {
                "x": 0.3076157569885254,
                "y": 0.4684410095214844,
                "z": -1.3366895914077759,
                "visibility": 0.9975255131721497
            },
            {
                "x": 0.936072826385498,
                "y": 0.746290385723114,
                "z": -1.4933278560638428,
                "visibility": 0.9522119164466858
            },
            {
                "x": 0.2420836091041565,
                "y": 0.7292923927307129,
                "z": 0.11565189063549042,
                "visibility": 0.9872393012046814
            },
            {
                "x": 1.1085412502288818,
                "y": 1.1967426538467407,
                "z": -1.6207164525985718,
                "visibility": 0.152487114071846
            },
            {
                "x": 0.1839858889579773,
                "y": 1.1852082014083862,