{
    "face": {
        "face_count": 1,
        "face_embeddings": [
            [
                -0.030655575916171074,
                0.038480404764413834,
                0.030973222106695175,
                -0.07338017225265503,
                -0.08986957371234894,
                -0.022506140172481537,
                -0.06612065434455872,
                -0.07134421169757843,
                0.126377671957016,
                -0.13173113763332367,
                0.21862640976905823,
                -0.028450431302189827,
                -0.1651688516139984,
                -0.05657965689897537,
                -0.036861762404441833,
                0.14164122939109802,
                -0.1340062916278839,
                -0.14776955544948578,
                -0.06035510078072548,
                0.03757361322641373,
                0.09353064745664597,
                0.04517437890172005,
                0.01245228573679924,
                0.039605338126420975,
                -0.17845037579536438,
                -0.2643672525882721,
                -0.0708114355802536,
                -0.022142980247735977,
                0.02138705551624298,
                -0.032013747841119766,
                -0.011668507941067219,
                0.09932165592908859,
                -0.18712133169174194,
                0.02542954310774803,
                0.06936217099428177,
                0.14193883538246155,
                0.0005716935265809298,
                -0.07214056700468063,
                0.16401617228984833,
                0.03277379274368286,
                -0.31458306312561035,
                0.0441744402050972,
                0.020365841686725616,
                0.2503642439842224,
                0.2139328122138977,
                -0.04240487515926361,
                0.0189528688788414,
                -0.19720248878002167,
                0.11734051257371902,
                -0.1680372655391693,
                0.07968650758266449,
                0.18555617332458496,
                0.02513734996318817,
                0.07571285963058472,
                0.035799477249383926,
                -0.07297295331954956,
                0.059518687427043915,
                0.2057960480451584,
                -0.13377225399017334,
                -0.005582839250564575,
                0.10104350000619888,
                -0.0075567178428173065,
                0.036112308502197266,
                -0.15732361376285553,
                0.17676763236522675,
                0.06283656507730484,
                -0.13454188406467438,
                -0.23301522433757782,
                0.112762950360775,
                -0.17530177533626556,
                -0.15438823401927948,
                0.14836643636226654,
                -0.16615644097328186,
                -0.1772829294204712,
                -0.32629886269569397,
                -0.0011645033955574036,
                0.35226261615753174,
                0.16958686709403992,
                -0.1915525197982788,
                0.08917094022035599,
                -0.006431809160858393,
                -0.00988740660250187,
                0.15620486438274384,
                0.1856776475906372,
                0.005927413702011108,
                0.05786706507205963,
                -0.035870764404535294,
                0.0040106624364852905,
                0.2979769706726074,
                -0.007880564779043198,
                -0.05655883625149727,
                0.22092144191265106,
                -0.002678307704627514,
                0.004519090987741947,
                0.03725842013955116,
                -0.007073086686432362,
                -0.0280804131180048,
                0.01917235367000103,
                -0.17395234107971191,
                -0.04762733355164528,
                -0.021019628271460533,
                -0.03451770171523094,
                -0.0208602175116539,
                0.1632215976715088,
                -0.15549148619174957,
                0.16175033152103424,
                -0.014445566572248936,
                0.03886442258954048,
                0.04772156849503517,
                0.001460821251384914,
                -0.0785103589296341,
                -0.03874180093407631,
                0.1290629357099533,
                -0.23745636641979218,
                0.20811469852924347,
                0.11536737531423569,
                0.15657183527946472,
                0.050207801163196564,
                0.15687355399131775,
                0.1075904369354248,
                -0.021453790366649628,
                -0.019125327467918396,
                -0.1978994905948639,
                0.006962381303310394,
                0.09445306658744812,
                -0.051687970757484436,
                0.1261414885520935,
                -0.017996087670326233
            ]
        ]
    },
    "hand": {
        "hand_count": 0,
        "hand_landmarks": []
    },
    "body": {
        "landmark_count": 33,
        "landmarks": [
            {
                "x": 0.6158429384231567,
                "y": 0.47363659739494324,
                "z": -1.175295352935791,
                "visibility": 0.9996106028556824
            },
            {
                "x": 0.5822814106941223,
                "y": 0.4283134639263153,
                "z": -1.0597069263458252,
                "visibility": 0.9994638562202454
            },
            {
                "x": 0.5879926085472107,
                "y": 0.4255819320678711,
                "z": -1.06002938747406,
                "visibility": 0.9994186162948608
            },
            {
                "x": 0.5929000973701477,
                "y": 0.4230247735977173,
                "z": -1.05999755859375,
                "visibility": 0.9994170665740967
            },
            {
                "x": 0.5409682393074036,
                "y": 0.43753695487976074,
                "z": -1.2452116012573242,
                "visibility": 0.9995204210281372
            },
            {
                "x": 0.5159804821014404,
                "y": 0.443398118019104,
                "z": -1.2451939582824707,
                "visibility": 0.9995400905609131
            },
            {
                "x": 0.48477762937545776,
                "y": 0.4525258541107178,
                "z": -1.2459920644760132,
                "visibility": 0.9995098114013672
            },
            {
                "x": 0.5386866331100464,
                "y": 0.4554693102836609,
                "z": -0.5061677694320679,
                "visibility": 0.9994252920150757
            },
            {
                "x": 0.38568615913391113,
                "y": 0.5014971494674683,
                "z": -1.3229278326034546,
                "visibility": 0.9997212290763855
            },
            {
                "x": 0.6364063620567322,
                "y": 0.5256571769714355,
                "z": -0.957867443561554,
                "visibility": 0.999467670917511
            },
            {
                "x": 0.5855742692947388,
                "y": 0.5454912781715393,
                "z": -1.193154215812683,
                "visibility": 0.9996850490570068
            },
            {
                "x": 0.5357043743133545,
                "y": 0.7913393974304199,
                "z": 0.151239812374115,
                "visibility": 0.9834299087524414
            },
            {
                "x": 0.29084473848342896,
                "y": 0.8446741700172424,
                "z": -1.6216092109680176,
                "visibility": 0.9926557540893555
            },
            {
                "x": 0.6545199751853943,
                "y": 1.1727383136749268,
                "z": 0.40536656975746155,
                "visibility": 0.011821210384368896
            },
            {
                "x": 0.24133345484733582,
                "y": 1.268229603767395,