{
    "face": {
        "face_count": 1,
        "face_embeddings": [
            [
                -0.042172305285930634,
                0.12146203964948654,
                0.040225155651569366,
                -0.014184616506099701,
                -0.10521744191646576,
                -0.01077499333769083,
                -0.06552349776029587,
                -0.1114618182182312,
                0.12233112007379532,
                -0.08385720103979111,
                0.17546172440052032,
                0.03636810928583145,
                -0.16912409663200378,
                -0.05885947868227959,
                -0.0231938399374485,
                0.14310823380947113,
                -0.08405361324548721,
                -0.1636924147605896,
                -0.001726316288113594,
                0.034437209367752075,
                0.10413580387830734,
                0.10490426421165466,
                0.06547308713197708,
                0.024020524695515633,
                -0.23042917251586914,
                -0.260847270488739,
                -0.07253780961036682,
                -0.030962679535150528,
                -0.0400165319442749,
                -0.05595261976122856,
                -0.009066585451364517,
                0.09517651051282883,
                -0.19941715896129608,
                0.026047969236969948,
                0.07780944555997849,
                0.12018651515245438,
                -0.03244493529200554,
                -0.03573039919137955,
                0.1742112934589386,
                0.03851086646318436,
                -0.30719080567359924,
                0.04786915332078934,
                0.05420611426234245,
                0.2680380642414093,
                0.20075029134750366,
                -0.041207361966371536,
                0.025470919907093048,
                -0.16971811652183533,
                0.07177148014307022,
                -0.18878990411758423,
                0.08450626581907272,
                0.13979732990264893,
                0.035722196102142334,
                0.06402796506881714,
                0.002720373682677746,
                -0.09442123770713806,
                0.030206654220819473,
                0.10866761207580566,
                -0.1372472047805786,
                -0.016492478549480438,
                0.10210827738046646,
                -0.03071104735136032,
                0.027288250625133514,
                -0.10540209710597992,
                0.18935422599315643,
                0.03312186524271965,
                -0.11139068007469177,
                -0.16603465378284454,
                0.06383740901947021,
                -0.18428409099578857,
                -0.12876848876476288,
                0.15276364982128143,
                -0.14349152147769928,
                -0.2165204882621765,
                -0.3236240744590759,
                0.024978157132864,
                0.35300594568252563,
                0.17317083477973938,
                -0.17590120434761047,
                0.08267170190811157,
                0.01296813040971756,
                0.01925654336810112,
                0.10432597994804382,
                0.1530245989561081,
                -0.008936162106692791,
                0.07989504933357239,
                -0.0521363839507103,
                0.06351704150438309,
                0.322890967130661,
                -0.051795534789562225,
                -0.07260792702436447,
                0.24303112924098969,
                0.03242971748113632,
                0.06299042701721191,
                0.03571765124797821,
                0.007883020676672459,
                -0.0004381593316793442,
                0.00701372092589736,
                -0.17726647853851318,
                -0.014119905419647694,
                -0.04252564162015915,
                -0.005208623595535755,
                -0.004707487765699625,
                0.18255440890789032,
                -0.16388313472270966,
                0.16938014328479767,
                0.004281016997992992,
                -0.021216440945863724,
                0.0015755710192024708,
                0.018146170303225517,
                -0.1197919100522995,
                -0.06653111428022385,
                0.10692234337329865,
                -0.21480953693389893,
                0.2087465077638626,
                0.11927477270364761,
                0.10215315222740173,
                0.08281922340393066,
                0.1355777084827423,
                0.08089631795883179,
                -0.018641233444213867,
                -0.015402182936668396,
                -0.15839208662509918,
                0.003258148906752467,
                0.15812739729881287,
                -0.07645829766988754,
                0.15064078569412231,
                -0.00721580907702446
            ]
        ]
    },
    "hand": {
        "hand_count": 0,
        "hand_landmarks": []
    },
    "body": {
        "landmark_count": 33,
        "landmarks": [
            {
                "x": 0.81916743516922,
                "y": 0.34933793544769287,
                "z": -1.6160495281219482,
                "visibility": 0.9996035695075989
            },
            {
                "x": 0.8289417028427124,
                "y": 0.2745164632797241,
                "z": -1.4785584211349487,
                "visibility": 0.9991729855537415
            },
            {
                "x": 0.8501561284065247,
                "y": 0.27570641040802,
                "z": -1.4790486097335815,
                "visibility": 0.9990779161453247
            },
            {
                "x": 0.8707405924797058,
                "y": 0.27733278274536133,
                "z": -1.4788541793823242,
                "visibility": 0.9989203214645386
            },
            {
                "x": 0.7379931807518005,
                "y": 0.26839888095855713,
                "z": -1.6805318593978882,
                "visibility": 0.9995312690734863
            },
            {
                "x": 0.6916650533676147,
                "y": 0.2654303312301636,
                "z": -1.6802854537963867,
                "visibility": 0.999620795249939
            },
            {
                "x": 0.6416535377502441,
                "y": 0.26187682151794434,
                "z": -1.6815506219863892,
                "visibility": 0.9995993971824646
            },
            {
                "x": 0.8076784610748291,
                "y": 0.31075942516326904,
                "z": -0.7063931226730347,
                "visibility": 0.9989749193191528
            },
            {
                "x": 0.4911833703517914,
                "y": 0.27995359897613525,
                "z": -1.5774283409118652,
                "visibility": 0.9998216032981873
            },
            {
                "x": 0.8204318881034851,
                "y": 0.42481136322021484,
                "z": -1.3075361251831055,
                "visibility": 0.9996417760848999
            },
            {
                "x": 0.7183234691619873,
                "y": 0.42981910705566406,
                "z": -1.5585637092590332,
                "visibility": 0.9998725652694702
            },
            {
                "x": 0.8516385555267334,
                "y": 0.7249064445495605,
                "z": 0.14370311796665192,
                "visibility": 0.986255407333374
            },
            {
                "x": 0.15273752808570862,
                "y": 0.7794303297996521,
                "z": -1.7860546112060547,
                "visibility": 0.9980358481407166
            },
            {
                "x": 1.0343810319900513,
                "y": 1.2452788352966309,
                "z": 0.7343224287033081,
                "visibility": 0.018914245069026947
            },
            {
                "x": -0.04304877296090126,
                "y": 1.4018784761428833,