{
    "face": {
        "face_count": 1,
        "face_embeddings": [
            [
                -0.12555290758609772,
                0.0544947050511837,
                0.024022098630666733,
                -0.0366390198469162,
                -0.11604267358779907,
                0.011221189051866531,
                -0.08419562876224518,
                -0.10999087989330292,
                0.10782445222139359,
                -0.1192159578204155,
                0.18029367923736572,
                0.0007021580822765827,
                -0.18914026021957397,
                -0.07990516722202301,
                -0.0707147940993309,
                0.16323810815811157,
                -0.1710653156042099,
                -0.11303006857633591,
                0.028731409460306168,
                0.010028857737779617,
                0.13198621571063995,
                0.032900746911764145,
                -0.03185632452368736,
                0.0341268852353096,
                -0.07490427047014236,
                -0.2502019703388214,
                -0.10184925049543381,
                -0.06571005284786224,
                -0.002467311918735504,
                -0.07148364931344986,
                -0.05442128702998161,
                0.013770462945103645,
                -0.15852095186710358,
                -0.035773444920778275,
                0.050649575889110565,
                0.10816990584135056,
                0.029438354074954987,
                -0.0349106602370739,
                0.11170123517513275,
                0.0025642085820436478,
                -0.21758535504341125,
                0.07168608903884888,
                0.06180107221007347,
                0.2383410483598709,
                0.1840895712375641,
                0.025777200236916542,
                -0.027982672676444054,
                -0.19616587460041046,
                0.1910293698310852,
                -0.14712481200695038,
                0.059368252754211426,
                0.12988418340682983,
                0.07937337458133698,
                0.03540564700961113,
                0.03223096951842308,
                -0.1276066154241562,
                0.07479953020811081,
                0.11882476508617401,
                -0.16462098062038422,
                0.046536967158317566,
                0.12235140800476074,
                -0.06396841257810593,
                0.03619451820850372,
                -0.07160815596580505,
                0.1318596601486206,
                0.03912407159805298,
                -0.05989926680922508,
                -0.2724013030529022,
                0.13890716433525085,
                -0.14067183434963226,
                -0.11049063503742218,
                0.1135999858379364,
                -0.14325258135795593,
                -0.17704059183597565,
                -0.2843751311302185,
                0.0062570590525865555,
                0.3644266128540039,
                0.16721077263355255,
                -0.15944123268127441,
                0.08158006519079208,
                -0.05555211752653122,
                -0.03165633603930473,
                0.14039476215839386,
                0.11916469782590866,
                0.039340823888778687,
                0.000291566364467144,
                -0.12082889676094055,
                -0.007353606633841991,
                0.2425437867641449,
                -0.020091138780117035,
                -0.011171841993927956,
                0.21919286251068115,
                0.01926722377538681,
                0.04188557341694832,
                0.0396542102098465,
                0.03480442613363266,
                -0.10786757618188858,
                0.05335426330566406,
                -0.17186594009399414,
                -0.09688837081193924,
                -0.026449276134371758,
                -0.04857063293457031,
                0.025803443044424057,
                0.14382945001125336,
                -0.16723613440990448,
                0.14409063756465912,
                -0.04282938316464424,
                0.04789109155535698,
                -0.04024539887905121,
                -0.050660524517297745,
                -0.10042524337768555,
                0.046777378767728806,
                0.12292345613241196,
                -0.20327261090278625,
                0.2155655473470688,
                0.11253230273723602,
                0.1499297320842743,
                0.07274672389030457,
                0.12161529064178467,
                0.06326977908611298,
                -0.028889380395412445,
                -0.0821559727191925,
                -0.22519008815288544,
                -0.01401314977556467,
                0.06613726913928986,
                -0.061139024794101715,
                0.09838678687810898,
                0.019634922966361046
            ]
        ]
    },
    "hand": {
        "hand_count": 0,
        "hand_landmarks": []
    },
    "body": {
        "landmark_count": 33,
        "landmarks": [
            {
                "x": 0.4680083394050598,
                "y": 0.389349102973938,
                "z": -1.9008173942565918,
                "visibility": 0.999420166015625
            },
            {
                "x": 0.530832052230835,
                "y": 0.3225003480911255,
                "z": -1.818443775177002,
                "visibility": 0.9990509152412415
            },
            {
                "x": 0.58041912317276,
                "y": 0.3208596706390381,
                "z": -1.8200081586837769,
                "visibility": 0.9990338087081909
            },
            {
                "x": 0.616277813911438,
                "y": 0.32014381885528564,
                "z": -1.8215528726577759,
                "visibility": 0.9989873766899109
            },
            {
                "x": 0.39476412534713745,
                "y": 0.32999491691589355,
                "z": -1.7423205375671387,
                "visibility": 0.9991405010223389
            },
            {
                "x": 0.3591131567955017,
                "y": 0.33349716663360596,
                "z": -1.7407793998718262,
                "visibility": 0.9991180300712585
            },
            {
                "x": 0.3336646556854248,
                "y": 0.33844470977783203,
                "z": -1.7418874502182007,
                "visibility": 0.9991363883018494
            },
            {
                "x": 0.6905516982078552,
                "y": 0.3426938056945801,
                "z": -1.1509522199630737,
                "visibility": 0.9992524981498718
            },
            {
                "x": 0.3315327763557434,
                "y": 0.37546777725219727,
                "z": -0.7363115549087524,
                "visibility": 0.9992541670799255
            },
            {
                "x": 0.5821737051010132,
                "y": 0.4690670669078827,
                "z": -1.6409577131271362,
                "visibility": 0.9994344115257263
            },
            {
                "x": 0.4216786026954651,
                "y": 0.4850022792816162,
                "z": -1.5252130031585693,
                "visibility": 0.9994032382965088
            },
            {
                "x": 1.0014660358428955,
                "y": 0.786868691444397,
                "z": -1.033948540687561,
                "visibility": 0.9801172614097595
            },
            {
                "x": 0.2061859667301178,
                "y": 0.7901345491409302,
                "z": -0.2058975249528885,
                "visibility": 0.9904468059539795
            },
            {
                "x": 1.2867152690887451,
                "y": 1.2212237119674683,
                "z": -1.3156001567840576,
                "visibility": 0.0817711353302002
            },
            {
                "x": -0.019741714000701904,
                "y": 1.286163330078125,