{
    "face": {
        "face_count": 1,
        "face_embeddings": [
            [
                -0.12475671619176865,
                0.04046279191970825,
                0.034339092671871185,
                -0.04407024011015892,
                -0.14570066332817078,
                -0.004132928792387247,
                -0.09846165776252747,
                -0.12869107723236084,
                0.14790461957454681,
                -0.1415003091096878,
                0.1609879583120346,
                -0.021152082830667496,
                -0.14659135043621063,
                -0.05832679569721222,
                -0.07038723677396774,
                0.14091908931732178,
                -0.10631665587425232,
                -0.15247216820716858,
                0.05673568323254585,
                -0.0099465511739254,
                0.10826265066862106,
                0.10988320410251617,
                -0.03876607120037079,
                0.06755705177783966,
                -0.0897999182343483,
                -0.2894616425037384,
                -0.1433960348367691,
                -0.04903341829776764,
                -0.010379239916801453,
                -0.059471964836120605,
                -0.03132651746273041,
                0.030283436179161072,
                -0.15292204916477203,
                -0.04458356648683548,
                0.08788449317216873,
                0.1365223377943039,
                0.04572363570332527,
                -0.027846965938806534,
                0.14633552730083466,
                0.03509378060698509,
                -0.23391030728816986,
                0.07645349204540253,
                0.08245519548654556,
                0.2821669578552246,
                0.18568456172943115,
                0.03868410363793373,
                -0.004662252962589264,
                -0.21578092873096466,
                0.21562305092811584,
                -0.11668315529823303,
                0.05678543820977211,
                0.13757546246051788,
                0.09244485944509506,
                -0.00209161639213562,
                0.015860799700021744,
                -0.11151383817195892,
                0.007424602285027504,
                0.15333165228366852,
                -0.1659955084323883,
                0.06113658845424652,
                0.12207558006048203,
                -0.06475097686052322,
                0.03817318379878998,
                -0.07895631343126297,
                0.15268172323703766,
                0.006186449434608221,
                -0.09066122025251389,
                -0.26451897621154785,
                0.1331239491701126,
                -0.1758885383605957,
                -0.13002575933933258,
                0.11135517805814743,
                -0.1518016904592514,
                -0.1946941316127777,
                -0.3017403781414032,
                0.057137928903102875,
                0.4002206325531006,
                0.12493040412664413,
                -0.15684501826763153,
                0.10456745326519012,
                -0.010600868612527847,
                -0.023151058703660965,
                0.11446046829223633,
                0.1602228879928589,
                0.0441976860165596,
                -0.008170503191649914,
                -0.10451339185237885,
                -0.005599157884716988,
                0.3061680495738983,
                -0.024446336552500725,
                0.00040223042014986277,
                0.19677017629146576,
                0.004577821120619774,
                0.08977606147527695,
                0.020899448543787003,
                0.06869739294052124,
                -0.12976156175136566,
                0.06616285443305969,
                -0.18717767298221588,
                -0.05239693075418472,
                -0.05662858113646507,
                0.023294422775506973,
                0.03802291676402092,
                0.14230072498321533,
                -0.17746853828430176,
                0.18050768971443176,
                -0.045663535594940186,
                -0.027723509818315506,
                -0.08645324409008026,
                -0.06208569183945656,
                -0.11330856382846832,
                0.0317578986287117,
                0.14460957050323486,
                -0.19850502908229828,
                0.1885857731103897,
                0.08969681710004807,
                0.15980850160121918,
                0.14365990459918976,
                0.14405153691768646,
                0.052919529378414154,
                0.014635609462857246,
                -0.06238633021712303,
                -0.20748326182365417,
                -0.027367206290364265,
                0.08718063682317734,
                -0.07003026455640793,
                0.117640420794487,
                0.01000271737575531
            ]
        ]
    },
    "hand": {
        "hand_count": 1,
        "hand_landmarks": [
            [
                {
                    "x": 0.416379451751709,
                    "y": 0.8902994990348816,
                    "z": -6.200581736948152e-08,
                    "visibility": 0.0
                },
                {
                    "x": 0.49199190735816956,
                    "y": 0.808234453201294,
                    "z": 0.03504803776741028,
                    "visibility": 0.0
                },
                {
                    "x": 0.5092675089836121,
                    "y": 0.7516002655029297,
                    "z": 0.035270389169454575,
                    "visibility": 0.0
                },
                {
                    "x": 0.5271736979484558,
                    "y": 0.716070294380188,
                    "z": 0.015919279307127,
                    "visibility": 0.0
                },
                {
                    "x": 0.5306079983711243,
                    "y": 0.691227376461029,
                    "z": 0.0006127665401436388,
                    "visibility": 0.0
                },
                {
                    "x": 0.34954917430877686,
                    "y": 0.7256988286972046,
                    "z": 0.06011151522397995,
                    "visibility": 0.0
                },
                {
                    "x": 0.4280204772949219,
                    "y": 0.6659070253372192,
                    "z": 0.024588748812675476,
                    "visibility": 0.0
                },
                {
                    "x": 0.4916057586669922,
                    "y": 0.6835415959358215,
                    "z": -0.0064688134007155895,
                    "visibility": 0.0
                },
                {
                    "x": 0.52605801820755,
                    "y": 0.7128651738166809,
                    "z": -0.021837985143065453,
                    "visibility": 0.0
                },
                {
                    "x": 0.3221047520637512,
                    "y": 0.7280392050743103,
                    "z": 0.021354539319872856,
                    "visibility": 0.0
                },
                {
                    "x": 0.4247536063194275,
                    "y": 0.6572189927101135,
                    "z": -0.01218830980360508,
                    "visibility": 0.0
                },
                {
                    "x": 0.4982127249240875,
                    "y": 0.6851019859313965,
                    "z": -0.03271972015500069,
                    "visibility": 0.0
                },
                {
                    "x": 0.5233280062675476,
                    "y": 0.7231522798538208,
                    "z": -0.03985149413347244,
                    "visibility": 0.0
                },
                {
                    "x": 0.32394158840179443,
                    "y": 0.7311985492706299,
                    "z": -0.02109290286898613,