{
    "face": {
        "face_count": 1,
        "face_embeddings": [
            [
                -0.10889186710119247,
                0.008487505838274956,
                0.009030631743371487,
                -0.047501981258392334,
                -0.12072981894016266,
                -0.03353293612599373,
                -0.11878573149442673,
                -0.12007725238800049,
                0.12910209596157074,
                -0.1608746498823166,
                0.17356012761592865,
                -0.02738339826464653,
                -0.19783532619476318,
                -0.05372150242328644,
                -0.0913795456290245,
                0.14285893738269806,
                -0.12857115268707275,
                -0.15123902261257172,
                0.03180346637964249,
                -0.00929875485599041,
                0.11577113717794418,
                0.06438875198364258,
                0.008564434945583344,
                0.05415276065468788,
                -0.1066976934671402,
                -0.26134157180786133,
                -0.1418258100748062,
                -0.06925325095653534,
                -0.009180709719657898,
                -0.09826819598674774,
                -0.05930500105023384,
                -0.008807221427559853,
                -0.13175475597381592,
                0.0032487642019987106,
                0.08451904356479645,
                0.1356995403766632,
                0.04386667534708977,
                -0.04982435703277588,
                0.1523897647857666,
                0.0032737571746110916,
                -0.25882193446159363,
                0.057234711945056915,
                0.05301431193947792,
                0.28574782609939575,
                0.21147458255290985,
                0.022900555282831192,
                -0.058910056948661804,
                -0.22025002539157867,
                0.17723681032657623,
                -0.12934285402297974,
                0.08276933431625366,
                0.1391485333442688,
                0.05871598795056343,
                0.04026835411787033,
                0.024103689938783646,
                -0.10715452581644058,
                0.050372153520584106,
                0.17998482286930084,
                -0.13868331909179688,
                -0.001164500368759036,
                0.11758958548307419,
                -0.05570121482014656,
                0.05366893857717514,
                -0.08700348436832428,
                0.16642850637435913,
                0.009501543827354908,
                -0.11797689646482468,
                -0.2373206913471222,
                0.0922735184431076,
                -0.1857442557811737,
                -0.09482365846633911,
                0.1407172828912735,
                -0.16131748259067535,
                -0.1988774985074997,
                -0.26949113607406616,
                -0.001590656116604805,
                0.36831972002983093,
                0.1716887503862381,
                -0.15312828123569489,
                0.08836114406585693,
                -0.049268994480371475,
                0.00016638077795505524,
                0.15411168336868286,
                0.11261886358261108,
                0.0441235788166523,
                0.02052196115255356,
                -0.12122732400894165,
                0.008188753388822079,
                0.2758724093437195,
                -0.05605557560920715,
                -0.013186893425881863,
                0.19717328250408173,
                -0.0016100499778985977,
                0.07572230696678162,
                0.03242664784193039,
                0.049161799252033234,
                -0.10388824343681335,
                0.04681839421391487,
                -0.1827276051044464,
                -0.06881402432918549,
                -0.04127597063779831,
                0.004143130034208298,
                0.026469219475984573,
                0.11466143280267715,
                -0.17434556782245636,
                0.14912281930446625,
                0.004346446134150028,
                -0.0019460995681583881,
                -0.04698561131954193,
                -0.05515231192111969,
                -0.09987437725067139,
                0.019181663170456886,
                0.13827815651893616,
                -0.25627776980400085,
                0.21333085000514984,
                0.12389437109231949,
                0.19603973627090454,
                0.12464778125286102,
                0.1188775971531868,
                0.03340015932917595,
                -0.03793713450431824,
                -0.10016520321369171,
                -0.20147842168807983,
                0.014089279808104038,
                0.07566019892692566,
                -0.027353938668966293,
                0.1477329134941101,
                -0.004600601736456156
            ]
        ]
    },
    "hand": {
        "hand_count": 0,
        "hand_landmarks": []
    },
    "body": {
        "landmark_count": 33,
        "landmarks": [
            {
                "x": 0.5670433640480042,
                "y": 0.46703803539276123,
                "z": -1.230177640914917,
                "visibility": 0.999815046787262
            },
            {
                "x": 0.6011598110198975,
                "y": 0.3624551296234131,
                "z": -1.1700019836425781,
                "visibility": 0.9995142221450806
            },
            {
                "x": 0.6238712668418884,
                "y": 0.36009180545806885,
                "z": -1.1699028015136719,
                "visibility": 0.9995953440666199
            },
            {
                "x": 0.6474360227584839,
                "y": 0.35882413387298584,
                "z": -1.170153021812439,
                "visibility": 0.9994502663612366
            },
            {
                "x": 0.5276550054550171,
                "y": 0.3710745573043823,
                "z": -1.1713581085205078,
                "visibility": 0.9995644688606262
            },
            {
                "x": 0.5016164183616638,
                "y": 0.3744235038757324,
                "z": -1.1704031229019165,
                "visibility": 0.9996569156646729
            },
            {
                "x": 0.47788354754447937,
                "y": 0.37796294689178467,
                "z": -1.1710206270217896,
                "visibility": 0.9996067881584167
            },
            {
                "x": 0.6793521642684937,
                "y": 0.3831669092178345,
                "z": -0.6989904642105103,
                "visibility": 0.999518632888794
            },
            {
                "x": 0.44420093297958374,
                "y": 0.3986217975616455,
                "z": -0.691411554813385,
                "visibility": 0.9997532963752747
            },
            {
                "x": 0.6067508459091187,
                "y": 0.555816650390625,
                "z": -1.0444667339324951,
                "visibility": 0.9997685551643372
            },
            {
                "x": 0.5241855978965759,
                "y": 0.5674306154251099,
                "z": -1.0423403978347778,
                "visibility": 0.9998409748077393
            },
            {
                "x": 0.8982381820678711,
                "y": 0.9305151700973511,
                "z": -0.3948728144168854,
                "visibility": 0.9963433146476746
            },
            {
                "x": 0.23202744126319885,
                "y": 0.9115724563598633,
                "z": -0.5245316624641418,
                "visibility": 0.9988608360290527
            },
            {
                "x": 0.9822885394096375,
                "y": 1.4948081970214844,
                "z": -0.45177268981933594,
                "visibility": 0.06856460869312286
            },
            {
                "x": 0.16580712795257568,
                "y": 1.4692449569702148,