{
    "face": {
        "face_count": 1,
        "face_embeddings": [
            [
                -0.14282861351966858,
                0.05488404259085655,
                0.043127741664648056,
                -0.06110111251473427,
                -0.14834576845169067,
                -0.023624135181307793,
                -0.0822795182466507,
                -0.12197427451610565,
                0.09877222776412964,
                -0.17138727009296417,
                0.1745920479297638,
                -0.049794383347034454,
                -0.19957885146141052,
                -0.0583764910697937,
                -0.08490113914012909,
                0.13846683502197266,
                -0.1548486351966858,
                -0.1262018084526062,
                0.04850928112864494,
                -0.015605820342898369,
                0.1746087372303009,
                0.04773268103599548,
                -0.010031078942120075,
                0.0558098629117012,
                -0.07216823846101761,
                -0.2565736472606659,
                -0.11386139690876007,
                -0.051565222442150116,
                -0.015378229320049286,
                -0.08841055631637573,
                -0.009325884282588959,
                -0.04444120079278946,
                -0.1562923789024353,
                -0.03341247886419296,
                0.04160849004983902,
                0.13018706440925598,
                0.030332976952195168,
                -0.05532841384410858,
                0.13992290198802948,
                -0.030450928956270218,
                -0.24021752178668976,
                0.05915886536240578,
                0.06503396481275558,
                0.26649630069732666,
                0.17528894543647766,
                0.06967584788799286,
                -0.06645968556404114,
                -0.20926213264465332,
                0.18491441011428833,
                -0.12199445068836212,
                0.0825420692563057,
                0.12968093156814575,
                0.06757989525794983,
                0.025793982669711113,
                -0.00657609011977911,
                -0.10551059991121292,
                0.07143703103065491,
                0.13169564306735992,
                -0.1748814731836319,
                0.019080396741628647,
                0.13575462996959686,
                -0.07865734398365021,
                0.058358851820230484,
                -0.06975065916776657,
                0.17432910203933716,
                0.016822613775730133,
                -0.10505631566047668,
                -0.24791677296161652,
                0.12419772148132324,
                -0.17994652688503265,
                -0.13656862080097198,
                0.1007494330406189,
                -0.14269183576107025,
                -0.16235287487506866,
                -0.278283953666687,
                0.010992389172315598,
                0.3951694369316101,
                0.13583272695541382,
                -0.14198969304561615,
                0.05563560128211975,
                -0.060279909521341324,
                -0.011609908193349838,
                0.14602605998516083,
                0.1589394062757492,
                0.04902715981006622,
                -0.007595290429890156,
                -0.10614262521266937,
                0.010288763791322708,
                0.24631890654563904,
                -0.056943971663713455,
                -0.05205598473548889,
                0.22601662576198578,
                0.03004540130496025,
                0.05403658002614975,
                0.035164427012205124,
                0.05397368595004082,
                -0.11436038464307785,
                0.09162768721580505,
                -0.16217128932476044,
                -0.05493559688329697,
                0.0014558304101228714,
                -0.03335784375667572,
                0.027198897674679756,
                0.14320620894432068,
                -0.19459818303585052,
                0.1624799370765686,
                -0.026295820251107216,
                0.019424457103013992,
                -0.027525095269083977,
                -0.04850346967577934,
                -0.14259035885334015,
                0.0117360083386302,
                0.12966503202915192,
                -0.23329396545886993,
                0.22683732211589813,
                0.14657855033874512,
                0.18027746677398682,
                0.11911460757255554,
                0.14883136749267578,
                0.05722751468420029,
                0.032658204436302185,
                -0.08103691041469574,
                -0.2240588217973709,
                -0.02127523347735405,
                0.07728874683380127,
                -0.03219924867153168,
                0.1454923152923584,
                0.032135237008333206
            ]
        ]
    },
    "hand": {
        "hand_count": 0,
        "hand_landmarks": []
    },
    "body": {
        "landmark_count": 33,
        "landmarks": [
            {
                "x": 0.4709356129169464,
                "y": 0.3776948153972626,
                "z": -1.8862013816833496,
                "visibility": 0.9994155168533325
            },
            {
                "x": 0.5105111598968506,
                "y": 0.31450003385543823,
                "z": -1.8047988414764404,
                "visibility": 0.9990265369415283
            },
            {
                "x": 0.5396884083747864,
                "y": 0.31071680784225464,
                "z": -1.8060553073883057,
                "visibility": 0.9990618824958801
            },
            {
                "x": 0.5657281875610352,
                "y": 0.3075847625732422,
                "z": -1.8071144819259644,
                "visibility": 0.9989804625511169
            },
            {
                "x": 0.41339874267578125,
                "y": 0.3188425302505493,
                "z": -1.7642340660095215,
                "visibility": 0.9987284541130066
            },
            {
                "x": 0.38320013880729675,
                "y": 0.3185027837753296,
                "z": -1.7633806467056274,
                "visibility": 0.9986149072647095
            },
            {
                "x": 0.3622070848941803,
                "y": 0.31931155920028687,
                "z": -1.764291763305664,
                "visibility": 0.9984350800514221
            },
            {
                "x": 0.6084253787994385,
                "y": 0.3208724856376648,
                "z": -1.1732696294784546,
                "visibility": 0.9993191957473755
            },
            {
                "x": 0.3447587788105011,
                "y": 0.33346855640411377,
                "z": -0.9416773319244385,
                "visibility": 0.9987483024597168
            },
            {
                "x": 0.518883228302002,
                "y": 0.43533074855804443,
                "z": -1.6401216983795166,
                "visibility": 0.9997527003288269
            },
            {
                "x": 0.4218987822532654,
                "y": 0.44053250551223755,
                "z": -1.5762406587600708,
                "visibility": 0.9995997548103333
            },
            {
                "x": 0.832850456237793,
                "y": 0.6318387985229492,
                "z": -0.7977060079574585,
                "visibility": 0.9951170682907104
            },
            {
                "x": 0.24136410653591156,
                "y": 0.6163398623466492,
                "z": -0.4041880667209625,
                "visibility": 0.9897629022598267
            },
            {
                "x": 1.0224167108535767,
                "y": 1.0068618059158325,
                "z": -0.7790977954864502,
                "visibility": 0.38396236300468445
            },
            {
                "x": 0.06480494141578674,
                "y": 0.9524584412574768,