{
    "face": {
        "face_count": 1,
        "face_embeddings": [
            [
                -0.17505362629890442,
                0.048200130462646484,
                -0.01029837317764759,
                -0.013813856057822704,
                -0.08232294768095016,
                -0.00367515766993165,
                -0.12178800255060196,
                -0.12847085297107697,
                0.11044040322303772,
                -0.1118331328034401,
                0.14618949592113495,
                -0.013725880533456802,
                -0.16502070426940918,
                -0.055148061364889145,
                -0.043060239404439926,
                0.13609378039836884,
                -0.10968349874019623,
                -0.13266238570213318,
                0.013222625479102135,
                -0.016878517344594002,
                0.10120850056409836,
                0.06543725728988647,
                -0.025234751403331757,
                0.03740854933857918,
                -0.10549658536911011,
                -0.276932954788208,
                -0.11942127346992493,
                -0.08718995749950409,
                0.007007836364209652,
                -0.05642880126833916,
                -0.03665608912706375,
                -0.04904760420322418,
                -0.1731056571006775,
                -0.031709566712379456,
                0.10826023668050766,
                0.13721923530101776,
                0.004752865992486477,
                -0.036471836268901825,
                0.16612480580806732,
                0.018051981925964355,
                -0.22340847551822662,
                0.06420422345399857,
                0.07156720757484436,
                0.2622944414615631,
                0.17799532413482666,
                0.039692118763923645,
                -0.0392511822283268,
                -0.2135910987854004,
                0.1986754983663559,
                -0.10994979739189148,
                0.05606808513402939,
                0.15059179067611694,
                0.06365544348955154,
                0.08390993624925613,
                -0.001292702741920948,
                -0.10972541570663452,
                0.07101986557245255,
                0.0921020582318306,
                -0.19199903309345245,
                0.02903498150408268,
                0.09632154554128647,
                -0.047769758850336075,
                0.00200473889708519,
                -0.06868068128824234,
                0.1633971482515335,
                0.020887112244963646,
                -0.11794301122426987,
                -0.2602445185184479,
                0.09592817723751068,
                -0.18901684880256653,
                -0.08781686425209045,
                0.11380401253700256,
                -0.13992491364479065,
                -0.22856637835502625,
                -0.29560938477516174,
                0.04897182434797287,
                0.3892580568790436,
                0.1562415212392807,
                -0.16572746634483337,
                0.1050066202878952,
                -0.021722275763750076,
                -0.06732293963432312,
                0.11339691281318665,
                0.16735099256038666,
                0.04210411384701729,
                0.04056650027632713,
                -0.02932352013885975,
                -0.012960508465766907,
                0.29325857758522034,
                -0.02625814452767372,
                -0.029298502951860428,
                0.1950768679380417,
                0.0035194549709558487,
                0.08465427160263062,
                0.04498175159096718,
                0.07232566177845001,
                -0.10169150680303574,
                -0.005886572413146496,
                -0.15790140628814697,
                -0.08640138059854507,
                -0.039385825395584106,
                -0.027290409430861473,
                0.04436323046684265,
                0.11199553310871124,
                -0.1885996013879776,
                0.21236300468444824,
                0.007216048892587423,
                -0.002808175515383482,
                -0.05408918857574463,
                -0.012880462221801281,
                -0.1198429986834526,
                0.007388874888420105,
                0.1368645429611206,
                -0.22968536615371704,
                0.2606613337993622,
                0.14023977518081665,
                0.1850658506155014,
                0.12794101238250732,
                0.14291894435882568,
                0.04867579787969589,
                -0.0026151668280363083,
                0.006066667847335339,
                -0.18243397772312164,
                -0.049130864441394806,
                0.04934180900454521,
                -0.019307401031255722,
                0.11764660477638245,
                0.004855794832110405
            ]
        ]
    },
    "hand": {
        "hand_count": 0,
        "hand_landmarks": []
    },
    "body": {
        "landmark_count": 33,
        "landmarks": [
            {
                "x": 0.5024511814117432,
                "y": 0.42878615856170654,
                "z": -2.6336939334869385,
                "visibility": 0.9997707009315491
            },
            {
                "x": 0.5636364817619324,
                "y": 0.35781049728393555,
                "z": -2.523055076599121,
                "visibility": 0.9994370341300964
            },
            {
                "x": 0.6137067675590515,
                "y": 0.3550870418548584,
                "z": -2.523427724838257,
                "visibility": 0.9993632435798645
            },
            {
                "x": 0.6529521346092224,
                "y": 0.35386455059051514,
                "z": -2.5244932174682617,
                "visibility": 0.9992958307266235
            },
            {
                "x": 0.42108747363090515,
                "y": 0.36943984031677246,
                "z": -2.4669082164764404,
                "visibility": 0.9994366765022278
            },
            {
                "x": 0.3837890625,
                "y": 0.3751711845397949,
                "z": -2.4665021896362305,
                "visibility": 0.9994155168533325
            },
            {
                "x": 0.3529519736766815,
                "y": 0.38122594356536865,
                "z": -2.4680826663970947,
                "visibility": 0.9994657635688782
            },
            {
                "x": 0.7395085692405701,
                "y": 0.37637245655059814,
                "z": -1.6658949851989746,
                "visibility": 0.9992465972900391
            },
            {
                "x": 0.3325035870075226,
                "y": 0.4145958721637726,
                "z": -1.3592029809951782,
                "visibility": 0.9995618462562561
            },
            {
                "x": 0.6187888979911804,
                "y": 0.4922536015510559,
                "z": -2.3011834621429443,
                "visibility": 0.9998716115951538
            },
            {
                "x": 0.443615198135376,
                "y": 0.504694402217865,
                "z": -2.2155375480651855,
                "visibility": 0.9998641014099121
            },
            {
                "x": 1.1085433959960938,
                "y": 0.7798213958740234,
                "z": -1.0723185539245605,
                "visibility": 0.9931178092956543
            },
            {
                "x": 0.12218916416168213,
                "y": 0.7538732886314392,
                "z": -0.8631953597068787,
                "visibility": 0.9983717799186707
            },
            {
                "x": 1.4514617919921875,
                "y": 1.1854952573776245,
                "z": -1.159790277481079,
                "visibility": 0.11862921714782715
            },
            {
                "x": -0.043880343437194824,
                "y": 1.101888656616211,