{
    "face": {
        "face_count": 1,
        "face_embeddings": [
            [
                -0.09527935832738876,
                0.02445261925458908,
                -0.010181020945310593,
                -0.06442701816558838,
                -0.10179104655981064,
                -0.009791528806090355,
                -0.09921427816152573,
                -0.1435939222574234,
                0.11923311650753021,
                -0.1765163689851761,
                0.18655610084533691,
                -0.0350596085190773,
                -0.18951568007469177,
                -0.07577734440565109,
                -0.08585317432880402,
                0.15413157641887665,
                -0.14986415207386017,
                -0.13290907442569733,
                0.04026152193546295,
                0.01926311105489731,
                0.1488037407398224,
                0.02848946861922741,
                -0.013673613779246807,
                0.07497715204954147,
                -0.12835802137851715,
                -0.2745271623134613,
                -0.14261500537395477,
                -0.07424196600914001,
                -0.00032416731119155884,
                -0.08249607682228088,
                -0.07131113857030869,
                0.012744106352329254,
                -0.19380632042884827,
                -0.016300108283758163,
                0.03164492920041084,
                0.12989823520183563,
                0.016198303550481796,
                -0.03827555477619171,
                0.13868016004562378,
                0.01686711609363556,
                -0.2291952222585678,
                0.08531982451677322,
                0.06008872762322426,
                0.2418668568134308,
                0.17374791204929352,
                0.054929960519075394,
                -0.010858386754989624,
                -0.20089517533779144,
                0.16670465469360352,
                -0.15109272301197052,
                0.09337734431028366,
                0.11994967609643936,
                0.09196591377258301,
                0.041403088718652725,
                -0.003483251668512821,
                -0.1293291449546814,
                0.050116464495658875,
                0.13808614015579224,
                -0.17088031768798828,
                0.06790543347597122,
                0.1279350370168686,
                -0.06961710751056671,
                0.008229099214076996,
                -0.07794367522001266,
                0.16991910338401794,
                0.06064940243959427,
                -0.0924927219748497,
                -0.23344069719314575,
                0.14824044704437256,
                -0.18820209801197052,
                -0.09492648392915726,
                0.1049022525548935,
                -0.13842378556728363,
                -0.19572745263576508,
                -0.2753797173500061,
                0.009056155569851398,
                0.3428325951099396,
                0.1763627529144287,
                -0.1499650478363037,
                0.09544031322002411,
                -0.04700297862291336,
                0.006632177624851465,
                0.15643660724163055,
                0.11508763581514359,
                0.06395138055086136,
                -0.004544093273580074,
                -0.09821571409702301,
                0.018249627202749252,
                0.2710191309452057,
                -0.04837847501039505,
                -0.0009097917936742306,
                0.216546893119812,
                0.0005562920123338699,
                0.06825829297304153,
                0.0238676555454731,
                0.028293509036302567,
                -0.11001021414995193,
                0.049300216138362885,
                -0.14193785190582275,
                -0.0318906232714653,
                -0.04011189937591553,
                -0.019557597115635872,
                0.006572395097464323,
                0.12022719532251358,
                -0.16155168414115906,
                0.16573795676231384,
                -0.0340031273663044,
                0.001146727241575718,
                -0.014901088550686836,
                -0.034909021109342575,
                -0.13102987408638,
                0.0014215264236554503,
                0.12045379728078842,
                -0.24103349447250366,
                0.2390325516462326,
                0.12492819130420685,
                0.1424841433763504,
                0.10729619115591049,
                0.12778720259666443,
                0.08695126324892044,
                -0.009220403619110584,
                -0.0781354233622551,
                -0.26517871022224426,
                -0.019557733088731766,
                0.10598163306713104,
                -0.07044746726751328,
                0.1214674711227417,
                -0.0037494697608053684
            ]
        ]
    },
    "hand": {
        "hand_count": 1,
        "hand_landmarks": [
            [
                {
                    "x": 0.09709225594997406,
                    "y": 1.0263781547546387,
                    "z": 6.629660447288188e-07,
                    "visibility": 0.0
                },
                {
                    "x": 0.16873861849308014,
                    "y": 0.9956583976745605,
                    "z": -0.03942238539457321,
                    "visibility": 0.0
                },
                {
                    "x": 0.19878950715065002,
                    "y": 0.9442412257194519,
                    "z": -0.06507065147161484,
                    "visibility": 0.0
                },
                {
                    "x": 0.213937908411026,
                    "y": 0.9013426899909973,
                    "z": -0.08845940977334976,
                    "visibility": 0.0
                },
                {
                    "x": 0.23278452455997467,
                    "y": 0.8536261320114136,
                    "z": -0.116071417927742,
                    "visibility": 0.0
                },
                {
                    "x": 0.1370747983455658,
                    "y": 0.8737732768058777,
                    "z": -0.06542973965406418,
                    "visibility": 0.0
                },
                {
                    "x": 0.1492031067609787,
                    "y": 0.8126287460327148,
                    "z": -0.10747601836919785,
                    "visibility": 0.0
                },
                {
                    "x": 0.15773533284664154,
                    "y": 0.7710434794425964,
                    "z": -0.13873659074306488,
                    "visibility": 0.0
                },
                {
                    "x": 0.16699913144111633,
                    "y": 0.7341299057006836,
                    "z": -0.16351880133152008,
                    "visibility": 0.0
                },
                {
                    "x": 0.09488780051469803,
                    "y": 0.8814665675163269,
                    "z": -0.07666607946157455,
                    "visibility": 0.0
                },
                {
                    "x": 0.0927039310336113,
                    "y": 0.8118862509727478,
                    "z": -0.12331750988960266,
                    "visibility": 0.0
                },
                {
                    "x": 0.09999565780162811,
                    "y": 0.7628896832466125,
                    "z": -0.1642848253250122,
                    "visibility": 0.0
                },
                {
                    "x": 0.11032591760158539,
                    "y": 0.7184277772903442,
                    "z": -0.19561584293842316,
                    "visibility": 0.0
                },
                {
                    "x": 0.054015181958675385,
                    "y": 0.905135452747345,
                    "z": -0.09111731499433517,