{
    "face": {
        "face_count": 1,
        "face_embeddings": [
            [
                -0.09565885365009308,
                0.05321144312620163,
                0.008045857772231102,
                -0.05242257937788963,
                -0.13101857900619507,
                0.011838004924356937,
                -0.11316420137882233,
                -0.06385333091020584,
                0.19811725616455078,
                -0.12197714298963547,
                0.18037530779838562,
                0.022045008838176727,
                -0.1550275832414627,
                -0.02004995383322239,
                -0.0707726925611496,
                0.13278865814208984,
                -0.1935674101114273,
                -0.13626427948474884,
                0.06445762515068054,
                0.03542451187968254,
                0.1394655555486679,
                0.06500545144081116,
                -0.0673518255352974,
                0.0654372051358223,
                -0.10977467149496078,
                -0.2900030016899109,
                -0.13021568953990936,
                -0.09973971545696259,
                0.03159315884113312,
                -0.10548538714647293,
                -0.06938222795724869,
                -0.0010675664525479078,
                -0.14079542458057404,
                -0.0483596995472908,
                0.06934361904859543,
                0.13205809891223907,
                0.04904685541987419,
                -0.08380734920501709,
                0.126128688454628,
                0.0678555816411972,
                -0.24598713219165802,
                0.0605115070939064,
                0.044007886201143265,
                0.2810228168964386,
                0.1885647177696228,
                0.03663090988993645,
                -0.0315217450261116,
                -0.21268267929553986,
                0.20733478665351868,
                -0.13342401385307312,
                0.06314266473054886,
                0.13235288858413696,
                0.15093091130256653,
                0.04713837802410126,
                0.02475978620350361,
                -0.1591847985982895,
                0.05638238787651062,
                0.13694974780082703,
                -0.21875736117362976,
                -0.004004231188446283,
                0.08285816013813019,
                -0.022205621004104614,
                0.09827905148267746,
                -0.09148874133825302,
                0.1767282485961914,
                0.059452492743730545,
                -0.07828546315431595,
                -0.20475023984909058,
                0.1312757134437561,
                -0.17317456007003784,
                -0.13627344369888306,
                0.05327686667442322,
                -0.12846483290195465,
                -0.19723564386367798,
                -0.2852685749530792,
                -0.005238264799118042,
                0.3799915313720703,
                0.20587366819381714,
                -0.19036582112312317,
                0.10047977417707443,
                -0.03907567262649536,
                -0.07921743392944336,
                0.0899868756532669,
                0.18032506108283997,
                -0.008762056939303875,
                0.06741809099912643,
                -0.08203563094139099,
                -0.0178290493786335,
                0.26494118571281433,
                -0.002081151120364666,
                0.04304365813732147,
                0.19457778334617615,
                0.0063571687787771225,
                0.08510180562734604,
                0.04956860840320587,
                -0.006341780535876751,
                -0.1506534218788147,
                0.04586655646562576,
                -0.18064256012439728,
                -0.10933086276054382,
                -0.11696682870388031,
                0.005453361198306084,
                0.029909806326031685,
                0.16375839710235596,
                -0.2217881977558136,
                0.16449981927871704,
                0.0023920207750052214,
                -0.056940075010061264,
                -0.07582888007164001,
                -0.03969116508960724,
                -0.04996294528245926,
                0.012856805697083473,
                0.146963432431221,
                -0.20942239463329315,
                0.16624104976654053,
                0.10800714045763016,
                0.17730797827243805,
                0.1657457798719406,
                0.11286427080631256,
                0.049321576952934265,
                -0.035049304366111755,
                -0.08638729155063629,
                -0.24151313304901123,
                0.020124344155192375,
                0.066219262778759,
                -0.07912801206111908,
                0.120586097240448,
                0.00494761997833848
            ]
        ]
    },
    "hand": {
        "hand_count": 0,
        "hand_landmarks": []
    },
    "body": {
        "landmark_count": 33,
        "landmarks": [
            {
                "x": 0.3363524377346039,
                "y": 0.5575906038284302,
                "z": -1.5301826000213623,
                "visibility": 0.9976390600204468
            },
            {
                "x": 0.36077427864074707,
                "y": 0.49217045307159424,
                "z": -1.5743286609649658,
                "visibility": 0.9960634112358093
            },
            {
                "x": 0.39230337738990784,
                "y": 0.48439452052116394,
                "z": -1.5751861333847046,
                "visibility": 0.9958764314651489
            },
            {
                "x": 0.4301711916923523,
                "y": 0.4756058156490326,
                "z": -1.5759886503219604,
                "visibility": 0.995526134967804
            },
            {
                "x": 0.29769444465637207,
                "y": 0.5077002048492432,
                "z": -1.399235486984253,
                "visibility": 0.9957700371742249
            },
            {
                "x": 0.28065425157546997,
                "y": 0.512893795967102,
                "z": -1.3981597423553467,
                "visibility": 0.9958013892173767
            },
            {
                "x": 0.26605361700057983,
                "y": 0.5178239345550537,
                "z": -1.3993648290634155,
                "visibility": 0.9960439205169678
            },
            {
                "x": 0.568427562713623,
                "y": 0.479409784078598,
                "z": -1.3183952569961548,
                "visibility": 0.9959961175918579
            },
            {
                "x": 0.3320125341415405,
                "y": 0.5347492694854736,
                "z": -0.4824625253677368,
                "visibility": 0.9957155585289001
            },
            {
                "x": 0.4311973452568054,
                "y": 0.6048496961593628,
                "z": -1.407717227935791,
                "visibility": 0.9967561364173889
            },
            {
                "x": 0.3524593114852905,
                "y": 0.6158231496810913,
                "z": -1.1675511598587036,
                "visibility": 0.9957807064056396
            },
            {
                "x": 0.9532550573348999,
                "y": 0.8209346532821655,
                "z": -1.1923846006393433,
                "visibility": 0.9285111427307129
            },
            {
                "x": 0.2751026153564453,
                "y": 0.8752617239952087,
                "z": 0.10697146505117416,
                "visibility": 0.9865007996559143
            },
            {
                "x": 1.155792474746704,
                "y": 1.2489473819732666,
                "z": -1.598781943321228,
                "visibility": 0.06632442027330399
            },
            {
                "x": 0.1943466067314148,
                "y": 1.2893122434616089,