{
    "face": {
        "face_count": 1,
        "face_embeddings": [
            [
                -0.09588853269815445,
                0.02698894590139389,
                -0.032287709414958954,
                -0.09617077559232712,
                -0.13813291490077972,
                0.024388747289776802,
                -0.06929364800453186,
                -0.08774884045124054,
                0.10849592834711075,
                -0.16779042780399323,
                0.17371883988380432,
                -0.06530623137950897,
                -0.21340376138687134,
                -0.06798553466796875,
                -0.07706720381975174,
                0.16070212423801422,
                -0.1718551069498062,
                -0.1523238867521286,
                0.05265261232852936,
                -0.0007270611822605133,
                0.13536106050014496,
                0.038822274655103683,
                -0.03664109483361244,
                0.07433576881885529,
                -0.11944343894720078,
                -0.2722090482711792,
                -0.1392621099948883,
                -0.053774453699588776,
                0.016932159662246704,
                -0.07915852963924408,
                -0.016771532595157623,
                -0.03712114691734314,
                -0.170697882771492,
                -0.011971039697527885,
                0.05953282490372658,
                0.09891317039728165,
                0.022946730256080627,
                -0.07194080203771591,
                0.15282213687896729,
                0.01018446683883667,
                -0.20673678815364838,
                0.02440391294658184,
                0.09076035022735596,
                0.25620701909065247,
                0.15175454318523407,
                0.04908372834324837,
                -0.04533544182777405,
                -0.18647848069667816,
                0.1717485636472702,
                -0.14859260618686676,
                0.06098558008670807,
                0.12722492218017578,
                0.05890510976314545,
                0.0668107345700264,
                -0.020849626511335373,
                -0.1011844277381897,
                0.059900544583797455,
                0.20243243873119354,
                -0.16443882882595062,
                0.05338302627205849,
                0.07312728464603424,
                -0.030917545780539513,
                0.0426347553730011,
                -0.09199193865060806,
                0.18523603677749634,
                0.010631495155394077,
                -0.11204340308904648,
                -0.24005936086177826,
                0.13005676865577698,
                -0.18923816084861755,
                -0.11347327381372452,
                0.08430379629135132,
                -0.13740214705467224,
                -0.18347008526325226,
                -0.27315273880958557,
                0.00664549320936203,
                0.33919796347618103,
                0.1700289249420166,
                -0.1343345046043396,
                0.06372629106044769,
                -0.006989192217588425,
                -0.015110887587070465,
                0.15737122297286987,
                0.13067543506622314,
                0.035830408334732056,
                -0.016325034201145172,
                -0.07884251326322556,
                0.013959095813333988,
                0.2841944992542267,
                -0.05149134621024132,
                -0.006415073294192553,
                0.21969643235206604,
                -0.0026870733126997948,
                0.08784423768520355,
                0.03330089896917343,
                0.040298812091350555,
                -0.09717525541782379,
                0.0625949501991272,
                -0.14067792892456055,
                -0.020097117871046066,
                -0.02547532320022583,
                -0.039896778762340546,
                0.025999251753091812,
                0.14544598758220673,
                -0.16181538999080658,
                0.15069399774074554,
                -0.013820289634168148,
                -0.0020664366893470287,
                -0.036706071346998215,
                -0.019085409119725227,
                -0.13591447472572327,
                -0.006908942013978958,
                0.14430023729801178,
                -0.2179875373840332,
                0.2231762707233429,
                0.15787644684314728,
                0.15276063978672028,
                0.10313393920660019,
                0.14168626070022583,
                0.059219881892204285,
                8.836481720209122e-05,
                -0.07851489633321762,
                -0.22850316762924194,
                -0.0020690173842012882,
                0.08720256388187408,
                -0.07910618185997009,
                0.11979171633720398,
                -0.016652990132570267
            ]
        ]
    },
    "hand": {
        "hand_count": 0,
        "hand_landmarks": []
    },
    "body": {
        "landmark_count": 33,
        "landmarks": [
            {
                "x": 0.5623538494110107,
                "y": 0.42052161693573,
                "z": -2.9602508544921875,
                "visibility": 0.9990443587303162
            },
            {
                "x": 0.6013140678405762,
                "y": 0.3403439521789551,
                "z": -2.786257028579712,
                "visibility": 0.9982929825782776
            },
            {
                "x": 0.6368308663368225,
                "y": 0.3361862897872925,
                "z": -2.787611722946167,
                "visibility": 0.998184859752655
            },
            {
                "x": 0.668055534362793,
                "y": 0.3325014114379883,
                "z": -2.7883083820343018,
                "visibility": 0.9978086352348328
            },
            {
                "x": 0.46998390555381775,
                "y": 0.3543130159378052,
                "z": -2.846895694732666,
                "visibility": 0.9985288381576538
            },
            {
                "x": 0.4214652180671692,
                "y": 0.3602066934108734,
                "z": -2.8466460704803467,
                "visibility": 0.9986053109169006
            },
            {
                "x": 0.3812820613384247,
                "y": 0.36670124530792236,
                "z": -2.8483080863952637,
                "visibility": 0.9985766410827637
            },
            {
                "x": 0.7009162902832031,
                "y": 0.35079172253608704,
                "z": -1.664334774017334,
                "visibility": 0.9980911612510681
            },
            {
                "x": 0.31903454661369324,
                "y": 0.39734339714050293,
                "z": -1.8912217617034912,
                "visibility": 0.9990770816802979
            },
            {
                "x": 0.6330626606941223,
                "y": 0.48875200748443604,
                "z": -2.5179672241210938,
                "visibility": 0.9988514184951782
            },
            {
                "x": 0.49830153584480286,
                "y": 0.5081138610839844,
                "z": -2.5862927436828613,
                "visibility": 0.9992172718048096
            },
            {
                "x": 0.9473193883895874,
                "y": 0.7496008276939392,
                "z": -0.6976418495178223,
                "visibility": 0.9829718470573425
            },
            {
                "x": 0.10815879702568054,
                "y": 0.7820385098457336,
                "z": -1.3081445693969727,
                "visibility": 0.9840652346611023
            },
            {
                "x": 1.1802932024002075,
                "y": 1.174690842628479,
                "z": -0.2374902367591858,
                "visibility": 0.07399806380271912
            },
            {
                "x": -0.03205174207687378,