{
    "face": {
        "face_count": 1,
        "face_embeddings": [
            [
                -0.10089259594678879,
                0.017212841659784317,
                0.030030086636543274,
                -0.021356569603085518,
                -0.1037168800830841,
                -0.003860405646264553,
                -0.0812915787100792,
                -0.11172106117010117,
                0.12308480590581894,
                -0.14116285741329193,
                0.15841279923915863,
                -0.004558849148452282,
                -0.1722952425479889,
                -0.08651678264141083,
                -0.10109853744506836,
                0.15558651089668274,
                -0.15607449412345886,
                -0.13049624860286713,
                0.035652045160532,
                0.0012945812195539474,
                0.10848268121480942,
                0.05529293045401573,
                0.017685197293758392,
                0.019646771252155304,
                -0.08219096064567566,
                -0.26277920603752136,
                -0.11181999742984772,
                -0.08121118694543839,
                0.013895553536713123,
                -0.04187909886240959,
                -0.059325478971004486,
                -0.0065774680115282536,
                -0.12516769766807556,
                -0.0003506988286972046,
                0.07325558364391327,
                0.10061289370059967,
                0.02735310234129429,
                -0.05325910076498985,
                0.16797205805778503,
                -0.012754789553582668,
                -0.2249983251094818,
                0.04526539891958237,
                0.06091902405023575,
                0.2528068423271179,
                0.19516387581825256,
                0.018106676638126373,
                -0.03902754932641983,
                -0.18948763608932495,
                0.1907849758863449,
                -0.13079455494880676,
                0.0699172094464302,
                0.13213786482810974,
                0.06566648185253143,
                0.04159063100814819,
                0.029913999140262604,
                -0.10165581852197647,
                0.06382991373538971,
                0.112526535987854,
                -0.12508876621723175,
                0.01407510694116354,
                0.1086171567440033,
                -0.04352565482258797,
                0.024655073881149292,
                -0.06628471612930298,
                0.1271722912788391,
                -0.00521959038451314,
                -0.08029508590698242,
                -0.2659089267253876,
                0.12967294454574585,
                -0.17998448014259338,
                -0.10234584659337997,
                0.10485410690307617,
                -0.14520740509033203,
                -0.17517949640750885,
                -0.2546316981315613,
                -0.016206849366426468,
                0.3446842432022095,
                0.17483504116535187,
                -0.1572793871164322,
                0.082924023270607,
                -0.04530298709869385,
                -0.01832994818687439,
                0.14813968539237976,
                0.11189968883991241,
                0.04425977170467377,
                0.018976721912622452,
                -0.13035570085048676,
                -0.02577347867190838,
                0.2570890188217163,
                -0.05984668806195259,
                -0.028766723349690437,
                0.20034345984458923,
                0.02465682104229927,
                0.05247088149189949,
                0.033177513629198074,
                0.027259202674031258,
                -0.08533423393964767,
                0.08060886710882187,
                -0.19295167922973633,
                -0.06076948344707489,
                0.0075134094804525375,
                -0.013050110079348087,
                0.026755312457680702,
                0.1157267615199089,
                -0.17672507464885712,
                0.16265986859798431,
                -0.019040489569306374,
                0.023703981190919876,
                -0.021142596378922462,
                -0.058373112231492996,
                -0.14133121073246002,
                0.042771629989147186,
                0.1452055126428604,
                -0.1967722475528717,
                0.21543852984905243,
                0.11937263607978821,
                0.18877273797988892,
                0.10413363575935364,
                0.13905379176139832,
                0.0409114696085453,
                -0.0188944973051548,
                -0.08020076155662537,
                -0.21718592941761017,
                -0.03403270244598389,
                0.05317224562168121,
                -0.0483388788998127,
                0.10993661731481552,
                0.02560495026409626
            ]
        ]
    },
    "hand": {
        "hand_count": 0,
        "hand_landmarks": []
    },
    "body": {
        "landmark_count": 33,
        "landmarks": [
            {
                "x": 0.46280989050865173,
                "y": 0.42181646823883057,
                "z": -1.6794939041137695,
                "visibility": 0.9998251795768738
            },
            {
                "x": 0.5350939035415649,
                "y": 0.34454166889190674,
                "z": -1.6154111623764038,
                "visibility": 0.9997214674949646
            },
            {
                "x": 0.5885800719261169,
                "y": 0.34218692779541016,
                "z": -1.6147788763046265,
                "visibility": 0.9996740818023682
            },
            {
                "x": 0.6292158961296082,
                "y": 0.34134796261787415,
                "z": -1.6155153512954712,
                "visibility": 0.999708354473114
            },
            {
                "x": 0.3917847275733948,
                "y": 0.35205841064453125,
                "z": -1.5377955436706543,
                "visibility": 0.9997671246528625
            },
            {
                "x": 0.35696351528167725,
                "y": 0.35391461849212646,
                "z": -1.5359941720962524,
                "visibility": 0.9997329115867615
            },
            {
                "x": 0.3276679813861847,
                "y": 0.35657787322998047,
                "z": -1.5363876819610596,
                "visibility": 0.9997847676277161
            },
            {
                "x": 0.7047853469848633,
                "y": 0.3644719123840332,
                "z": -1.0497469902038574,
                "visibility": 0.9996844530105591
            },
            {
                "x": 0.3225920498371124,
                "y": 0.3824659585952759,
                "z": -0.6341659426689148,
                "visibility": 0.9998120665550232
            },
            {
                "x": 0.5728249549865723,
                "y": 0.49844062328338623,
                "z": -1.4691444635391235,
                "visibility": 0.9999114274978638
            },
            {
                "x": 0.41203823685646057,
                "y": 0.5106498003005981,
                "z": -1.3476482629776,
                "visibility": 0.9999165534973145
            },
            {
                "x": 1.0473541021347046,
                "y": 0.7777577638626099,
                "z": -0.7818555235862732,
                "visibility": 0.9973779916763306
            },
            {
                "x": 0.1527268886566162,
                "y": 0.765623152256012,
                "z": -0.36398595571517944,
                "visibility": 0.9996494054794312
            },
            {
                "x": 1.304038166999817,
                "y": 1.2567944526672363,
                "z": -0.9045275449752808,
                "visibility": 0.2247011512517929
            },
            {
                "x": -0.15572017431259155,
                "y": 1.201072335243225,