{
    "face": {
        "face_count": 1,
        "face_embeddings": [
            [
                -0.1168026551604271,
                0.07836752384901047,
                0.050964511930942535,
                -0.048138462007045746,
                -0.11826224625110626,
                0.012146811001002789,
                -0.09799551218748093,
                -0.14991238713264465,
                0.12581360340118408,
                -0.14584670960903168,
                0.2066713273525238,
                -0.012625833973288536,
                -0.14136730134487152,
                -0.0775676742196083,
                -0.07625746726989746,
                0.13217246532440186,
                -0.12544630467891693,
                -0.11639419943094254,
                0.0631919652223587,
                -0.008937027305364609,
                0.12665393948554993,
                0.05733384191989899,
                -0.009604553692042828,
                0.016590747982263565,
                -0.14200934767723083,
                -0.2450946867465973,
                -0.14155739545822144,
                -0.09254258871078491,
                0.02115248329937458,
                -0.10187987238168716,
                -0.019429758191108704,
                -0.01600244641304016,
                -0.14143964648246765,
                -0.02527109906077385,
                0.04419120401144028,
                0.10319003462791443,
                0.01358010619878769,
                -0.01903257519006729,
                0.13177403807640076,
                -0.009662540629506111,
                -0.23206184804439545,
                0.07142151147127151,
                0.028435703366994858,
                0.28121089935302734,
                0.19219762086868286,
                0.039622992277145386,
                -0.017565304413437843,
                -0.21726290881633759,
                0.1843547821044922,
                -0.09784862399101257,
                0.0929238423705101,
                0.12842713296413422,
                0.05466582626104355,
                0.038411688059568405,
                0.0397903174161911,
                -0.11261299252510071,
                0.053380224853754044,
                0.13564333319664001,
                -0.1697472333908081,
                0.05609402060508728,
                0.10749008506536484,
                -0.03862389177083969,
                0.0823926255106926,
                -0.05743924528360367,
                0.12939728796482086,
                -0.0006738975644111633,
                -0.08038962632417679,
                -0.22894948720932007,
                0.12354602664709091,
                -0.15819722414016724,
                -0.09153024107217789,
                0.11062886565923691,
                -0.155910924077034,
                -0.21399930119514465,
                -0.294899046421051,
                0.013802808709442616,
                0.3734702467918396,
                0.16708607971668243,
                -0.15805406868457794,
                0.09667862206697464,
                -0.031077982857823372,
                -0.0381680503487587,
                0.14277948439121246,
                0.14910471439361572,
                0.055688731372356415,
                0.009700465947389603,
                -0.07865481078624725,
                -0.002714378759264946,
                0.2511250376701355,
                -0.06328733265399933,
                -0.011883352883160114,
                0.22651098668575287,
                -0.027469413354992867,
                0.03418281674385071,
                0.02425294555723667,
                0.06373266130685806,
                -0.141071617603302,
                0.08210363984107971,
                -0.12169395387172699,
                -0.0788452997803688,
                -0.025661777704954147,
                -0.04249625653028488,
                0.036589618772268295,
                0.15195511281490326,
                -0.21238891780376434,
                0.21626906096935272,
                -0.02178746834397316,
                0.03679625317454338,
                -0.05593396723270416,
                -0.049458324909210205,
                -0.08391522616147995,
                0.03512880206108093,
                0.16834035515785217,
                -0.22311782836914062,
                0.23471806943416595,
                0.13874563574790955,
                0.12113460153341293,
                0.13175363838672638,
                0.13627907633781433,
                0.05734950304031372,
                -0.007825982756912708,
                -0.057227298617362976,
                -0.19998906552791595,
                -0.008000558242201805,
                0.03909527510404587,
                -0.07158003747463226,
                0.11745408177375793,
                0.02783428132534027
            ]
        ]
    },
    "hand": {
        "hand_count": 0,
        "hand_landmarks": []
    },
    "body": {
        "landmark_count": 33,
        "landmarks": [
            {
                "x": 0.4993584156036377,
                "y": 0.33362722396850586,
                "z": -1.8956750631332397,
                "visibility": 0.9998654127120972
            },
            {
                "x": 0.5656695365905762,
                "y": 0.2666358947753906,
                "z": -1.803615927696228,
                "visibility": 0.9997681975364685
            },
            {
                "x": 0.6022222638130188,
                "y": 0.26687586307525635,
                "z": -1.804108738899231,
                "visibility": 0.9997398257255554
            },
            {
                "x": 0.6333371996879578,
                "y": 0.26933109760284424,
                "z": -1.8052421808242798,
                "visibility": 0.9997567534446716
            },
            {
                "x": 0.44260644912719727,
                "y": 0.26493918895721436,
                "z": -1.7651671171188354,
                "visibility": 0.9998244643211365
            },
            {
                "x": 0.3996436297893524,
                "y": 0.2663041353225708,
                "z": -1.7636884450912476,
                "visibility": 0.999821126461029
            },
            {
                "x": 0.3650818467140198,
                "y": 0.2684375047683716,
                "z": -1.7645593881607056,
                "visibility": 0.9998470544815063
            },
            {
                "x": 0.6878042817115784,
                "y": 0.30044829845428467,
                "z": -1.095069408416748,
                "visibility": 0.999705970287323
            },
            {
                "x": 0.3367701768875122,
                "y": 0.2988004684448242,
                "z": -0.8440236449241638,
                "visibility": 0.9998880624771118
            },
            {
                "x": 0.5731475353240967,
                "y": 0.41324663162231445,
                "z": -1.6279199123382568,
                "visibility": 0.999944806098938
            },
            {
                "x": 0.4315217435359955,
                "y": 0.4142705202102661,
                "z": -1.5588550567626953,
                "visibility": 0.9999501705169678
            },
            {
                "x": 0.9498677253723145,
                "y": 0.7158395051956177,
                "z": -0.6757280826568604,
                "visibility": 0.9985440969467163
            },
            {
                "x": 0.1026235818862915,
                "y": 0.6966599822044373,
                "z": -0.4577699899673462,
                "visibility": 0.9997304081916809
            },
            {
                "x": 1.1245803833007812,
                "y": 0.9975119829177856,
                "z": -0.5539065599441528,
                "visibility": 0.1357593685388565
            },
            {
                "x": -0.08091288805007935,
                "y": 1.1014517545700073,