{
    "face": {
        "face_count": 1,
        "face_embeddings": [
            [
                -0.06365729123353958,
                0.0888976901769638,
                0.027532514184713364,
                -0.016879525035619736,
                -0.08983248472213745,
                0.016409803181886673,
                -0.08359508961439133,
                -0.12914399802684784,
                0.12667450308799744,
                -0.08226247131824493,
                0.21262860298156738,
                -0.059593748301267624,
                -0.18577562272548676,
                -0.07610636949539185,
                -0.07504437118768692,
                0.1440889835357666,
                -0.1287953108549118,
                -0.18556031584739685,
                0.03509267419576645,
                -0.05192767083644867,
                0.13022229075431824,
                0.06628526747226715,
                -0.03633715212345123,
                0.046675294637680054,
                -0.16546165943145752,
                -0.21596190333366394,
                -0.0975414365530014,
                -0.08397981524467468,
                0.019518956542015076,
                -0.04096584767103195,
                -0.06382187455892563,
                0.06782201677560806,
                -0.15294727683067322,
                -0.01948266662657261,
                0.07160075008869171,
                0.08392252027988434,
                0.06377124786376953,
                -0.03500357270240784,
                0.15812556445598602,
                0.018471503630280495,
                -0.23166416585445404,
                0.09319372475147247,
                0.05749906599521637,
                0.2552068829536438,
                0.18491773307323456,
                0.07386767119169235,
                -0.03607198968529701,
                -0.17958548665046692,
                0.1105351373553276,
                -0.11039644479751587,
                0.07748139649629593,
                0.2045750916004181,
                0.11907770484685898,
                0.04469376429915428,
                0.014593623578548431,
                -0.14407730102539062,
                0.040216896682977676,
                0.05071181431412697,
                -0.13320456445217133,
                -0.018825631588697433,
                0.05944593995809555,
                -0.02018524333834648,
                0.06514376401901245,
                -0.09163761883974075,
                0.17460744082927704,
                0.02564813941717148,
                -0.07802250981330872,
                -0.18795868754386902,
                0.09552697837352753,
                -0.1579134166240692,
                -0.177163228392601,
                0.12101829797029495,
                -0.1626398265361786,
                -0.14028207957744598,
                -0.3262239992618561,
                0.02029721811413765,
                0.4322468638420105,
                0.10631664842367172,
                -0.22696298360824585,
                0.12352488934993744,
                0.02001851797103882,
                -0.015037408098578453,
                0.1633061021566391,
                0.1379258632659912,
                -0.04747692868113518,
                0.007773932069540024,
                -0.08619064092636108,
                -0.04707791656255722,
                0.2662723958492279,
                -0.03817438334226608,
                -0.07396968454122543,
                0.1802602857351303,
                -0.004710322245955467,
                0.06672374904155731,
                0.07747967541217804,
                0.0730571374297142,
                -0.020057909190654755,
                0.04263121262192726,
                -0.0820932611823082,
                -0.058563534170389175,
                0.03283218666911125,
                -0.026094280183315277,
                -0.013673022389411926,
                0.15403573215007782,
                -0.2099693864583969,
                0.11403097957372665,
                -0.014526753686368465,
                0.013195006176829338,
                -0.026751555502414703,
                0.030717438086867332,
                -0.07705477625131607,
                0.003998327534645796,
                0.14268825948238373,
                -0.2720807194709778,
                0.1841738522052765,
                0.12224720418453217,
                0.036614686250686646,
                0.09619785100221634,
                0.12511488795280457,
                0.10918621718883514,
                -0.04047299176454544,
                -0.028699751943349838,
                -0.17181985080242157,
                -0.0872010663151741,
                0.10709413141012192,
                -0.05237312242388725,
                0.1334109902381897,
                0.039004385471343994
            ]
        ]
    },
    "hand": {
        "hand_count": 1,
        "hand_landmarks": [
            [
                {
                    "x": 0.22770102322101593,
                    "y": 0.5995304584503174,
                    "z": 4.230344927691476e-07,
                    "visibility": 0.0
                },
                {
                    "x": 0.2920811176300049,
                    "y": 0.5681894421577454,
                    "z": -0.026301339268684387,
                    "visibility": 0.0
                },
                {
                    "x": 0.31638747453689575,
                    "y": 0.5082224011421204,
                    "z": -0.03230869397521019,
                    "visibility": 0.0
                },
                {
                    "x": 0.3256020247936249,
                    "y": 0.4556231200695038,
                    "z": -0.037529319524765015,
                    "visibility": 0.0
                },
                {
                    "x": 0.3432459533214569,
                    "y": 0.4155319035053253,
                    "z": -0.042578309774398804,
                    "visibility": 0.0
                },
                {
                    "x": 0.23707453906536102,
                    "y": 0.4412711560726166,
                    "z": -0.0083048390224576,
                    "visibility": 0.0
                },
                {
                    "x": 0.23144517838954926,
                    "y": 0.3781721889972687,
                    "z": -0.027468344196677208,
                    "visibility": 0.0
                },
                {
                    "x": 0.22867785394191742,
                    "y": 0.3378523886203766,
                    "z": -0.04563192278146744,
                    "visibility": 0.0
                },
                {
                    "x": 0.22624023258686066,
                    "y": 0.30222830176353455,
                    "z": -0.059395644813776016,
                    "visibility": 0.0
                },
                {
                    "x": 0.1993003636598587,
                    "y": 0.4380490779876709,
                    "z": -0.010565878823399544,
                    "visibility": 0.0
                },
                {
                    "x": 0.18302342295646667,
                    "y": 0.3668249249458313,
                    "z": -0.029563188552856445,
                    "visibility": 0.0
                },
                {
                    "x": 0.17687590420246124,
                    "y": 0.3175984025001526,
                    "z": -0.049214281141757965,
                    "visibility": 0.0
                },
                {
                    "x": 0.1714056134223938,
                    "y": 0.2747918367385864,
                    "z": -0.06258804351091385,
                    "visibility": 0.0
                },
                {
                    "x": 0.16797935962677002,
                    "y": 0.44760748744010925,
                    "z": -0.017300240695476532,