{
    "face": {
        "face_count": 1,
        "face_embeddings": [
            [
                -0.06414162367582321,
                0.07696893066167831,
                -0.0032263416796922684,
                -0.04169740155339241,
                -0.11498627811670303,
                0.01697109267115593,
                -0.056581221520900726,
                -0.07826622575521469,
                0.1340443342924118,
                -0.04710100591182709,
                0.21342316269874573,
                -0.087662473320961,
                -0.2235068380832672,
                -0.0927036926150322,
                -0.12269605696201324,
                0.16188782453536987,
                -0.1268915832042694,
                -0.1470053493976593,
                0.012235766276717186,
                -0.06591927260160446,
                0.12114871293306351,
                0.081667959690094,
                -0.04066447913646698,
                0.045082516968250275,
                -0.13073749840259552,
                -0.30110758543014526,
                -0.07586687058210373,
                -0.08472321927547455,
                -0.015034406445920467,
                -0.058713220059871674,
                -0.04728211462497711,
                0.06036901846528053,
                -0.154353529214859,
                -0.024151183664798737,
                0.09013548493385315,
                0.06363852322101593,
                0.007821427658200264,
                0.002226458862423897,
                0.16340342164039612,
                0.05158267542719841,
                -0.23744377493858337,
                0.07718155533075333,
                0.09255989640951157,
                0.26523610949516296,
                0.1902090609073639,
                0.13321943581104279,
                -0.035606712102890015,
                -0.14563432335853577,
                0.12340415269136429,
                -0.1165177971124649,
                0.00655071996152401,
                0.21139389276504517,
                0.15019576251506805,
                0.029195375740528107,
                -0.016732074320316315,
                -0.1119145005941391,
                0.026836330071091652,
                0.05085249990224838,
                -0.13987606763839722,
                -0.03814469277858734,
                0.03527713567018509,
                -0.08505313098430634,
                0.000413503497838974,
                -0.04540127515792847,
                0.19169189035892487,
                -0.008168196305632591,
                -0.10917911678552628,
                -0.17576436698436737,
                0.11422065645456314,
                -0.19551999866962433,
                -0.15755142271518707,
                0.1105053722858429,
                -0.12759128212928772,
                -0.14757275581359863,
                -0.30782246589660645,
                0.01125260442495346,
                0.45681536197662354,
                0.07716107368469238,
                -0.19766128063201904,
                0.08916188031435013,
                0.004442340694367886,
                0.007045907899737358,
                0.13671712577342987,
                0.14420242607593536,
                -0.08226971328258514,
                0.0021720314398407936,
                -0.10446599125862122,
                -0.05724971741437912,
                0.25444871187210083,
                -0.0758262500166893,
                -0.04948790743947029,
                0.17054463922977448,
                0.008312811143696308,
                0.13273446261882782,
                0.0382961705327034,
                0.0592641718685627,
                -0.04753008112311363,
                0.054425500333309174,
                -0.04170285910367966,
                -0.05210860073566437,
                0.06312739849090576,
                -0.03136790543794632,
                0.013172309845685959,
                0.1196608915925026,
                -0.22402383387088776,
                0.13994409143924713,
                -0.021212806925177574,
                0.008743280544877052,
                -0.010923996567726135,
                0.028141673654317856,
                -0.0417698435485363,
                -0.008040936663746834,
                0.12636850774288177,
                -0.2698434889316559,
                0.19012252986431122,
                0.16365878283977509,
                0.036359187215566635,
                0.10619189590215683,
                0.13427728414535522,
                0.05304105579853058,
                -0.02860947698354721,
                -0.0439269095659256,
                -0.18993641436100006,
                -0.11319101601839066,
                0.08215020596981049,
                -0.06980527192354202,
                0.13130074739456177,
                -0.012348853051662445
            ]
        ]
    },
    "hand": {
        "hand_count": 0,
        "hand_landmarks": []
    },
    "body": {
        "landmark_count": 33,
        "landmarks": [
            {
                "x": 0.573860764503479,
                "y": 0.43472743034362793,
                "z": -2.4785006046295166,
                "visibility": 0.9995627999305725
            },
            {
                "x": 0.6374577283859253,
                "y": 0.34618091583251953,
                "z": -2.3122825622558594,
                "visibility": 0.9989056587219238
            },
            {
                "x": 0.6746149063110352,
                "y": 0.35030364990234375,
                "z": -2.3133320808410645,
                "visibility": 0.9990000128746033
            },
            {
                "x": 0.7104378938674927,
                "y": 0.35561859607696533,
                "z": -2.3144187927246094,
                "visibility": 0.9984980821609497
            },
            {
                "x": 0.5064994692802429,
                "y": 0.34218692779541016,
                "z": -2.3251726627349854,
                "visibility": 0.9990934133529663
            },
            {
                "x": 0.45668286085128784,
                "y": 0.3446758985519409,
                "z": -2.324510335922241,
                "visibility": 0.9993316531181335
            },
            {
                "x": 0.4093672037124634,
                "y": 0.35106325149536133,
                "z": -2.325878381729126,
                "visibility": 0.9992353916168213
            },
            {
                "x": 0.7607463598251343,
                "y": 0.4045383930206299,
                "z": -1.3528540134429932,
                "visibility": 0.998577356338501
            },
            {
                "x": 0.34977108240127563,
                "y": 0.397920161485672,
                "z": -1.34855318069458,
                "visibility": 0.999546468257904
            },
            {
                "x": 0.6384600400924683,
                "y": 0.5309325456619263,
                "z": -2.1240742206573486,
                "visibility": 0.9996127486228943
            },
            {
                "x": 0.49007123708724976,
                "y": 0.5345598459243774,
                "z": -2.126962423324585,
                "visibility": 0.9997686743736267
            },
            {
                "x": 1.0087699890136719,
                "y": 0.9886024594306946,
                "z": -0.8459867835044861,
                "visibility": 0.9856780171394348
            },
            {
                "x": 0.016121596097946167,
                "y": 0.9853254556655884,
                "z": -0.967368483543396,
                "visibility": 0.9972817897796631
            },
            {
                "x": 1.274309515953064,
                "y": 1.5433778762817383,
                "z": -1.1137142181396484,
                "visibility": 0.05538563430309296
            },
            {
                "x": -0.24310921132564545,
                "y": 1.575392246246338,