{
    "face": {
        "face_count": 1,
        "face_embeddings": [
            [
                -0.0703715905547142,
                0.08627457916736603,
                0.024952519685029984,
                0.014221817255020142,
                -0.10998701304197311,
                0.034478455781936646,
                -0.07534757256507874,
                -0.08073292672634125,
                0.12463371455669403,
                -0.13110385835170746,
                0.17107611894607544,
                -0.055680546909570694,
                -0.216004878282547,
                -0.020988915115594864,
                -0.1257423460483551,
                0.16705133020877838,
                -0.17516681551933289,
                -0.1890634298324585,
                0.032178543508052826,
                -0.005314590409398079,
                0.08682578057050705,
                0.05331043899059296,
                -0.018330899998545647,
                0.05008354410529137,
                -0.1249617263674736,
                -0.3118078112602234,
                -0.11242793500423431,
                -0.08949998766183853,
                -0.047460343688726425,
                -0.04217202961444855,
                -0.0972597599029541,
                0.0467475987970829,
                -0.12791229784488678,
                -0.03987245634198189,
                0.06107071414589882,
                0.06118602305650711,
                -0.00037423172034323215,
                -0.03065023012459278,
                0.21537724137306213,
                0.037441711872816086,
                -0.2499522864818573,
                0.11146903038024902,
                0.08311077952384949,
                0.31334325671195984,
                0.17008626461029053,
                0.1008627787232399,
                -0.02885984443128109,
                -0.1530367136001587,
                0.12951664626598358,
                -0.16433864831924438,
                0.05377925559878349,
                0.2080278992652893,
                0.15674205124378204,
                0.05710483342409134,
                -0.013180364854633808,
                -0.164820596575737,
                0.018573259934782982,
                0.06865318864583969,
                -0.06195686385035515,
                -0.007787754759192467,
                0.029948433861136436,
                -0.038872480392456055,
                0.09831259399652481,
                -0.06717284023761749,
                0.22884652018547058,
                0.02871699258685112,
                -0.09805230051279068,
                -0.16390593349933624,
                0.11499713361263275,
                -0.14308302104473114,
                -0.15400542318820953,
                0.06779072433710098,
                -0.16664457321166992,
                -0.16429241001605988,
                -0.2967054843902588,
                0.00763200968503952,
                0.4466838240623474,
                0.09963133931159973,
                -0.16761550307273865,
                0.09565508365631104,
                -0.037123903632164,
                -0.01268146000802517,
                0.11215716600418091,
                0.19250372052192688,
                -0.07328719645738602,
                -0.0031019113957881927,
                -0.08111398667097092,
                -0.030115269124507904,
                0.2640717625617981,
                -0.05464702844619751,
                -0.091330885887146,
                0.13508790731430054,
                0.0069308290258049965,
                0.12258385121822357,
                0.06834187358617783,
                0.04058991000056267,
                -0.06328753381967545,
                0.06578394770622253,
                -0.11688634753227234,
                -0.012373838573694229,
                0.007118792273104191,
                -0.02933996170759201,
                -0.016541291028261185,
                0.16542063653469086,
                -0.21297946572303772,
                0.10669250041246414,
                -0.028354881331324577,
                0.006691135466098785,
                0.003449177835136652,
                0.07258620858192444,
                -0.09955707937479019,
                -0.0005888988962396979,
                0.1320132315158844,
                -0.27181166410446167,
                0.18938839435577393,
                0.15875519812107086,
                0.029439644888043404,
                0.12672072649002075,
                0.1604706197977066,
                0.07098010182380676,
                -0.03186424821615219,
                -0.00998138077557087,
                -0.25081866979599,
                -0.07913912087678909,
                0.13356183469295502,
                -0.02534787729382515,
                0.13361334800720215,
                0.02990017458796501
            ]
        ]
    },
    "hand": {
        "hand_count": 0,
        "hand_landmarks": []
    },
    "body": {
        "landmark_count": 33,
        "landmarks": [
            {
                "x": 0.47905999422073364,
                "y": 0.39489054679870605,
                "z": -2.425032615661621,
                "visibility": 0.9999008178710938
            },
            {
                "x": 0.5450593829154968,
                "y": 0.32895350456237793,
                "z": -2.260228157043457,
                "visibility": 0.9998468160629272
            },
            {
                "x": 0.5929021835327148,
                "y": 0.3272745907306671,
                "z": -2.2610342502593994,
                "visibility": 0.9998502731323242
            },
            {
                "x": 0.6320656538009644,
                "y": 0.32829809188842773,
                "z": -2.2621588706970215,
                "visibility": 0.9998396635055542
            },
            {
                "x": 0.4075501561164856,
                "y": 0.34336474537849426,
                "z": -2.256408214569092,
                "visibility": 0.9998339414596558
            },
            {
                "x": 0.36442914605140686,
                "y": 0.35133159160614014,
                "z": -2.254887104034424,
                "visibility": 0.9998354911804199
            },
            {
                "x": 0.32669514417648315,
                "y": 0.36040639877319336,
                "z": -2.255584716796875,
                "visibility": 0.9997982382774353
            },
            {
                "x": 0.7114138603210449,
                "y": 0.37129589915275574,
                "z": -1.1943515539169312,
                "visibility": 0.9999021291732788
            },
            {
                "x": 0.30130699276924133,
                "y": 0.40421831607818604,
                "z": -1.0937029123306274,
                "visibility": 0.9998477697372437
            },
            {
                "x": 0.5884580016136169,
                "y": 0.4759480655193329,
                "z": -2.0343270301818848,
                "visibility": 0.9999570846557617
            },
            {
                "x": 0.4129042625427246,
                "y": 0.49017834663391113,
                "z": -2.0123119354248047,
                "visibility": 0.9999076128005981
            },
            {
                "x": 0.9644003510475159,
                "y": 0.7821956872940063,
                "z": -0.7587378621101379,
                "visibility": 0.9975274205207825
            },
            {
                "x": 0.09612974524497986,
                "y": 0.773252546787262,
                "z": -0.8956782221794128,
                "visibility": 0.9968088269233704
            },
            {
                "x": 1.337117075920105,
                "y": 1.2809438705444336,
                "z": -0.9789555072784424,
                "visibility": 0.10043225437402725
            },
            {
                "x": -0.300951212644577,
                "y": 1.1132705211639404,