{
    "face": {
        "face_count": 1,
        "face_embeddings": [
            [
                -0.06822828203439713,
                0.09847122430801392,
                -0.01586146466434002,
                0.021000664681196213,
                -0.11267243325710297,
                0.04444744810461998,
                -0.07164033502340317,
                -0.1000458225607872,
                0.11555223166942596,
                -0.08325371146202087,
                0.17676623165607452,
                0.007358711212873459,
                -0.21460677683353424,
                -0.10073675215244293,
                -0.08176452666521072,
                0.1193314641714096,
                -0.15556111931800842,
                -0.197744220495224,
                0.03877527266740799,
                0.030658841133117676,
                0.14353924989700317,
                0.07487546652555466,
                -0.004164769314229488,
                0.03536223620176315,
                -0.12191534787416458,
                -0.31494736671447754,
                -0.11280062794685364,
                -0.11062575876712799,
                -0.026692401617765427,
                -0.04173848778009415,
                -0.03616170585155487,
                -0.011343972757458687,
                -0.1370137482881546,
                -0.0075043924152851105,
                0.08262453228235245,
                0.009825723245739937,
                0.010357078164815903,
                -0.008364083245396614,
                0.19645074009895325,
                0.0500124953687191,
                -0.2637861967086792,
                0.05551537498831749,
                0.0737047791481018,
                0.262746661901474,
                0.1913466602563858,
                0.11293116956949234,
                -0.03518863022327423,
                -0.1084488183259964,
                0.06495125591754913,
                -0.1434476375579834,
                0.05189770832657814,
                0.2238507717847824,
                0.13509202003479004,
                0.04773308336734772,
                0.007596984505653381,
                -0.174236461520195,
                0.018833328038454056,
                0.06128782033920288,
                -0.14349418878555298,
                -0.0004106780979782343,
                0.012387076392769814,
                -0.0529392808675766,
                0.08529578894376755,
                -0.011175802908837795,
                0.19589094817638397,
                -0.004566549323499203,
                -0.0851721242070198,
                -0.1966075897216797,
                0.12337617576122284,
                -0.20331594347953796,
                -0.13613556325435638,
                0.1237635463476181,
                -0.16908946633338928,
                -0.21168771386146545,
                -0.27058976888656616,
                -0.005485326051712036,
                0.42098745703697205,
                0.15647338330745697,
                -0.1530974954366684,
                0.06685491651296616,
                -0.03565244376659393,
                -0.008529841899871826,
                0.10609801858663559,
                0.11736918985843658,
                -0.022730745375156403,
                -0.01574936881661415,
                -0.10124857723712921,
                -0.05322056636214256,
                0.2524767220020294,
                -0.030235111713409424,
                -0.08733024448156357,
                0.19762848317623138,
                -0.0034313760697841644,
                0.07224556058645248,
                0.05733862891793251,
                0.013397907838225365,
                0.0078026484698057175,
                0.05120881646871567,
                -0.08716848492622375,
                -0.03318442776799202,
                -0.05218883603811264,
                -0.0464438796043396,
                0.010786877945065498,
                0.14472031593322754,
                -0.20472067594528198,
                0.07283314317464828,
                -0.0162193700671196,
                -0.010405406355857849,
                -0.0692969560623169,
                0.03763875365257263,
                -0.12710382044315338,
                0.003482867730781436,
                0.13569435477256775,
                -0.2829097509384155,
                0.25526273250579834,
                0.18371327221393585,
                0.08734651654958725,
                0.11689215898513794,
                0.10882459580898285,
                0.03308073431253433,
                -0.024323947727680206,
                -0.08653736114501953,
                -0.2062399834394455,
                -0.08475396037101746,
                0.07229605317115784,
                -0.06474532186985016,
                0.1356869786977768,
                0.008929994888603687
            ]
        ]
    },
    "hand": {
        "hand_count": 0,
        "hand_landmarks": []
    },
    "body": {
        "landmark_count": 33,
        "landmarks": [
            {
                "x": 0.7007266283035278,
                "y": 0.3698596954345703,
                "z": -3.3085713386535645,
                "visibility": 0.9998196959495544
            },
            {
                "x": 0.7483748197555542,
                "y": 0.29121267795562744,
                "z": -3.045511245727539,
                "visibility": 0.9996505975723267
            },
            {
                "x": 0.7830759286880493,
                "y": 0.2947448492050171,
                "z": -3.0464320182800293,
                "visibility": 0.9995694756507874
            },
            {
                "x": 0.8142891526222229,
                "y": 0.2984154224395752,
                "z": -3.0460290908813477,
                "visibility": 0.9993755221366882
            },
            {
                "x": 0.6196820735931396,
                "y": 0.28398072719573975,
                "z": -3.293914794921875,
                "visibility": 0.9997267127037048
            },
            {
                "x": 0.5530263185501099,
                "y": 0.28243398666381836,
                "z": -3.29457426071167,
                "visibility": 0.9997692704200745
            },
            {
                "x": 0.4814818799495697,
                "y": 0.28261637687683105,
                "z": -3.296053886413574,
                "visibility": 0.9997126460075378
            },
            {
                "x": 0.7656633257865906,
                "y": 0.33725810050964355,
                "z": -1.695145606994629,
                "visibility": 0.9990083575248718
            },
            {
                "x": 0.3094257414340973,
                "y": 0.32410573959350586,
                "z": -2.772287368774414,
                "visibility": 0.9998049139976501
            },
            {
                "x": 0.7321913242340088,
                "y": 0.4666649103164673,
                "z": -2.7875871658325195,
                "visibility": 0.9987338185310364
            },
            {
                "x": 0.5752997398376465,
                "y": 0.46925392746925354,
                "z": -3.100048542022705,
                "visibility": 0.9993422627449036
            },
            {
                "x": 0.6582328677177429,
                "y": 0.7662051320075989,
                "z": -0.08056095987558365,
                "visibility": 0.9694380760192871
            },
            {
                "x": 0.05769458785653114,
                "y": 0.8155322074890137,
                "z": -2.956270456314087,
                "visibility": 0.9739531874656677
            },
            {
                "x": 0.6643368005752563,
                "y": 1.294194221496582,
                "z": 0.4370475113391876,
                "visibility": 0.010414253920316696
            },
            {
                "x": -0.0073364004492759705,
                "y": 1.5236692428588867,