{
    "face": {
        "face_count": 1,
        "face_embeddings": [
            [
                -0.06832701712846756,
                0.08470755815505981,
                0.04009845107793808,
                0.03647209331393242,
                -0.06272030621767044,
                0.015831969678401947,
                -0.06687229871749878,
                -0.10711120814085007,
                0.1099659875035286,
                -0.09762507677078247,
                0.1787971407175064,
                -0.04112721607089043,
                -0.15755097568035126,
                -0.07204263657331467,
                -0.0981701910495758,
                0.1310926079750061,
                -0.15135589241981506,
                -0.1794603317975998,
                0.030726509168744087,
                0.005226926878094673,
                0.11479215323925018,
                0.0642329603433609,
                -0.03044288232922554,
                0.03268350660800934,
                -0.1587935984134674,
                -0.28979289531707764,
                -0.12625035643577576,
                -0.10738776624202728,
                -0.01987573131918907,
                -0.033441536128520966,
                -0.06406141817569733,
                0.03355014696717262,
                -0.1595919132232666,
                -0.016425250098109245,
                0.05560449883341789,
                0.04385029897093773,
                0.03345431387424469,
                -0.04129490256309509,
                0.16561001539230347,
                0.05087963864207268,
                -0.2516287565231323,
                0.0897085964679718,
                0.0700303316116333,
                0.2696583867073059,
                0.20329391956329346,
                0.11418875306844711,
                -0.011650508269667625,
                -0.16819125413894653,
                0.13916537165641785,
                -0.15667739510536194,
                0.08295965194702148,
                0.1796988546848297,
                0.12383340299129486,
                0.07311804592609406,
                0.012166793458163738,
                -0.16713881492614746,
                0.015230663120746613,
                0.0800749883055687,
                -0.12247256189584732,
                0.03236181288957596,
                0.006713401526212692,
                -0.014997541904449463,
                0.08985691517591476,
                -0.04712287336587906,
                0.19116047024726868,
                0.045447926968336105,
                -0.0844673216342926,
                -0.1544613391160965,
                0.13960175216197968,
                -0.18503180146217346,
                -0.1268194317817688,
                0.12621504068374634,
                -0.13678443431854248,
                -0.2135748565196991,
                -0.2960931062698364,
                0.04004857316613197,
                0.4477146565914154,
                0.14906269311904907,
                -0.16491369903087616,
                0.0882590040564537,
                -0.01681990548968315,
                0.0014001131057739258,
                0.1461775302886963,
                0.17791500687599182,
                -0.05307922512292862,
                0.009814100340008736,
                -0.059452321380376816,
                -0.04339711368083954,
                0.29554805159568787,
                -0.012925462797284126,
                -0.08922930806875229,
                0.20215380191802979,
                -0.03494934365153313,
                0.06852715462446213,
                0.05316714942455292,
                0.03884420916438103,
                -0.015801899135112762,
                0.06201016157865524,
                -0.07501806318759918,
                -0.047365836799144745,
                0.025297265499830246,
                -0.031423673033714294,
                -0.008399737998843193,
                0.15124177932739258,
                -0.2176770716905594,
                0.09598280489444733,
                -0.03588901087641716,
                0.015374935232102871,
                -0.0046049561351537704,
                0.016437552869319916,
                -0.07730608433485031,
                0.030736105516552925,
                0.13520027697086334,
                -0.29074549674987793,
                0.21676945686340332,
                0.13691501319408417,
                0.02522173896431923,
                0.1421389877796173,
                0.12161151319742203,
                0.08984120935201645,
                -0.018205154687166214,
                -0.07916401326656342,
                -0.20908206701278687,
                -0.06422728300094604,
                0.13089649379253387,
                -0.03367840498685837,
                0.13204944133758545,
                0.010415028780698776
            ]
        ]
    },
    "hand": {
        "hand_count": 1,
        "hand_landmarks": [
            [
                {
                    "x": 0.30137336254119873,
                    "y": 0.3288846015930176,
                    "z": 1.3234652840310446e-07,
                    "visibility": 0.0
                },
                {
                    "x": 0.33837956190109253,
                    "y": 0.2796526551246643,
                    "z": -0.014411555603146553,
                    "visibility": 0.0
                },
                {
                    "x": 0.34556400775909424,
                    "y": 0.20822106301784515,
                    "z": -0.018992841243743896,
                    "visibility": 0.0
                },
                {
                    "x": 0.34582245349884033,
                    "y": 0.14960342645645142,
                    "z": -0.023897163569927216,
                    "visibility": 0.0
                },
                {
                    "x": 0.3562312126159668,
                    "y": 0.1071975976228714,
                    "z": -0.029291680082678795,
                    "visibility": 0.0
                },
                {
                    "x": 0.2864948809146881,
                    "y": 0.13778230547904968,
                    "z": -0.0057340762577950954,
                    "visibility": 0.0
                },
                {
                    "x": 0.2652679979801178,
                    "y": 0.07165654748678207,
                    "z": -0.017596082761883736,
                    "visibility": 0.0
                },
                {
                    "x": 0.2507995665073395,
                    "y": 0.031564608216285706,
                    "z": -0.02887306734919548,
                    "visibility": 0.0
                },
                {
                    "x": 0.23793573677539825,
                    "y": -0.002268746495246887,
                    "z": -0.03788100928068161,
                    "visibility": 0.0
                },
                {
                    "x": 0.26073259115219116,
                    "y": 0.14404472708702087,
                    "z": -0.009183832444250584,
                    "visibility": 0.0
                },
                {
                    "x": 0.2324889600276947,
                    "y": 0.06895184516906738,
                    "z": -0.020792780444025993,
                    "visibility": 0.0
                },
                {
                    "x": 0.21520017087459564,
                    "y": 0.022833026945590973,
                    "z": -0.03261864557862282,
                    "visibility": 0.0
                },
                {
                    "x": 0.20016685128211975,
                    "y": -0.016329869627952576,
                    "z": -0.041184406727552414,
                    "visibility": 0.0
                },
                {
                    "x": 0.24148979783058167,
                    "y": 0.16291065514087677,
                    "z": -0.015201876871287823,