{
    "face": {
        "face_count": 1,
        "face_embeddings": [
            [
                -0.020930981263518333,
                0.07963547110557556,
                0.038389015942811966,
                -0.013817421160638332,
                -0.07747520506381989,
                0.032553065568208694,
                -0.044150762259960175,
                -0.10548872500658035,
                0.13805034756660461,
                -0.1212586984038353,
                0.24616874754428864,
                -0.06126963347196579,
                -0.16782400012016296,
                -0.06864512711763382,
                -0.09251043945550919,
                0.1167660504579544,
                -0.13311800360679626,
                -0.10603760927915573,
                -0.04634111374616623,
                -0.05218963697552681,
                0.15121528506278992,
                0.08752772212028503,
                -0.028787363320589066,
                -0.016525015234947205,
                -0.16935449838638306,
                -0.22975832223892212,
                -0.12038450688123703,
                -0.04888540506362915,
                0.020020924508571625,
                -0.0666293129324913,
                -0.027701061218976974,
                0.024136682972311974,
                -0.1402968019247055,
                -0.02356250397861004,
                0.06497715413570404,
                0.04186385124921799,
                -0.008214815519750118,
                -0.02048644609749317,
                0.11386817693710327,
                0.005935232155025005,
                -0.16573941707611084,
                0.07615161687135696,
                0.056367769837379456,
                0.25808438658714294,
                0.20546270906925201,
                0.10014396160840988,
                -0.07693561911582947,
                -0.15204869210720062,
                0.0984567403793335,
                -0.20439305901527405,
                0.08626942336559296,
                0.14911407232284546,
                0.11404465138912201,
                0.10009706020355225,
                0.06696231663227081,
                -0.08897697180509567,
                0.034590944647789,
                0.15221813321113586,
                -0.10099150985479355,
                -0.03211608901619911,
                0.023277614265680313,
                -0.020156320184469223,
                0.03416161239147186,
                -0.039993178099393845,
                0.18627364933490753,
                0.053432103246450424,
                -0.10844280570745468,
                -0.1324423998594284,
                0.06132492423057556,
                -0.14930522441864014,
                -0.15371333062648773,
                0.053487569093704224,
                -0.1111203283071518,
                -0.14858980476856232,
                -0.29091671109199524,
                0.02775423787534237,
                0.4951253831386566,
                0.13812300562858582,
                -0.2535156309604645,
                0.07409942895174026,
                -0.02376672625541687,
                0.031508173793554306,
                0.20374499261379242,
                0.06256213784217834,
                -0.07132646441459656,
                -0.03192058205604553,
                -0.08909812569618225,
                -0.03690410405397415,
                0.22493045032024384,
                -0.07516951858997345,
                -0.07394138723611832,
                0.20766018331050873,
                0.0036633405834436417,
                0.062019262462854385,
                0.07310451567173004,
                -0.014796595089137554,
                -0.02632017992436886,
                0.030216945335268974,
                -0.10024887323379517,
                -0.07777471840381622,
                0.04021807014942169,
                -0.0056578852236270905,
                -0.030545376241207123,
                0.13633416593074799,
                -0.20273752510547638,
                0.19154320657253265,
                0.03074619360268116,
                0.007348589599132538,
                0.04664958640933037,
                -0.002026680624112487,
                -0.08337685465812683,
                0.014920428395271301,
                0.12803976237773895,
                -0.2981832027435303,
                0.16270479559898376,
                0.11541628837585449,
                0.022312885150313377,
                0.15574276447296143,
                0.12163801491260529,
                0.08856183290481567,
                -0.016600660979747772,
                -0.007136315107345581,
                -0.16015873849391937,
                -0.07304258644580841,
                0.10820997506380081,
                -0.029488470405340195,
                0.1009451299905777,
                -0.01560298167169094
            ]
        ]
    },
    "hand": {
        "hand_count": 0,
        "hand_landmarks": []
    },
    "body": {
        "landmark_count": 33,
        "landmarks": [
            {
                "x": 0.4870939552783966,
                "y": 0.5619287490844727,
                "z": -1.1478620767593384,
                "visibility": 0.9979963898658752
            },
            {
                "x": 0.5126770734786987,
                "y": 0.45598435401916504,
                "z": -1.1819593906402588,
                "visibility": 0.9969882369041443
            },
            {
                "x": 0.5365278720855713,
                "y": 0.44834113121032715,
                "z": -1.1817271709442139,
                "visibility": 0.9973492622375488
            },
            {
                "x": 0.5653101801872253,
                "y": 0.43780219554901123,
                "z": -1.181386947631836,
                "visibility": 0.9960753321647644
            },
            {
                "x": 0.470018595457077,
                "y": 0.4629659652709961,
                "z": -1.0542973279953003,
                "visibility": 0.9967436790466309
            },
            {
                "x": 0.45996615290641785,
                "y": 0.4640462398529053,
                "z": -1.0532392263412476,
                "visibility": 0.9968711733818054
            },
            {
                "x": 0.4506075084209442,
                "y": 0.4653538167476654,
                "z": -1.0535335540771484,
                "visibility": 0.9955440163612366
            },
            {
                "x": 0.6751459240913391,
                "y": 0.44679224491119385,
                "z": -1.03675377368927,
                "visibility": 0.9965689182281494
            },
            {
                "x": 0.5123081207275391,
                "y": 0.48942217230796814,
                "z": -0.43529587984085083,
                "visibility": 0.9968441724777222
            },
            {
                "x": 0.5523143410682678,
                "y": 0.6519169211387634,
                "z": -1.0855575799942017,
                "visibility": 0.9973668456077576
            },
            {
                "x": 0.4986906349658966,
                "y": 0.6670606136322021,
                "z": -0.9134777188301086,
                "visibility": 0.997469425201416
            },
            {
                "x": 0.9833821654319763,
                "y": 0.9628018140792847,
                "z": -1.0158597230911255,
                "visibility": 0.890944242477417
            },
            {
                "x": 0.46600350737571716,
                "y": 0.9896830916404724,
                "z": -0.020345890894532204,
                "visibility": 0.9790107011795044
            },
            {
                "x": 1.1900135278701782,
                "y": 1.49131441116333,
                "z": -1.7119922637939453,
                "visibility": 0.2735725939273834
            },
            {
                "x": 0.4305783808231354,