{
    "face": {
        "face_count": 1,
        "face_embeddings": [
            [
                -0.0814354419708252,
                0.08224348723888397,
                0.03228415548801422,
                -0.017552169039845467,
                -0.021423423662781715,
                0.010342562571167946,
                -0.05982819199562073,
                -0.10894159972667694,
                0.1352798044681549,
                -0.17512066662311554,
                0.30149340629577637,
                -0.011556643061339855,
                -0.2336358278989792,
                -0.1050206646323204,
                -0.08271373063325882,
                0.11638018488883972,
                -0.17104318737983704,
                -0.21642273664474487,
                -0.013078981079161167,
                0.005402525886893272,
                0.09424272179603577,
                0.01593806780874729,
                -0.02827511541545391,
                0.02194080874323845,
                -0.15462112426757812,
                -0.2927745580673218,
                -0.09017045795917511,
                -0.06513073295354843,
                -0.027153559029102325,
                -0.07465345412492752,
                -0.06383493542671204,
                0.023117924109101295,
                -0.13340841233730316,
                0.010435964912176132,
                0.04328864812850952,
                0.11077678948640823,
                -0.013536958023905754,
                -0.004900918807834387,
                0.19752320647239685,
                0.04251847043633461,
                -0.21699845790863037,
                0.05834607407450676,
                0.03649735823273659,
                0.2888592779636383,
                0.1880987286567688,
                0.07712011784315109,
                -0.02413775771856308,
                -0.15554653108119965,
                0.1210496798157692,
                -0.22858822345733643,
                0.10913894325494766,
                0.22114309668540955,
                0.21146880090236664,
                0.08352618664503098,
                0.0795966312289238,
                -0.1520833522081375,
                -0.008524999022483826,
                0.05387037247419357,
                -0.06735213845968246,
                0.0029686219058930874,
                0.04269694536924362,
                0.0072543201968073845,
                0.08709440380334854,
                -0.08169761300086975,
                0.17837001383304596,
                0.03518404811620712,
                -0.16877281665802002,
                -0.1268795281648636,
                0.10447017848491669,
                -0.1477508246898651,
                -0.17579925060272217,
                0.11525856703519821,
                -0.13166119158267975,
                -0.20841650664806366,
                -0.30523958802223206,
                0.031675949692726135,
                0.4305441677570343,
                0.16913557052612305,
                -0.1897468864917755,
                0.031241901218891144,
                -0.042105354368686676,
                -0.057376429438591,
                0.08776506036520004,
                0.12203767895698547,
                -0.07151199132204056,
                0.003330395556986332,
                -0.12553107738494873,
                -0.011059772223234177,
                0.24070852994918823,
                -0.007257640361785889,
                -0.11182096600532532,
                0.14468859136104584,
                -0.02833057940006256,
                0.12030129134654999,
                0.0350956991314888,
                0.06401475518941879,
                -0.0565057098865509,
                0.04796547442674637,
                -0.11817248910665512,
                -0.023822924122214317,
                -0.032631777226924896,
                -0.0063912756741046906,
                -0.051812391728162766,
                0.1313091665506363,
                -0.12780067324638367,
                0.14972223341464996,
                -0.017905347049236298,
                0.007775970734655857,
                -0.03179847449064255,
                0.06186447665095329,
                -0.11638063937425613,
                0.017599768936634064,
                0.07673324644565582,
                -0.2955363988876343,
                0.19261623919010162,
                0.14239048957824707,
                0.08202269673347473,
                0.10677134245634079,
                0.1588798612356186,
                0.03483908623456955,
                -0.011826729401946068,
                -0.04921206459403038,
                -0.2088385373353958,
                -0.12854619324207306,
                0.03617177903652191,
                -0.00900917500257492,
                0.14036431908607483,
                0.006078431848436594
            ]
        ]
    },
    "hand": {
        "hand_count": 1,
        "hand_landmarks": [
            [
                {
                    "x": 0.5410585403442383,
                    "y": 0.5176774263381958,
                    "z": -5.362827550925431e-07,
                    "visibility": 0.0
                },
                {
                    "x": 0.5562331676483154,
                    "y": 0.4786130487918854,
                    "z": 0.023930158466100693,
                    "visibility": 0.0
                },
                {
                    "x": 0.5514950752258301,
                    "y": 0.44741058349609375,
                    "z": 0.03057187609374523,
                    "visibility": 0.0
                },
                {
                    "x": 0.5381827354431152,
                    "y": 0.4307974874973297,
                    "z": 0.031988587230443954,
                    "visibility": 0.0
                },
                {
                    "x": 0.5223421454429626,
                    "y": 0.42797383666038513,
                    "z": 0.03274594247341156,
                    "visibility": 0.0
                },
                {
                    "x": 0.5217242240905762,
                    "y": 0.41206905245780945,
                    "z": 0.012381873093545437,
                    "visibility": 0.0
                },
                {
                    "x": 0.47466784715652466,
                    "y": 0.38733237981796265,
                    "z": 0.01535186916589737,
                    "visibility": 0.0
                },
                {
                    "x": 0.4648134112358093,
                    "y": 0.40521836280822754,
                    "z": 0.019181575626134872,
                    "visibility": 0.0
                },
                {
                    "x": 0.47334399819374084,
                    "y": 0.4230743944644928,
                    "z": 0.021824439987540245,
                    "visibility": 0.0
                },
                {
                    "x": 0.4930153787136078,
                    "y": 0.4179815948009491,
                    "z": 0.0011108811013400555,
                    "visibility": 0.0
                },
                {
                    "x": 0.442975789308548,
                    "y": 0.41730085015296936,
                    "z": 0.010477057658135891,
                    "visibility": 0.0
                },
                {
                    "x": 0.44735485315322876,
                    "y": 0.4384613037109375,
                    "z": 0.017787989228963852,
                    "visibility": 0.0
                },
                {
                    "x": 0.46675539016723633,
                    "y": 0.44721919298171997,
                    "z": 0.019578689709305763,
                    "visibility": 0.0
                },
                {
                    "x": 0.46723470091819763,
                    "y": 0.4330897927284241,
                    "z": -0.0074227722361683846,