{
    "face": {
        "face_count": 1,
        "face_embeddings": [
            [
                -0.11289665848016739,
                0.08973647654056549,
                0.017410170286893845,
                0.030056361109018326,
                -0.10473582148551941,
                0.03523625433444977,
                -0.019348248839378357,
                -0.08833647519350052,
                0.1764840930700302,
                -0.09173528105020523,
                0.23458033800125122,
                -0.0029399320483207703,
                -0.1956861913204193,
                -0.04907497763633728,
                -0.10096278041601181,
                0.13838858902454376,
                -0.1678166687488556,
                -0.19280824065208435,
                0.017523670569062233,
                0.032798077911138535,
                0.1594517081975937,
                0.06195122376084328,
                -0.017004400491714478,
                0.036963071674108505,
                -0.09436206519603729,
                -0.2845529317855835,
                -0.10183435678482056,
                -0.08278186619281769,
                0.045664284378290176,
                -0.036800216883420944,
                -0.022691817954182625,
                0.028754418715834618,
                -0.14039340615272522,
                -0.013624841347336769,
                0.07219710946083069,
                0.0729072242975235,
                0.015100962482392788,
                -0.031347084790468216,
                0.199554443359375,
                0.027491191402077675,
                -0.26011890172958374,
                0.04071350395679474,
                0.041878607124090195,
                0.3155516982078552,
                0.19671368598937988,
                0.1078948900103569,
                -0.046554263681173325,
                -0.11766064167022705,
                0.11866780370473862,
                -0.2013297975063324,
                0.057577624917030334,
                0.2277323603630066,
                0.1856592744588852,
                0.041942499577999115,
                0.033606912940740585,
                -0.14613734185695648,
                0.0343417264521122,
                0.09259752929210663,
                -0.11849911510944366,
                0.00646029831841588,
                0.03613988682627678,
                -0.07949893921613693,
                0.07897986471652985,
                -0.07598558068275452,
                0.1777646392583847,
                0.013567281886935234,
                -0.09759534895420074,
                -0.14213384687900543,
                0.12722191214561462,
                -0.15666987001895905,
                -0.1553853154182434,
                0.10374319553375244,
                -0.18935663998126984,
                -0.19100278615951538,
                -0.2928764820098877,
                -0.027875393629074097,
                0.4876933693885803,
                0.12888674437999725,
                -0.16125249862670898,
                0.10198627412319183,
                -0.0069984206929802895,
                0.039892952889204025,
                0.11110931634902954,
                0.17930029332637787,
                -0.02507302165031433,
                -0.042666662484407425,
                -0.12990769743919373,
                -0.05140313133597374,
                0.2236773818731308,
                -0.06799886375665665,
                -0.069364994764328,
                0.16604575514793396,
                -0.022307634353637695,
                0.051978472620248795,
                0.016707338392734528,
                0.030210016295313835,
                0.01798071339726448,
                0.048500534147024155,
                -0.05497337132692337,
                -0.050902530550956726,
                -0.024151621386408806,
                -0.010353706777095795,
                -0.0017600450664758682,
                0.1266806274652481,
                -0.21959516406059265,
                0.08271995186805725,
                -0.01393534243106842,
                0.05461955443024635,
                0.016074540093541145,
                0.0027758311480283737,
                -0.04795917868614197,
                0.020795991644263268,
                0.10553961247205734,
                -0.290838360786438,
                0.2281636744737625,
                0.16446802020072937,
                -0.025148587301373482,
                0.130658820271492,
                0.06759250909090042,
                0.094596266746521,
                -0.02114206925034523,
                -0.047898970544338226,
                -0.2109929770231247,
                -0.1039300486445427,
                0.04583536088466644,
                -0.02875172346830368,
                0.08775018155574799,
                0.007980548776686192
            ]
        ]
    },
    "hand": {
        "hand_count": 0,
        "hand_landmarks": []
    },
    "body": {
        "landmark_count": 33,
        "landmarks": [
            {
                "x": 0.5022608637809753,
                "y": 0.3561830520629883,
                "z": -2.486250877380371,
                "visibility": 0.9994093179702759
            },
            {
                "x": 0.5653557181358337,
                "y": 0.2941594123840332,
                "z": -2.355780601501465,
                "visibility": 0.9991911053657532
            },
            {
                "x": 0.6009300351142883,
                "y": 0.2953927516937256,
                "z": -2.3568038940429688,
                "visibility": 0.9990173578262329
            },
            {
                "x": 0.6357918977737427,
                "y": 0.29866600036621094,
                "z": -2.3577756881713867,
                "visibility": 0.9990103244781494
            },
            {
                "x": 0.44495007395744324,
                "y": 0.29836034774780273,
                "z": -2.3134214878082275,
                "visibility": 0.9991620779037476
            },
            {
                "x": 0.40477290749549866,
                "y": 0.3014969825744629,
                "z": -2.312162160873413,
                "visibility": 0.999040424823761
            },
            {
                "x": 0.36634525656700134,
                "y": 0.30622923374176025,
                "z": -2.312941789627075,
                "visibility": 0.999164342880249
            },
            {
                "x": 0.7069202065467834,
                "y": 0.33762645721435547,
                "z": -1.4634532928466797,
                "visibility": 0.9987687468528748
            },
            {
                "x": 0.3395059108734131,
                "y": 0.34557044506073,
                "z": -1.224285364151001,
                "visibility": 0.9992197751998901
            },
            {
                "x": 0.5880683660507202,
                "y": 0.4376404285430908,
                "z": -2.159412145614624,
                "visibility": 0.9998072981834412
            },
            {
                "x": 0.43742698431015015,
                "y": 0.440580815076828,
                "z": -2.0912013053894043,
                "visibility": 0.9998156428337097
            },
            {
                "x": 0.9830842018127441,
                "y": 0.7363917231559753,
                "z": -1.1577112674713135,
                "visibility": 0.9920821189880371
            },
            {
                "x": 0.11420363187789917,
                "y": 0.7559144496917725,
                "z": -0.567994236946106,
                "visibility": 0.9976319074630737
            },
            {
                "x": 1.1817638874053955,
                "y": 1.1652872562408447,
                "z": -1.5063495635986328,
                "visibility": 0.2338155061006546
            },
            {
                "x": -0.09551036357879639,
                "y": 1.1791552305221558,