{
    "face": {
        "face_count": 1,
        "face_embeddings": [
            [
                -0.06454349309206009,
                0.0981295183300972,
                0.002438013441860676,
                0.041409630328416824,
                -0.09267694503068924,
                0.034974779933691025,
                -0.04568920284509659,
                -0.06424322724342346,
                0.149783656001091,
                -0.060362618416547775,
                0.18894897401332855,
                0.0028800792060792446,
                -0.19864703714847565,
                -0.05900132656097412,
                -0.07793877273797989,
                0.16250833868980408,
                -0.18428301811218262,
                -0.19387562572956085,
                0.010053222998976707,
                0.045997995883226395,
                0.18047411739826202,
                0.08378362655639648,
                -0.007006144151091576,
                0.05731276422739029,
                -0.08509533107280731,
                -0.29536956548690796,
                -0.08249855786561966,
                -0.10269320756196976,
                0.04748212918639183,
                -0.09750350564718246,
                -0.05965062975883484,
                0.011758964508771896,
                -0.16618482768535614,
                -0.011822780594229698,
                0.08954540640115738,
                0.05939003825187683,
                0.007925136014819145,
                -0.08088395744562149,
                0.20067037642002106,
                0.03408230468630791,
                -0.27787524461746216,
                0.08143118768930435,
                0.067877396941185,
                0.2478376179933548,
                0.15649183094501495,
                0.11238595098257065,
                -0.05253750830888748,
                -0.12886181473731995,
                0.10091762989759445,
                -0.18465571105480194,
                0.0719827339053154,
                0.21560437977313995,
                0.14231839776039124,
                0.0795164704322815,
                0.013080602511763573,
                -0.19631889462471008,
                0.042815037071704865,
                0.030591493472456932,
                -0.10658948123455048,
                -0.007032410707324743,
                0.04790336266160011,
                -0.04064863175153732,
                0.09229853004217148,
                -0.041245587170124054,
                0.17670799791812897,
                -0.004410977475345135,
                -0.08608873188495636,
                -0.1612381935119629,
                0.09262529015541077,
                -0.15109902620315552,
                -0.15578043460845947,
                0.12036673724651337,
                -0.16131894290447235,
                -0.1786649376153946,
                -0.26825401186943054,
                0.002208966761827469,
                0.4805118143558502,
                0.13413339853286743,
                -0.19685187935829163,
                0.06968066841363907,
                -0.024857306852936745,
                0.01782829500734806,
                0.1190161481499672,
                0.15784645080566406,
                -0.028659801930189133,
                -0.018773755058646202,
                -0.13956886529922485,
                -0.03824426606297493,
                0.254203200340271,
                -0.03528549149632454,
                -0.08615699410438538,
                0.16912361979484558,
                0.013816112652420998,
                0.10458577424287796,
                0.029744453728199005,
                0.02579827979207039,
                0.014933174476027489,
                0.032117489725351334,
                -0.09741078317165375,
                -0.057085685431957245,
                -0.023445799946784973,
                0.017645176500082016,
                -0.050585344433784485,
                0.16735734045505524,
                -0.1766415387392044,
                0.06657826900482178,
                0.015195283107459545,
                -0.007578292395919561,
                -0.01679873839020729,
                0.07676923274993896,
                -0.12290268391370773,
                -0.002085344400256872,
                0.07405667752027512,
                -0.2662791907787323,
                0.2623961567878723,
                0.16945530474185944,
                0.059267863631248474,
                0.09352397173643112,
                0.10167772322893143,
                0.09112197160720825,
                -0.013489020057022572,
                -0.07536231726408005,
                -0.22586770355701447,
                -0.10961968451738358,
                0.11271116137504578,
                -0.0011898870579898357,
                0.09511329233646393,
                -0.0027204840444028378
            ]
        ]
    },
    "hand": {
        "hand_count": 0,
        "hand_landmarks": []
    },
    "body": {
        "landmark_count": 33,
        "landmarks": [
            {
                "x": 0.5380324125289917,
                "y": 0.5123370885848999,
                "z": -2.5760443210601807,
                "visibility": 0.9995564818382263
            },
            {
                "x": 0.6100045442581177,
                "y": 0.43375900387763977,
                "z": -2.43983793258667,
                "visibility": 0.9991365075111389
            },
            {
                "x": 0.6477532982826233,
                "y": 0.4365789592266083,
                "z": -2.440573215484619,
                "visibility": 0.9990519881248474
            },
            {
                "x": 0.6855638027191162,
                "y": 0.44062718749046326,
                "z": -2.441727876663208,
                "visibility": 0.9988629817962646
            },
            {
                "x": 0.47973015904426575,
                "y": 0.4273364543914795,
                "z": -2.4391636848449707,
                "visibility": 0.9992569088935852
            },
            {
                "x": 0.4313724637031555,
                "y": 0.4270108938217163,
                "z": -2.4377920627593994,
                "visibility": 0.9993447661399841
            },
            {
                "x": 0.3835035264492035,
                "y": 0.42766180634498596,
                "z": -2.4388740062713623,
                "visibility": 0.9993355870246887
            },
            {
                "x": 0.74409019947052,
                "y": 0.4866446256637573,
                "z": -1.4468899965286255,
                "visibility": 0.9990284442901611
            },
            {
                "x": 0.31667646765708923,
                "y": 0.4671236276626587,
                "z": -1.3707983493804932,
                "visibility": 0.9995991587638855
            },
            {
                "x": 0.6044695377349854,
                "y": 0.6072643995285034,
                "z": -2.1970999240875244,
                "visibility": 0.9997294545173645
            },
            {
                "x": 0.441151887178421,
                "y": 0.602568507194519,
                "z": -2.1766440868377686,
                "visibility": 0.9997904896736145
            },
            {
                "x": 1.021195888519287,
                "y": 0.8924243450164795,
                "z": -0.8377107977867126,
                "visibility": 0.9941447377204895
            },
            {
                "x": 0.031201452016830444,
                "y": 0.8982936143875122,
                "z": -0.9497866034507751,
                "visibility": 0.9977543950080872
            },
            {
                "x": 1.3472732305526733,
                "y": 1.3837860822677612,
                "z": -0.9795146584510803,
                "visibility": 0.1146436259150505
            },
            {
                "x": -0.2392328679561615,
                "y": 1.440521478652954,