{
    "face": {
        "face_count": 1,
        "face_embeddings": [
            [
                -0.13950802385807037,
                0.037924692034721375,
                0.06611523777246475,
                -0.05228148028254509,
                -0.15848751366138458,
                -0.017804553732275963,
                -0.009256056509912014,
                -0.10951077938079834,
                0.09201042354106903,
                -0.08811375498771667,
                0.18372265994548798,
                -0.12640613317489624,
                -0.2241552174091339,
                -0.09424182027578354,
                -0.0635337084531784,
                0.1780412197113037,
                -0.09575933963060379,
                -0.1524328589439392,
                -0.032087936997413635,
                -0.007401568349450827,
                0.03431385010480881,
                -0.021049410104751587,
                -0.00907915085554123,
                0.02529156021773815,
                -0.0944337472319603,
                -0.33536967635154724,
                -0.07748161256313324,
                -0.00025011878460645676,
                -0.03668694198131561,
                -0.018783606588840485,
                -0.08101411163806915,
                0.1268981695175171,
                -0.202126607298851,
                -0.10985156148672104,
                0.04850222170352936,
                0.13699349761009216,
                -0.0015721842646598816,
                -0.00851033441722393,
                0.13715238869190216,
                -0.01939845085144043,
                -0.26489993929862976,
                0.07263698428869247,
                0.12634210288524628,
                0.2504754364490509,
                0.1342608630657196,
                0.06643270701169968,
                0.001811053603887558,
                -0.16393634676933289,
                0.09506652504205704,
                -0.15052567422389984,
                0.03865363448858261,
                0.17185291647911072,
                0.09087855368852615,
                0.009412183426320553,
                -0.02021099627017975,
                -0.10680501163005829,
                0.010954835452139378,
                0.13365229964256287,
                -0.12009837478399277,
                0.021423183381557465,
                0.10470323264598846,
                -0.04552933946251869,
                -0.034847453236579895,
                -0.16875289380550385,
                0.18158528208732605,
                0.060241248458623886,
                -0.10834383964538574,
                -0.1877322643995285,
                0.10906300693750381,
                -0.13493043184280396,
                -0.10685407370328903,
                0.048923738300800323,
                -0.14870527386665344,
                -0.1717403382062912,
                -0.35439538955688477,
                0.0427560955286026,
                0.34128066897392273,
                0.0890105813741684,
                -0.17640605568885803,
                0.04989973455667496,
                -0.02947068028151989,
                0.009279998950660229,
                0.09244299679994583,
                0.1560189127922058,
                -0.04171570762991905,
                0.047429151833057404,
                -0.04357200115919113,
                -0.03620351105928421,
                0.22927802801132202,
                -0.040094438940286636,
                -0.016144847497344017,
                0.1721164584159851,
                0.039429206401109695,
                0.045338764786720276,
                0.018716955557465553,
                0.044574663043022156,
                -0.05968145653605461,
                0.026535701006650925,
                -0.19697323441505432,
                -0.013457280583679676,
                0.018675442785024643,
                -0.10248247534036636,
                0.0036149644292891026,
                0.11793375015258789,
                -0.2307547628879547,
                0.11385595798492432,
                -0.01443636603653431,
                0.015045687556266785,
                0.014624768868088722,
                -0.009095225483179092,
                -0.06896566599607468,
                -0.04285268485546112,
                0.12130962312221527,
                -0.2347150444984436,
                0.17014357447624207,
                0.21398499608039856,
                0.08756120502948761,
                0.09962649643421173,
                0.18714721500873566,
                0.0731474831700325,
                0.01291328202933073,
                0.022007683292031288,
                -0.15320608019828796,
                -0.05214424058794975,
                0.13392066955566406,
                -0.0729440450668335,
                0.0835869312286377,
                0.04462060332298279
            ]
        ]
    },
    "hand": {
        "hand_count": 0,
        "hand_landmarks": []
    },
    "body": {
        "landmark_count": 33,
        "landmarks": [
            {
                "x": 0.6059789061546326,
                "y": 0.3706061840057373,
                "z": -0.7101958990097046,
                "visibility": 0.9999024868011475
            },
            {
                "x": 0.6052579879760742,
                "y": 0.31848764419555664,
                "z": -0.6421576142311096,
                "visibility": 0.9997995495796204
            },
            {
                "x": 0.610359787940979,
                "y": 0.3201169967651367,
                "z": -0.6422277688980103,
                "visibility": 0.9998039603233337
            },
            {
                "x": 0.6155270338058472,
                "y": 0.321649432182312,
                "z": -0.642352283000946,
                "visibility": 0.9998170733451843
            },
            {
                "x": 0.5794968605041504,
                "y": 0.31291937828063965,
                "z": -0.678015410900116,
                "visibility": 0.9998012185096741
            },
            {
                "x": 0.5648658275604248,
                "y": 0.3118410110473633,
                "z": -0.6779032945632935,
                "visibility": 0.9998155236244202
            },
            {
                "x": 0.549521803855896,
                "y": 0.312095046043396,
                "z": -0.6781935095787048,
                "visibility": 0.9997739195823669
            },
            {
                "x": 0.6026366353034973,
                "y": 0.3430774211883545,
                "z": -0.2780642807483673,
                "visibility": 0.9998477697372437
            },
            {
                "x": 0.5060397982597351,
                "y": 0.34468746185302734,
                "z": -0.43265724182128906,
                "visibility": 0.9998148083686829
            },
            {
                "x": 0.6095471978187561,
                "y": 0.4320528507232666,
                "z": -0.5794095993041992,
                "visibility": 0.9999217987060547
            },
            {
                "x": 0.5769723057746887,
                "y": 0.4303044080734253,
                "z": -0.6250834465026855,
                "visibility": 0.9998801946640015
            },
            {
                "x": 0.7110089063644409,
                "y": 0.6672216057777405,
                "z": -0.1131950318813324,
                "visibility": 0.9998261332511902
            },
            {
                "x": 0.359781950712204,
                "y": 0.6536709666252136,
                "z": -0.4183080494403839,
                "visibility": 0.9988964796066284
            },
            {
                "x": 0.827985405921936,
                "y": 0.963091254234314,
                "z": -0.08968297392129898,
                "visibility": 0.563460111618042
            },
            {
                "x": 0.19158245623111725,
                "y": 0.9121770858764648,