{
    "face": {
        "face_count": 1,
        "face_embeddings": [
            [
                -0.12264268100261688,
                0.009696553461253643,
                0.04782188683748245,
                -0.08405310660600662,
                -0.14221467077732086,
                0.008133172988891602,
                -0.11838095635175705,
                -0.09252046793699265,
                0.05905403941869736,
                -0.12278522551059723,
                0.22785744071006775,
                -0.08176239579916,
                -0.23166856169700623,
                -0.07808803021907806,
                -0.05909845978021622,
                0.15809163451194763,
                -0.13246431946754456,
                -0.14798355102539062,
                0.004117995500564575,
                0.023537438362836838,
                0.04548036679625511,
                0.012050161138176918,
                -0.015102502889931202,
                0.025269431993365288,
                -0.11012600362300873,
                -0.37327295541763306,
                -0.10171674937009811,
                -0.0299766156822443,
                -0.03209901601076126,
                -0.038816485553979874,
                -0.06320710480213165,
                0.011457731947302818,
                -0.1950666606426239,
                -0.0055655669420957565,
                0.04068753123283386,
                0.10392414033412933,
                0.01236418541520834,
                -0.04970831796526909,
                0.10126256942749023,
                -0.006029183976352215,
                -0.2813444137573242,
                0.04029176011681557,
                0.07094507664442062,
                0.22727853059768677,
                0.14900919795036316,
                0.05036596208810806,
                0.03229712322354317,
                -0.13487468659877777,
                0.10516009479761124,
                -0.1566033661365509,
                0.026085857301950455,
                0.13572324812412262,
                0.06727784872055054,
                -0.01455211453139782,
                -0.01749873161315918,
                -0.12775632739067078,
                -0.012929115444421768,
                0.1476503312587738,
                -0.11032722145318985,
                0.03254538029432297,
                0.07241159677505493,
                -0.031151052564382553,
                0.0056502847000956535,
                -0.1377049684524536,
                0.20470312237739563,
                0.043302036821842194,
                -0.15331804752349854,
                -0.22525908052921295,
                0.11236568540334702,
                -0.1539284884929657,
                -0.08551587164402008,
                0.054617319256067276,
                -0.15040820837020874,
                -0.22956739366054535,
                -0.3323189914226532,
                0.05594458803534508,
                0.3193711042404175,
                0.11612210422754288,
                -0.16931834816932678,
                0.09276437014341354,
                -0.0008843233226798475,
                0.01817500777542591,
                0.08754982799291611,
                0.1699402779340744,
                0.003451826050877571,
                0.10635723173618317,
                -0.08498705178499222,
                -0.014848906546831131,
                0.2688569724559784,
                -0.06900626420974731,
                0.004345504101365805,
                0.20692989230155945,
                -0.03111780807375908,
                0.08681119978427887,
                0.03823353722691536,
                0.06279584765434265,
                -0.07884082198143005,
                0.033750589936971664,
                -0.16093386709690094,
                0.025065604597330093,
                0.0018324144184589386,
                -0.051277339458465576,
                0.018154878169298172,
                0.1034357100725174,
                -0.1410074383020401,
                0.126726433634758,
                -0.036866117268800735,
                0.008946890011429787,
                -0.02765454351902008,
                -0.005386689677834511,
                -0.08369165658950806,
                -0.06280291080474854,
                0.1162814125418663,
                -0.24061591923236847,
                0.18646247684955597,
                0.19593621790409088,
                0.1750320941209793,
                0.13268066942691803,
                0.2007463276386261,
                0.029342934489250183,
                0.018916334956884384,
                0.006298799067735672,
                -0.18752621114253998,
                -0.04225453361868858,
                0.07732734084129333,
                -0.07831490784883499,
                0.09027703106403351,
                0.020103486254811287
            ]
        ]
    },
    "hand": {
        "hand_count": 0,
        "hand_landmarks": []
    },
    "body": {
        "landmark_count": 33,
        "landmarks": [
            {
                "x": 0.667969286441803,
                "y": 0.5412752628326416,
                "z": -1.6036605834960938,
                "visibility": 0.9998315572738647
            },
            {
                "x": 0.6812430024147034,
                "y": 0.4117371737957001,
                "z": -1.514047384262085,
                "visibility": 0.9998375177383423
            },
            {
                "x": 0.7016021609306335,
                "y": 0.40164053440093994,
                "z": -1.5138190984725952,
                "visibility": 0.9997547268867493
            },
            {
                "x": 0.721549391746521,
                "y": 0.3937932252883911,
                "z": -1.513413667678833,
                "visibility": 0.9997195601463318
            },
            {
                "x": 0.610366702079773,
                "y": 0.4535338878631592,
                "z": -1.549343466758728,
                "visibility": 0.999882698059082
            },
            {
                "x": 0.5795767903327942,
                "y": 0.47377046942710876,
                "z": -1.549770474433899,
                "visibility": 0.9998712539672852
            },
            {
                "x": 0.5507363080978394,
                "y": 0.49441540241241455,
                "z": -1.5500240325927734,
                "visibility": 0.9998767375946045
            },
            {
                "x": 0.7547830939292908,
                "y": 0.445243239402771,
                "z": -0.9458429217338562,
                "visibility": 0.9996846914291382
            },
            {
                "x": 0.503262996673584,
                "y": 0.5605059862136841,
                "z": -1.1032847166061401,
                "visibility": 0.9998449087142944
            },
            {
                "x": 0.7141618132591248,
                "y": 0.6440722942352295,
                "z": -1.385481595993042,
                "visibility": 0.9981268048286438
            },
            {
                "x": 0.633514404296875,
                "y": 0.6897368431091309,
                "z": -1.4317471981048584,
                "visibility": 0.9985526204109192
            },
            {
                "x": 0.8636895418167114,
                "y": 0.9444656372070312,
                "z": -0.5133943557739258,
                "visibility": 0.8059001564979553
            },
            {
                "x": 0.4348434805870056,
                "y": 0.9851415157318115,
                "z": -0.8427718877792358,
                "visibility": 0.8568033576011658
            },
            {
                "x": 0.9891271591186523,
                "y": 1.1334812641143799,
                "z": -0.38636937737464905,
                "visibility": 0.06548164784908295
            },
            {
                "x": 0.2726741433143616,
                "y": 1.291085958480835,