{
    "face": {
        "face_count": 1,
        "face_embeddings": [
            [
                -0.09284520894289017,
                0.10056469589471817,
                0.00017875991761684418,
                0.04904445633292198,
                -0.08178708702325821,
                -0.0878649577498436,
                0.00026568304747343063,
                -0.20894600450992584,
                0.09721614420413971,
                -0.05897732451558113,
                0.25013890862464905,
                -0.10406892746686935,
                -0.205515056848526,
                -0.08239361643791199,
                -0.050308141857385635,
                0.20727360248565674,
                -0.17005077004432678,
                -0.0950814038515091,
                -0.055573709309101105,
                -0.0634283572435379,
                0.06010381877422333,
                0.017612887546420097,
                0.0010276272660121322,
                -0.01845104992389679,
                -0.030271034687757492,
                -0.24906720221042633,
                -0.06469319015741348,
                -0.0667395144701004,
                0.06444448977708817,
                -0.032764408737421036,
                -0.006503124721348286,
                0.03265426680445671,
                -0.2038043737411499,
                -0.11741853505373001,
                0.08600061386823654,
                0.11883297562599182,
                -0.025034690275788307,
                -0.0464685782790184,
                0.18657387793064117,
                -0.048674196004867554,
                -0.14248178899288177,
                0.013884805142879486,
                0.0848989188671112,
                0.22661717236042023,
                0.18422959744930267,
                0.010090027004480362,
                -0.028515463694930077,
                -0.15031465888023376,
                0.10944191366434097,
                -0.1786746233701706,
                -0.041473597288131714,
                0.11050598323345184,
                0.08288019150495529,
                0.12194768339395523,
                -0.047592222690582275,
                -0.0608515664935112,
                0.04825134947896004,
                0.10827437788248062,
                -0.1262437254190445,
                -0.009964760392904282,
                0.19419802725315094,
                -0.10198502987623215,
                -0.008763391524553299,
                -0.05773372948169708,
                0.23458252847194672,
                -0.006259888410568237,
                -0.11108561605215073,
                -0.11015783250331879,
                0.09007555991411209,
                -0.146003857254982,
                -0.12840156257152557,
                -0.019642043858766556,
                -0.06959234178066254,
                -0.12191992998123169,
                -0.3031468689441681,
                0.007747592870146036,
                0.42283451557159424,
                0.057481810450553894,
                -0.1881909817457199,
                0.018280327320098877,
                -0.07409664243459702,
                -0.028978273272514343,
                0.10793427377939224,
                0.07070819288492203,
                0.04043867811560631,
                -0.03687470406293869,
                -0.1146455854177475,
                -0.04250139370560646,
                0.27504438161849976,
                -0.08873136341571808,
                0.030820118263363838,
                0.20274128019809723,
                -0.03623144328594208,
                0.06675433367490768,
                0.015545032918453217,
                0.06492819637060165,
                -0.06926663219928741,
                0.01562341209501028,
                -0.09051110595464706,
                -0.043427448719739914,
                0.01188528724014759,
                -0.10655790567398071,
                0.03356460481882095,
                0.12072402238845825,
                -0.17571885883808136,
                0.18567313253879547,
                -0.018676254898309708,
                0.0769113153219223,
                0.05374455079436302,
                -0.032942380756139755,
                -0.03461446985602379,
                -0.005266821477562189,
                0.14805451035499573,
                -0.1645951271057129,
                0.2555350363254547,
                0.15662561357021332,
                0.011683644726872444,
                0.0938085988163948,
                0.06520123779773712,
                0.12468291819095612,
                -0.05556730553507805,
                0.01748286560177803,
                -0.19687461853027344,
                -0.11102672666311264,
                0.0019745323807001114,
                -0.01030605286359787,
                0.04766564816236496,
                0.03201982378959656
            ]
        ]
    },
    "hand": {
        "hand_count": 0,
        "hand_landmarks": []
    },
    "body": {
        "landmark_count": 33,
        "landmarks": [
            {
                "x": 0.4395278990268707,
                "y": 0.5102459192276001,
                "z": -0.7145600914955139,
                "visibility": 0.9999210834503174
            },
            {
                "x": 0.4599619507789612,
                "y": 0.46055686473846436,
                "z": -0.6616009473800659,
                "visibility": 0.99981290102005
            },
            {
                "x": 0.4714299142360687,
                "y": 0.4677126705646515,
                "z": -0.6616610288619995,
                "visibility": 0.9998067021369934
            },
            {
                "x": 0.4819888174533844,
                "y": 0.4742997884750366,
                "z": -0.6619184613227844,
                "visibility": 0.9997676014900208
            },
            {
                "x": 0.4241142272949219,
                "y": 0.43962717056274414,
                "z": -0.6911981701850891,
                "visibility": 0.999853253364563
            },
            {
                "x": 0.40670257806777954,
                "y": 0.430572509765625,
                "z": -0.6907278895378113,
                "visibility": 0.9998743534088135
            },
            {
                "x": 0.38838276267051697,
                "y": 0.423209547996521,
                "z": -0.6910026669502258,
                "visibility": 0.9998642206192017
            },
            {
                "x": 0.48425477743148804,
                "y": 0.5059711933135986,
                "z": -0.34553393721580505,
                "visibility": 0.9997381567955017
            },
            {
                "x": 0.3367941379547119,
                "y": 0.44122281670570374,
                "z": -0.46837204694747925,
                "visibility": 0.9998970031738281
            },
            {
                "x": 0.44810381531715393,
                "y": 0.5861968994140625,
                "z": -0.5944886803627014,
                "visibility": 0.9999169111251831
            },
            {
                "x": 0.4018412232398987,
                "y": 0.5724427700042725,
                "z": -0.6306469440460205,
                "visibility": 0.999953031539917
            },
            {
                "x": 0.523739218711853,
                "y": 0.8105584979057312,
                "z": -0.16526737809181213,
                "visibility": 0.9992656111717224
            },
            {
                "x": 0.17765331268310547,
                "y": 0.7966529726982117,
                "z": -0.3438117802143097,
                "visibility": 0.9993352293968201
            },
            {
                "x": 0.6303606033325195,
                "y": 1.0730767250061035,
                "z": -0.07225577533245087,
                "visibility": 0.21893279254436493
            },
            {
                "x": 0.10677123069763184,