{
    "face": {
        "face_count": 1,
        "face_embeddings": [
            [
                -0.04611319676041603,
                0.06817994266748428,
                0.03594866394996643,
                -0.02878016233444214,
                -0.08449649065732956,
                -0.10887163132429123,
                -0.013411744497716427,
                -0.16824795305728912,
                0.09954901039600372,
                -0.07111533731222153,
                0.20459657907485962,
                -0.1176716536283493,
                -0.20518580079078674,
                -0.11345280706882477,
                -0.053632788360118866,
                0.17108643054962158,
                -0.12228155881166458,
                -0.07667087763547897,
                -0.08484760671854019,
                -0.01466665230691433,
                0.1094018742442131,
                0.04132471978664398,
                0.007165861316025257,
                -0.004749381449073553,
                -0.01052420400083065,
                -0.2850624918937683,
                -0.08250056207180023,
                -0.06034043803811073,
                0.0025336621329188347,
                -0.04634767770767212,
                -0.04779651388525963,
                0.10047783702611923,
                -0.17936962842941284,
                -0.15620920062065125,
                0.05230614170432091,
                0.11430010944604874,
                -0.016614601016044617,
                -0.03822389990091324,
                0.1657855063676834,
                0.0023453226312994957,
                -0.20349065959453583,
                0.06773816049098969,
                0.06445750594139099,
                0.21976861357688904,
                0.22162148356437683,
                0.01542816124856472,
                0.011873515322804451,
                -0.19523271918296814,
                0.125794917345047,
                -0.11990219354629517,
                -0.004231516271829605,
                0.11478230357170105,
                0.15061385929584503,
                0.08291172981262207,
                0.013446664437651634,
                -0.10340193659067154,
                0.07472211122512817,
                0.08429457247257233,
                -0.11397887021303177,
                -0.015476319938898087,
                0.15356115996837616,
                -0.08627656102180481,
                0.005693285726010799,
                -0.024032775312662125,
                0.19690334796905518,
                -0.013038435019552708,
                -0.07144372910261154,
                -0.1496351808309555,
                0.10857127606868744,
                -0.12684695422649384,
                -0.14542700350284576,
                0.03950773552060127,
                -0.1455027014017105,
                -0.09857558459043503,
                -0.3418078124523163,
                -0.03142394870519638,
                0.3899909257888794,
                0.04947620630264282,
                -0.24671772122383118,
                0.036518488079309464,
                -0.11375278979539871,
                0.01683228090405464,
                0.17795410752296448,
                0.11436696350574493,
                0.016900863498449326,
                0.004701598547399044,
                -0.10421733558177948,
                -0.0390562079846859,
                0.22614382207393646,
                -0.09427796304225922,
                -0.04617459326982498,
                0.20623885095119476,
                0.030560243874788284,
                0.10801002383232117,
                0.038184259086847305,
                -0.005157520063221455,
                -0.031241126358509064,
                0.045005545020103455,
                -0.1309761255979538,
                -0.04535965994000435,
                0.05360634997487068,
                -0.07102446258068085,
                0.008528566919267178,
                0.13818147778511047,
                -0.1909615844488144,
                0.12797005474567413,
                0.006862170062959194,
                0.09578271210193634,
                0.04951462149620056,
                -0.04441753029823303,
                -0.05749029666185379,
                -0.01523204892873764,
                0.13447953760623932,
                -0.19278134405612946,
                0.19555878639221191,
                0.1690715104341507,
                0.012974420562386513,
                0.05372929945588112,
                0.11788692325353622,
                0.08971879631280899,
                -0.020899662747979164,
                -0.023161914199590683,
                -0.2185807079076767,
                -0.023927418515086174,
                0.08394502848386765,
                0.042386628687381744,
                0.06604377925395966,
                0.036352697759866714
            ]
        ]
    },
    "hand": {
        "hand_count": 0,
        "hand_landmarks": []
    },
    "body": {
        "landmark_count": 33,
        "landmarks": [
            {
                "x": 0.7830544710159302,
                "y": 0.2145480066537857,
                "z": -1.1500402688980103,
                "visibility": 0.9999901056289673
            },
            {
                "x": 0.8023407459259033,
                "y": 0.18100422620773315,
                "z": -1.0539811849594116,
                "visibility": 0.9999817609786987
            },
            {
                "x": 0.8144112825393677,
                "y": 0.18184345960617065,
                "z": -1.0542442798614502,
                "visibility": 0.9999699592590332
            },
            {
                "x": 0.8253777027130127,
                "y": 0.18246906995773315,
                "z": -1.0545644760131836,
                "visibility": 0.9999595880508423
            },
            {
                "x": 0.7524718046188354,
                "y": 0.17545825242996216,
                "z": -1.1119569540023804,
                "visibility": 0.9999885559082031
            },
            {
                "x": 0.7235617637634277,
                "y": 0.1715942621231079,
                "z": -1.1118546724319458,
                "visibility": 0.9999884366989136
            },
            {
                "x": 0.6917755603790283,
                "y": 0.16784679889678955,
                "z": -1.1116024255752563,
                "visibility": 0.9999914169311523
            },
            {
                "x": 0.7979031205177307,
                "y": 0.19233906269073486,
                "z": -0.5607324838638306,
                "visibility": 0.9999538660049438
            },
            {
                "x": 0.623145580291748,
                "y": 0.17163145542144775,
                "z": -0.8096538782119751,
                "visibility": 0.9999943971633911
            },
            {
                "x": 0.7817996740341187,
                "y": 0.25203853845596313,
                "z": -0.9535651803016663,
                "visibility": 0.9998711347579956
            },
            {
                "x": 0.7214714288711548,
                "y": 0.24709467589855194,
                "z": -1.0228859186172485,
                "visibility": 0.9999688863754272
            },
            {
                "x": 0.5635746717453003,
                "y": 0.28586912155151367,
                "z": 0.0498640239238739,
                "visibility": 0.9991938471794128
            },
            {
                "x": 0.5218410491943359,
                "y": 0.3427402079105377,
                "z": -0.8870381116867065,
                "visibility": 0.9999544620513916
            },
            {
                "x": 0.41097506880760193,
                "y": 0.4945455491542816,
                "z": 0.4301026165485382,
                "visibility": 0.02559606358408928
            },
            {
                "x": 0.1708192676305771,