{
    "face": {
        "face_count": 1,
        "face_embeddings": [
            [
                -0.05409807339310646,
                0.09700576961040497,
                0.03286847844719887,
                -0.03137197718024254,
                -0.10510967671871185,
                -0.10376595705747604,
                -0.02828207239508629,
                -0.2276553362607956,
                0.008131354115903378,
                -0.03480232506990433,
                0.21930652856826782,
                -0.12157608568668365,
                -0.21309754252433777,
                -0.08876936137676239,
                -0.020236920565366745,
                0.13043974339962006,
                -0.13139855861663818,
                -0.0789872482419014,
                -0.11555390059947968,
                0.0026857340708374977,
                0.060660455375909805,
                0.04607120901346207,
                0.03802449628710747,
                -0.0320393331348896,
                0.006492838263511658,
                -0.29615896940231323,
                -0.09871093183755875,
                -0.046011872589588165,
                0.03937891498208046,
                -0.029509544372558594,
                -0.04219159483909607,
                0.06049797683954239,
                -0.22526828944683075,
                -0.11774547398090363,
                0.0765654668211937,
                0.08216384798288345,
                -0.03961962088942528,
                -0.05969450995326042,
                0.15017785131931305,
                0.011512530967593193,
                -0.17272235453128815,
                0.06816411018371582,
                0.07924032211303711,
                0.18721145391464233,
                0.23984985053539276,
                -0.012435805052518845,
                0.0016053970903158188,
                -0.16779884696006775,
                0.09720776975154877,
                -0.15358908474445343,
                0.005806198343634605,
                0.1365596204996109,
                0.12918616831302643,
                0.10357721894979477,
                -0.008238304406404495,
                -0.07463142275810242,
                0.09597338736057281,
                0.09443514794111252,
                -0.1305389404296875,
                0.011218799278140068,
                0.19520048797130585,
                -0.08873752504587173,
                -0.02208140678703785,
                -0.025421353057026863,
                0.18604767322540283,
                0.04429563879966736,
                -0.06705009937286377,
                -0.150566965341568,
                0.07545114308595657,
                -0.12245802581310272,
                -0.11325576901435852,
                0.03829389810562134,
                -0.14807024598121643,
                -0.09474829584360123,
                -0.2640901207923889,
                -0.02118254080414772,
                0.4154837131500244,
                0.06961722671985626,
                -0.2350435107946396,
                -0.004977390170097351,
                -0.13468943536281586,
                0.0037164948880672455,
                0.14453990757465363,
                0.05777275934815407,
                0.0042172931134700775,
                -0.034432992339134216,
                -0.10731726884841919,
                0.0030492600053548813,
                0.23948711156845093,
                -0.08485138416290283,
                -0.01336066983640194,
                0.24603760242462158,
                0.00660803122445941,
                0.09408363699913025,
                0.05905762314796448,
                0.005935927852988243,
                -0.02831752970814705,
                -0.010304735042154789,
                -0.08975522220134735,
                -0.05811680853366852,
                0.010314010083675385,
                -0.1273530274629593,
                0.009909381158649921,
                0.14796264469623566,
                -0.17395123839378357,
                0.1567057967185974,
                -0.004244660958647728,
                0.10301704704761505,
                0.07565400749444962,
                -0.07263132184743881,
                0.02358367294073105,
                -0.0207616426050663,
                0.10769050568342209,
                -0.18132561445236206,
                0.22595109045505524,
                0.1542268693447113,
                -0.003358585759997368,
                0.030413608998060226,
                0.0456453338265419,
                0.10340427607297897,
                -0.04829844832420349,
                -0.006884236820042133,
                -0.18831908702850342,
                -0.04779950901865959,
                0.034072145819664,
                0.03829532116651535,
                0.025286085903644562,
                0.012688873335719109
            ]
        ]
    },
    "hand": {
        "hand_count": 0,
        "hand_landmarks": []
    },
    "body": {
        "landmark_count": 33,
        "landmarks": [
            {
                "x": 0.48878687620162964,
                "y": 0.3575867712497711,
                "z": -1.7010730504989624,
                "visibility": 0.9938786625862122
            },
            {
                "x": 0.5413210391998291,
                "y": 0.32400989532470703,
                "z": -1.6216415166854858,
                "visibility": 0.9848014712333679
            },
            {
                "x": 0.5734500885009766,
                "y": 0.3281390070915222,
                "z": -1.6218901872634888,
                "visibility": 0.989903450012207
            },
            {
                "x": 0.5996163487434387,
                "y": 0.33234816789627075,
                "z": -1.6220624446868896,
                "visibility": 0.9874246716499329
            },
            {
                "x": 0.45279762148857117,
                "y": 0.3172794282436371,
                "z": -1.6198186874389648,
                "visibility": 0.9860152006149292
            },
            {
                "x": 0.4271014928817749,
                "y": 0.3171720504760742,
                "z": -1.620323657989502,
                "visibility": 0.9898194670677185
            },
            {
                "x": 0.40480563044548035,
                "y": 0.31796085834503174,
                "z": -1.6214524507522583,
                "visibility": 0.9853885769844055
            },
            {
                "x": 0.6463934183120728,
                "y": 0.36005347967147827,
                "z": -1.099024772644043,
                "visibility": 0.9919798374176025
            },
            {
                "x": 0.37918704748153687,
                "y": 0.3379153609275818,
                "z": -1.0682756900787354,
                "visibility": 0.9862061142921448
            },
            {
                "x": 0.5450164675712585,
                "y": 0.4079699218273163,
                "z": -1.4953334331512451,
                "visibility": 0.9959383010864258
            },
            {
                "x": 0.44271475076675415,
                "y": 0.4010242223739624,
                "z": -1.489187479019165,
                "visibility": 0.9943763017654419
            },
            {
                "x": 0.8187350630760193,
                "y": 0.5651525259017944,
                "z": -0.81004399061203,
                "visibility": 0.9969261288642883
            },
            {
                "x": 0.2141273319721222,
                "y": 0.5377915501594543,
                "z": -0.8074816465377808,
                "visibility": 0.9944413304328918
            },
            {
                "x": 0.8815394639968872,
                "y": 0.8375113606452942,
                "z": -1.0631024837493896,
                "visibility": 0.9740421772003174
            },
            {
                "x": 0.19895176589488983,
                "y": 0.7943639159202576,