{
    "face": {
        "face_count": 1,
        "face_embeddings": [
            [
                -0.1236286535859108,
                0.10319072753190994,
                0.07987688481807709,
                -0.05025966838002205,
                -0.09595215320587158,
                -0.06532604247331619,
                -0.08025485277175903,
                -0.13982310891151428,
                0.10386186838150024,
                -0.047573331743478775,
                0.1853712499141693,
                -0.0718471109867096,
                -0.19130706787109375,
                -0.11147870123386383,
                -0.03631481155753136,
                0.1679350733757019,
                -0.21307970583438873,
                -0.11438445746898651,
                -0.02218518778681755,
                -0.0054283966310322285,
                0.08272214978933334,
                0.08121772110462189,
                0.03978416696190834,
                -0.02396545186638832,
                -0.031988658010959625,
                -0.32571038603782654,
                -0.07931935042142868,
                -0.08256010711193085,
                0.08242374658584595,
                -0.038920141756534576,
                -0.05148090422153473,
                0.06906119734048843,
                -0.1918974220752716,
                -0.11648599803447723,
                0.041200630366802216,
                0.14928975701332092,
                -0.028922319412231445,
                -0.08255784958600998,
                0.16524051129817963,
                -0.03680649772286415,
                -0.17608897387981415,
                0.005582451354712248,
                0.060459963977336884,
                0.2411833107471466,
                0.18273994326591492,
                0.012178619392216206,
                0.036701738834381104,
                -0.11817421764135361,
                0.11767244338989258,
                -0.11624027788639069,
                0.013610494323074818,
                0.1710362285375595,
                0.12611272931098938,
                0.09494956582784653,
                -0.0009238924831151962,
                -0.08220461010932922,
                0.06476794928312302,
                0.13488371670246124,
                -0.10117129981517792,
                0.03616126999258995,
                0.20948529243469238,
                -0.07696104049682617,
                0.013891470618546009,
                -0.06404278427362442,
                0.23375675082206726,
                0.009469027630984783,
                -0.07979035377502441,
                -0.1574990451335907,
                0.11076878011226654,
                -0.05731630325317383,
                -0.1358862817287445,
                0.028030164539813995,
                -0.18286848068237305,
                -0.09406130015850067,
                -0.24009758234024048,
                -0.009975908324122429,
                0.3569018840789795,
                0.04257398471236229,
                -0.19787932932376862,
                0.026201527565717697,
                -0.09530628472566605,
                0.024494891986250877,
                0.14605234563350677,
                0.10583075881004333,
                0.009100278839468956,
                -0.012486460618674755,
                -0.11581182479858398,
                -0.023453693836927414,
                0.236713707447052,
                -0.07147404551506042,
                -0.017418082803487778,
                0.1450045108795166,
                0.032758235931396484,
                0.06324532628059387,
                0.0324777327477932,
                -0.0058299945667386055,
                -0.022990543395280838,
                0.05825332552194595,
                -0.12048637866973877,
                -0.007109893020242453,
                0.039615415036678314,
                -0.08912447094917297,
                -0.012908747419714928,
                0.12736614048480988,
                -0.0964839980006218,
                0.1246490627527237,
                0.040146052837371826,
                0.103322833776474,
                0.06463537365198135,
                -0.019619042053818703,
                -0.07190307974815369,
                -0.06376766413450241,
                0.13969911634922028,
                -0.16431820392608643,
                0.24819031357765198,
                0.1613832414150238,
                0.011392554268240929,
                0.09487641602754593,
                0.08814699947834015,
                0.18012508749961853,
                -0.040757156908512115,
                0.005271989852190018,
                -0.17997510731220245,
                -0.07113748788833618,
                0.09175888448953629,
                0.047318439930677414,
                0.06528207659721375,
                0.03719297796487808
            ]
        ]
    },
    "hand": {
        "hand_count": 0,
        "hand_landmarks": []
    },
    "body": {
        "landmark_count": 0,
        "landmarks": []
    },
    "skin": {
        "predicted_label": "nv",
        "predicted_label_kor": "멜라닌 모반",
        "confidence": 0.7673631906509399,
        "raw_output": [
            [
                0.16456758975982666,
                0.0048288204707205296,
                0.024869343265891075,
                0.00030141728348098695,
                0.03761907294392586,
                0.7673631906509399,
                0.00045052007772028446
            ]
        ]
    },
    "inference_times": {
        "face": 0.59094512835145,
        "hand": 0.04298695549368858,
        "body": 0.027095194905996323,
        "skin": 0.0319867879152298
    },
    "total_inference_time": 0.6930140666663647
}