{
    "face": {
        "face_count": 1,
        "face_embeddings": [
            [
                -0.16031284630298615,
                0.06074422597885132,
                0.0356721393764019,
                -0.03698492422699928,
                -0.15146298706531525,
                0.0371004194021225,
                -0.06133689731359482,
                -0.080580934882164,
                0.14238150417804718,
                -0.08267908543348312,
                0.2081427425146103,
                -0.0432724803686142,
                -0.2365553081035614,
                -0.053797245025634766,
                -0.023577554151415825,
                0.16148065030574799,
                -0.2079613357782364,
                -0.2030446082353592,
                0.020748328417539597,
                0.02326449379324913,
                0.06424817442893982,
                0.0002013862831518054,
                -0.006608505733311176,
                0.07471583038568497,
                -0.14002056419849396,
                -0.37907344102859497,
                -0.12082474678754807,
                -0.07801246643066406,
                -0.03418499976396561,
                -0.04626883193850517,
                -0.1379401832818985,
                -0.0009375958470627666,
                -0.18861880898475647,
                -0.03905956447124481,
                0.05880437791347504,
                0.13033735752105713,
                0.004350016824901104,
                -0.030468415468931198,
                0.1389661729335785,
                -0.011070046573877335,
                -0.28047606348991394,
                0.08361908793449402,
                0.11927475780248642,
                0.2224077433347702,
                0.1974543184041977,
                0.0916668027639389,
                -0.012196240946650505,
                -0.14036181569099426,
                0.08985157310962677,
                -0.1269899606704712,
                0.06297191232442856,
                0.2248835265636444,
                0.10279400646686554,
                0.0499194897711277,
                -0.01880420744419098,
                -0.14456616342067719,
                -0.022491224110126495,
                0.11787099391222,
                -0.09717606008052826,
                -0.0334392786026001,
                0.08292671293020248,
                -0.03956952691078186,
                0.02911461517214775,
                -0.091472327709198,
                0.19332236051559448,
                0.06805020570755005,
                -0.11105534434318542,
                -0.23015180230140686,
                0.10108688473701477,
                -0.1636151373386383,
                -0.14020508527755737,
                0.08297453075647354,
                -0.18857046961784363,
                -0.2105078399181366,
                -0.308108389377594,
                0.03464849293231964,
                0.38060635328292847,
                0.12231183797121048,
                -0.17851503193378448,
                0.07578535377979279,
                -0.04717157408595085,
                -0.0039656274020671844,
                0.08407684415578842,
                0.16976051032543182,
                -0.008580715395510197,
                0.059588633477687836,
                -0.1455143541097641,
                -0.0031167659908533096,
                0.2349155992269516,
                -0.026499614119529724,
                0.01413540169596672,
                0.15097148716449738,
                0.03956838697195053,
                0.09303107857704163,
                0.06556391716003418,
                0.1009705513715744,
                -0.07179281115531921,
                0.014762328006327152,
                -0.19703716039657593,
                -0.05754460021853447,
                -0.042842913419008255,
                0.030528098344802856,
                -0.028898024931550026,
                0.11726494878530502,
                -0.16967447102069855,
                0.10721944272518158,
                0.00364804919809103,
                -0.028719574213027954,
                -0.08744912594556808,
                -0.004123900085687637,
                -0.02629166468977928,
                -0.03452138975262642,
                0.08545664697885513,
                -0.2741919457912445,
                0.16675342619419098,
                0.18355821073055267,
                0.06662852317094803,
                0.13694219291210175,
                0.11128291487693787,
                0.05907382816076279,
                -0.050534266978502274,
                -0.03970511630177498,
                -0.2136029303073883,
                -0.045126114040613174,
                0.08325812220573425,
                -0.029239224269986153,
                0.128068208694458,
                0.023215165361762047
            ]
        ]
    },
    "hand": {
        "hand_count": 0,
        "hand_landmarks": []
    },
    "body": {
        "landmark_count": 33,
        "landmarks": [
            {
                "x": 0.5842519402503967,
                "y": 0.2557508945465088,
                "z": -0.29333698749542236,
                "visibility": 0.9999877214431763
            },
            {
                "x": 0.5962894558906555,
                "y": 0.23892340064048767,
                "z": -0.2471645623445511,
                "visibility": 0.9999852180480957
            },
            {
                "x": 0.6019276976585388,
                "y": 0.24062691628932953,
                "z": -0.2473665177822113,
                "visibility": 0.9999808073043823
            },
            {
                "x": 0.607328474521637,
                "y": 0.24251095950603485,
                "z": -0.2476273477077484,
                "visibility": 0.9999778270721436
            },
            {
                "x": 0.5717576146125793,
                "y": 0.2348138839006424,
                "z": -0.28013619780540466,
                "visibility": 0.9999829530715942
            },
            {
                "x": 0.5597212314605713,
                "y": 0.23368293046951294,
                "z": -0.2801509499549866,
                "visibility": 0.9999791383743286
            },
            {
                "x": 0.5464885830879211,
                "y": 0.2328587770462036,
                "z": -0.28022071719169617,
                "visibility": 0.9999775886535645
            },
            {
                "x": 0.5928219556808472,
                "y": 0.25502249598503113,
                "z": 0.00621749134734273,
                "visibility": 0.9999797344207764
            },
            {
                "x": 0.5088704228401184,
                "y": 0.24242328107357025,
                "z": -0.1548626869916916,
                "visibility": 0.9999935626983643
            },
            {
                "x": 0.5820003151893616,
                "y": 0.2779579758644104,
                "z": -0.1958932727575302,
                "visibility": 0.9999910593032837
            },
            {
                "x": 0.5530475378036499,
                "y": 0.2727392911911011,
                "z": -0.24344971776008606,
                "visibility": 0.9999948740005493
            },
            {
                "x": 0.6170990467071533,
                "y": 0.37276387214660645,
                "z": 0.11067501455545425,
                "visibility": 0.9999531507492065
            },
            {
                "x": 0.352235347032547,
                "y": 0.3555469214916229,
                "z": -0.017137641087174416,
                "visibility": 0.9998819828033447
            },
            {
                "x": 0.6466968655586243,
                "y": 0.5087134838104248,
                "z": -0.091182179749012,
                "visibility": 0.9329403638839722
            },
            {
                "x": 0.2961384952068329,
                "y": 0.4830438792705536,