{
    "face": {
        "face_count": 1,
        "face_embeddings": [
            [
                -0.08950785547494888,
                0.0628446564078331,
                0.05041608214378357,
                0.02382388710975647,
                -0.040041498839855194,
                -0.062426939606666565,
                0.015883810818195343,
                -0.19649629294872284,
                0.06121906638145447,
                -0.008060077205300331,
                0.2392471879720688,
                -0.10995841771364212,
                -0.16331832110881805,
                -0.09735116362571716,
                -0.07208911329507828,
                0.17160385847091675,
                -0.13412760198116302,
                -0.09009385854005814,
                -0.06927356123924255,
                -0.024992574006319046,
                0.07831261307001114,
                -0.003498676000162959,
                0.03498024865984917,
                0.02054581604897976,
                -0.014201914891600609,
                -0.25687748193740845,
                -0.07548375427722931,
                -0.1034914031624794,
                0.0458645224571228,
                -0.03638545423746109,
                -0.046874113380908966,
                0.056794025003910065,
                -0.16516458988189697,
                -0.10785353183746338,
                0.08329609036445618,
                0.07218720018863678,
                -0.02363010123372078,
                -0.05205511301755905,
                0.18412701785564423,
                -0.019867001101374626,
                -0.1607619822025299,
                0.057197924703359604,
                0.07529618591070175,
                0.23371818661689758,
                0.20312844216823578,
                0.041627854108810425,
                -0.008143763989210129,
                -0.14942666888237,
                0.13357236981391907,
                -0.16403189301490784,
                0.04332231730222702,
                0.1346624493598938,
                0.10541687160730362,
                0.11399553716182709,
                -0.019905854016542435,
                -0.10192181915044785,
                0.07080868631601334,
                0.07543808966875076,
                -0.09168653190135956,
                0.009948048740625381,
                0.1799435168504715,
                -0.06336762011051178,
                -0.014774508774280548,
                -0.029312439262866974,
                0.16494020819664001,
                0.046089090406894684,
                -0.0846148282289505,
                -0.14563824236392975,
                0.10025844722986221,
                -0.08724237978458405,
                -0.09974012523889542,
                -0.002077905461192131,
                -0.1661127656698227,
                -0.12177109718322754,
                -0.23869380354881287,
                0.05400658771395683,
                0.4090334475040436,
                0.05530443787574768,
                -0.21964028477668762,
                0.009243043139576912,
                -0.10829383879899979,
                0.06930170208215714,
                0.1512138694524765,
                0.07601902633905411,
                0.020453959703445435,
                -0.06290867924690247,
                -0.09805874526500702,
                -0.08420301973819733,
                0.18023498356342316,
                -0.08830825984477997,
                -0.020411940291523933,
                0.1826285868883133,
                -0.01336907222867012,
                0.040210820734500885,
                0.048566970974206924,
                0.04516638442873955,
                -0.03828465938568115,
                0.0886022225022316,
                -0.12131160497665405,
                -0.021445566788315773,
                0.014395831152796745,
                -0.050850432366132736,
                0.032113634049892426,
                0.10631345212459564,
                -0.1842319816350937,
                0.1444198042154312,
                -0.003625155659392476,
                0.09499720484018326,
                0.08030039817094803,
                -0.02693244442343712,
                -0.05062064528465271,
                -0.025394702330231667,
                0.09341346472501755,
                -0.18715277314186096,
                0.2383917272090912,
                0.16146108508110046,
                0.040338147431612015,
                0.07496438175439835,
                0.09022870659828186,
                0.1397818773984909,
                0.00572274811565876,
                0.03281983733177185,
                -0.18445701897144318,
                -0.05178481712937355,
                0.07354482263326645,
                0.04794171079993248,
                -0.038141150027513504,
                0.017852332442998886
            ]
        ]
    },
    "hand": {
        "hand_count": 1,
        "hand_landmarks": [
            [
                {
                    "x": 0.850454568862915,
                    "y": 0.8828736543655396,
                    "z": 1.752746072725131e-07,
                    "visibility": 0.0
                },
                {
                    "x": 0.7833282947540283,
                    "y": 0.9016948938369751,
                    "z": -0.005164745729416609,
                    "visibility": 0.0
                },
                {
                    "x": 0.7520926594734192,
                    "y": 0.9283091425895691,
                    "z": -0.014275501482188702,
                    "visibility": 0.0
                },
                {
                    "x": 0.7531868815422058,
                    "y": 0.9519147872924805,
                    "z": -0.022494127973914146,
                    "visibility": 0.0
                },
                {
                    "x": 0.7678806781768799,
                    "y": 0.9682175517082214,
                    "z": -0.029996318742632866,
                    "visibility": 0.0
                },
                {
                    "x": 0.7940714955329895,
                    "y": 0.9338310360908508,
                    "z": -0.03401333838701248,
                    "visibility": 0.0
                },
                {
                    "x": 0.7884849309921265,
                    "y": 0.9776300191879272,
                    "z": -0.04879152402281761,
                    "visibility": 0.0
                },
                {
                    "x": 0.776951014995575,
                    "y": 0.9849556684494019,
                    "z": -0.05273948237299919,
                    "visibility": 0.0
                },
                {
                    "x": 0.7691397666931152,
                    "y": 0.979810893535614,
                    "z": -0.05084361881017685,
                    "visibility": 0.0
                },
                {
                    "x": 0.8463484644889832,
                    "y": 0.9346893429756165,
                    "z": -0.03501072898507118,
                    "visibility": 0.0
                },
                {
                    "x": 0.8314287066459656,
                    "y": 0.9787123203277588,
                    "z": -0.04429807886481285,
                    "visibility": 0.0
                },
                {
                    "x": 0.8152377605438232,
                    "y": 0.9787673354148865,
                    "z": -0.04286912828683853,
                    "visibility": 0.0
                },
                {
                    "x": 0.8105321526527405,
                    "y": 0.9670977592468262,
                    "z": -0.04092639684677124,
                    "visibility": 0.0
                },
                {
                    "x": 0.8884560465812683,
                    "y": 0.9349857568740845,
                    "z": -0.03429030999541283,