{
    "face": {
        "face_count": 1,
        "face_embeddings": [
            [
                -0.0833602324128151,
                0.1312982589006424,
                0.029926730319857597,
                0.0141310915350914,
                -0.04405512288212776,
                -0.11921977996826172,
                -0.0236881785094738,
                -0.13409395515918732,
                0.11539333313703537,
                -0.007438539993017912,
                0.2627274990081787,
                -0.12491112947463989,
                -0.2261437177658081,
                -0.12249548733234406,
                -0.06466443836688995,
                0.13726893067359924,
                -0.1490750014781952,
                -0.11648687720298767,
                -0.04450057074427605,
                -0.004352717660367489,
                0.14118093252182007,
                0.006918295286595821,
                -0.06665371358394623,
                0.019878296181559563,
                -0.14113858342170715,
                -0.2768283486366272,
                -0.08299300819635391,
                -0.077158622443676,
                0.025379011407494545,
                -0.08358044177293777,
                0.013669676147401333,
                0.08294478058815002,
                -0.19279173016548157,
                -0.14307215809822083,
                0.08609502017498016,
                0.09665703028440475,
                0.046665746718645096,
                0.0016166679561138153,
                0.16462869942188263,
                -0.02508487179875374,
                -0.20759233832359314,
                0.050490204244852066,
                0.07521215081214905,
                0.30027610063552856,
                0.12985414266586304,
                0.07068230956792831,
                -0.00022152438759803772,
                -0.19208022952079773,
                0.09225661307573318,
                -0.1717752367258072,
                0.07891389727592468,
                0.19052955508232117,
                0.14440512657165527,
                0.1265234351158142,
                0.007156819570809603,
                -0.11941084265708923,
                0.09712740778923035,
                0.06946516036987305,
                -0.21157152950763702,
                0.001730932155624032,
                0.208985835313797,
                -0.05651971697807312,
                0.010153968818485737,
                -0.04222485050559044,
                0.20689934492111206,
                -0.015129913575947285,
                -0.12069347500801086,
                -0.13013432919979095,
                0.10112254321575165,
                -0.1319761574268341,
                -0.11050592362880707,
                0.060078904032707214,
                -0.10681415349245071,
                -0.144981250166893,
                -0.4121389091014862,
                0.07790350168943405,
                0.4417414367198944,
                0.12240426242351532,
                -0.2572445869445801,
                0.03761402517557144,
                -0.12736444175243378,
                0.027137454599142075,
                0.14762979745864868,
                0.05211925506591797,
                -0.022471623495221138,
                -0.024227658286690712,
                -0.11883097141981125,
                -0.008954163640737534,
                0.20768260955810547,
                -0.038248855620622635,
                -0.0374448336660862,
                0.15758320689201355,
                0.03875456377863884,
                0.022006496787071228,
                0.028791844844818115,
                0.0641990676522255,
                -0.08738980442285538,
                0.0027684043161571026,
                -0.08673088997602463,
                -0.006686103064566851,
                0.057246699929237366,
                -0.029153931885957718,
                0.001781099010258913,
                0.18281017243862152,
                -0.19843164086341858,
                0.1718628704547882,
                0.03792821615934372,
                -0.009890957735478878,
                0.020476236939430237,
                0.030245909467339516,
                -0.07067649811506271,
                -0.07067842036485672,
                0.10450764745473862,
                -0.26365187764167786,
                0.2381037175655365,
                0.13289068639278412,
                0.05826820805668831,
                0.09418024867773056,
                0.07880765199661255,
                0.11863819509744644,
                -0.04922904074192047,
                -0.024289049208164215,
                -0.1447141468524933,
                -0.10419914126396179,
                0.07165470719337463,
                0.01141394954174757,
                0.08358697593212128,
                0.004131905268877745
            ]
        ]
    },
    "hand": {
        "hand_count": 0,
        "hand_landmarks": []
    },
    "body": {
        "landmark_count": 33,
        "landmarks": [
            {
                "x": 0.7244510650634766,
                "y": 0.4804155230522156,
                "z": -0.5338079929351807,
                "visibility": 0.9999732971191406
            },
            {
                "x": 0.7480379939079285,
                "y": 0.4223175048828125,
                "z": -0.5103446841239929,
                "visibility": 0.9999459981918335
            },
            {
                "x": 0.7625648975372314,
                "y": 0.4226597547531128,
                "z": -0.5104280710220337,
                "visibility": 0.999943733215332
            },
            {
                "x": 0.7776166200637817,
                "y": 0.4232252240180969,
                "z": -0.510786235332489,
                "visibility": 0.9999432563781738
            },
            {
                "x": 0.7084460258483887,
                "y": 0.422849178314209,
                "z": -0.49315395951271057,
                "visibility": 0.9999488592147827
            },
            {
                "x": 0.6964718699455261,
                "y": 0.4236524701118469,
                "z": -0.49255067110061646,
                "visibility": 0.999940037727356
            },
            {
                "x": 0.6863092184066772,
                "y": 0.42478424310684204,
                "z": -0.49269694089889526,
                "visibility": 0.9999401569366455
            },
            {
                "x": 0.8079255819320679,
                "y": 0.44524049758911133,
                "z": -0.31240442395210266,
                "visibility": 0.9999583959579468
            },
            {
                "x": 0.6808488965034485,
                "y": 0.4452636241912842,
                "z": -0.21756187081336975,
                "visibility": 0.9999440908432007
            },
            {
                "x": 0.7494807839393616,
                "y": 0.5420344471931458,
                "z": -0.45716533064842224,
                "visibility": 0.9999772310256958
            },
            {
                "x": 0.7090526819229126,
                "y": 0.5423393845558167,
                "z": -0.430515855550766,
                "visibility": 0.9999692440032959
            },
            {
                "x": 0.8711432218551636,
                "y": 0.7754311561584473,
                "z": -0.2751599848270416,
                "visibility": 0.9993155002593994
            },
            {
                "x": 0.6217947602272034,
                "y": 0.7154428362846375,
                "z": -0.06280896812677383,
                "visibility": 0.9996575117111206
            },
            {
                "x": 0.8790003061294556,
                "y": 1.1940268278121948,
                "z": -0.3125421702861786,
                "visibility": 0.4559917151927948
            },
            {
                "x": 0.5754188299179077,
                "y": 1.1184399127960205,