{
    "face": {
        "face_count": 1,
        "face_embeddings": [
            [
                -0.13517513871192932,
                -0.009950040839612484,
                0.049248289316892624,
                -0.07341832667589188,
                -0.044777002185583115,
                -0.04979368671774864,
                -0.04682479426264763,
                -0.12066307663917542,
                0.09833206236362457,
                -0.21203602850437164,
                0.1932145208120346,
                -0.157701313495636,
                -0.21511375904083252,
                -0.009934989735484123,
                -0.08515524864196777,
                0.18828673660755157,
                -0.14895161986351013,
                -0.11036918312311172,
                -0.07477129995822906,
                0.010744623839855194,
                0.12746606767177582,
                0.06297294795513153,
                -0.054576802998781204,
                0.0740213468670845,
                -0.06543667614459991,
                -0.30976083874702454,
                -0.15378378331661224,
                -0.015983764082193375,
                -0.028537843376398087,
                -0.06315610557794571,
                -0.05817749351263046,
                0.05134319141507149,
                -0.1522362232208252,
                -0.008321216329932213,
                0.0048003364354372025,
                0.14780491590499878,
                0.010360832326114178,
                -0.11638864129781723,
                0.1303045153617859,
                -0.0028702672570943832,
                -0.2828667461872101,
                0.08459800481796265,
                0.1374218761920929,
                0.2267044484615326,
                0.16354238986968994,
                0.005977947264909744,
                -0.04640388488769531,
                -0.16688266396522522,
                0.14334724843502045,
                -0.17490893602371216,
                -0.00998041033744812,
                0.11917714774608612,
                0.09267817437648773,
                0.08882385492324829,
                0.03588435426354408,
                -0.11131030321121216,
                0.046696923673152924,
                0.12832358479499817,
                -0.14632627367973328,
                0.01597261056303978,
                0.09526082128286362,
                -0.0902186930179596,
                0.03462706133723259,
                -0.10197290778160095,
                0.14224155247211456,
                0.0957660898566246,
                -0.10057421028614044,
                -0.24614141881465912,
                0.16375285387039185,
                -0.21865348517894745,
                -0.08887071162462234,
                0.12415504455566406,
                -0.14668729901313782,
                -0.18698745965957642,
                -0.2847474217414856,
                0.020212773233652115,
                0.3045296370983124,
                0.11946668475866318,
                -0.12837572395801544,
                0.09226773679256439,
                0.008759904652833939,
                -0.01452920213341713,
                0.14155367016792297,
                0.179502472281456,
                0.04800217226147652,
                0.03194855526089668,
                -0.07970882952213287,
                0.000264056958258152,
                0.28259360790252686,
                -0.04113772511482239,
                -0.010495206341147423,
                0.20293806493282318,
                0.011985896155238152,
                0.00990027654916048,
                0.05320948362350464,
                0.028377320617437363,
                -0.09117282181978226,
                0.003506004810333252,
                -0.18384163081645966,
                0.01121167279779911,
                -0.01846843771636486,
                -0.0466291643679142,
                -0.045183248817920685,
                0.10186857730150223,
                -0.11141040176153183,
                0.14079275727272034,
                -0.0408051498234272,
                -0.030909333378076553,
                -0.021522821858525276,
                -0.01792028546333313,
                -0.09632763266563416,
                0.00603523850440979,
                0.12311267852783203,
                -0.20419032871723175,
                0.15447139739990234,
                0.1342257559299469,
                0.11486184597015381,
                0.08328133821487427,
                0.11809447407722473,
                0.12360727787017822,
                -0.018389232456684113,
                -0.008430291898548603,
                -0.23443089425563812,
                -0.04084859415888786,
                0.11351916939020157,
                -0.02084752544760704,
                0.07349856197834015,
                -0.021383751183748245
            ]
        ]
    },
    "hand": {
        "hand_count": 0,
        "hand_landmarks": []
    },
    "body": {
        "landmark_count": 33,
        "landmarks": [
            {
                "x": 0.5618149042129517,
                "y": 0.3414595127105713,
                "z": -1.346729040145874,
                "visibility": 0.9997419714927673
            },
            {
                "x": 0.6115654110908508,
                "y": 0.28230321407318115,
                "z": -1.249791145324707,
                "visibility": 0.9996209144592285
            },
            {
                "x": 0.6425870656967163,
                "y": 0.28502607345581055,
                "z": -1.2504990100860596,
                "visibility": 0.9995224475860596
            },
            {
                "x": 0.6711028814315796,
                "y": 0.2882418632507324,
                "z": -1.251267671585083,
                "visibility": 0.9996155500411987
            },
            {
                "x": 0.49755600094795227,
                "y": 0.2822873592376709,
                "z": -1.246010422706604,
                "visibility": 0.9997026324272156
            },
            {
                "x": 0.45517438650131226,
                "y": 0.2867797613143921,
                "z": -1.245002269744873,
                "visibility": 0.9996292591094971
            },
            {
                "x": 0.4161343574523926,
                "y": 0.2941087484359741,
                "z": -1.2459689378738403,
                "visibility": 0.9997105002403259
            },
            {
                "x": 0.7015182971954346,
                "y": 0.32908329367637634,
                "z": -0.6756430864334106,
                "visibility": 0.9995786547660828
            },
            {
                "x": 0.36660873889923096,
                "y": 0.3417304754257202,
                "z": -0.5969272255897522,
                "visibility": 0.9997298121452332
            },
            {
                "x": 0.619173526763916,
                "y": 0.4264122247695923,
                "z": -1.1361072063446045,
                "visibility": 0.9998123049736023
            },
            {
                "x": 0.48596760630607605,
                "y": 0.42526647448539734,
                "z": -1.1154519319534302,
                "visibility": 0.9998396635055542
            },
            {
                "x": 0.8664458990097046,
                "y": 0.7383093237876892,
                "z": -0.49861350655555725,
                "visibility": 0.9975842237472534
            },
            {
                "x": 0.15536019206047058,
                "y": 0.7767186760902405,
                "z": -0.47628509998321533,
                "visibility": 0.9986817240715027
            },
            {
                "x": 1.1100624799728394,
                "y": 1.1980462074279785,
                "z": -0.5759413838386536,
                "visibility": 0.17332802712917328
            },
            {
                "x": -0.004233807325363159,
                "y": 1.283583164215088,