{
    "face": {
        "face_count": 1,
        "face_embeddings": [
            [
                -0.13151435554027557,
                0.031487129628658295,
                0.031511545181274414,
                -0.05730695649981499,
                -0.0849061831831932,
                -0.05210651829838753,
                -0.023750020191073418,
                -0.07690326869487762,
                0.14946116507053375,
                -0.1654929220676422,
                0.19292311370372772,
                -0.12396255135536194,
                -0.22838552296161652,
                0.04383762553334236,
                -0.07889750599861145,
                0.18638943135738373,
                -0.12876605987548828,
                -0.10007806867361069,
                -0.04677714407444,
                0.008394839242100716,
                0.12401466816663742,
                0.1011614054441452,
                -0.021365391090512276,
                0.06757025420665741,
                -0.0776931419968605,
                -0.33742526173591614,
                -0.12921729683876038,
                -0.03142954409122467,
                -0.05401543527841568,
                -0.06770260632038116,
                -0.026587646454572678,
                0.0936548188328743,
                -0.16582617163658142,
                -0.03963170945644379,
                0.04409389942884445,
                0.14735983312129974,
                0.0040433406829833984,
                -0.09648488461971283,
                0.15861836075782776,
                0.005318094976246357,
                -0.30328553915023804,
                0.043026458472013474,
                0.1337321549654007,
                0.2726632058620453,
                0.13208267092704773,
                0.0030646356754004955,
                -0.0759076476097107,
                -0.1486133188009262,
                0.11903597414493561,
                -0.18940645456314087,
                0.035537589341402054,
                0.11121552437543869,
                0.07367351651191711,
                0.06291244924068451,
                0.04333532601594925,
                -0.09016510844230652,
                0.08070526272058487,
                0.13766321539878845,
                -0.17130228877067566,
                -0.03726145997643471,
                0.14092737436294556,
                -0.11463040858507156,
                0.04364331439137459,
                -0.13084647059440613,
                0.16766038537025452,
                0.08138872683048248,
                -0.06746730953454971,
                -0.19683939218521118,
                0.15078189969062805,
                -0.18923796713352203,
                -0.0959722176194191,
                0.10337090492248535,
                -0.1388482302427292,
                -0.1848376840353012,
                -0.2978835999965668,
                -0.0038137286901474,
                0.3236844539642334,
                0.14697879552841187,
                -0.11285760998725891,
                0.10782939195632935,
                0.007946435362100601,
                -0.007977129891514778,
                0.15031683444976807,
                0.1737486571073532,
                0.06763769686222076,
                0.015611168928444386,
                -0.07724136114120483,
                0.018981080502271652,
                0.2697524428367615,
                -0.03265303373336792,
                -0.028698038309812546,
                0.1923694610595703,
                0.0023872582241892815,
                0.02687215805053711,
                0.044642481952905655,
                -0.005932705942541361,
                -0.0904763787984848,
                0.00020621716976165771,
                -0.1967867761850357,
                0.02316085249185562,
                -0.06798232346773148,
                -0.0121455704793334,
                -0.06400122493505478,
                0.13906937837600708,
                -0.16873067617416382,
                0.13001440465450287,
                -0.01727600023150444,
                -0.0400848314166069,
                -0.008891159668564796,
                -0.021742215380072594,
                -0.060155466198921204,
                -0.005359179340302944,
                0.10568678379058838,
                -0.21437710523605347,
                0.16044652462005615,
                0.10171549022197723,
                0.07891935855150223,
                0.11585960537195206,
                0.07753308117389679,
                0.08860047161579132,
                -0.02077450044453144,
                -0.04149405658245087,
                -0.3063039183616638,
                -0.031218571588397026,
                0.13827437162399292,
                -0.04264272376894951,
                0.08262631297111511,
                -0.0024773874320089817
            ]
        ]
    },
    "hand": {
        "hand_count": 0,
        "hand_landmarks": []
    },
    "body": {
        "landmark_count": 33,
        "landmarks": [
            {
                "x": 0.5667435526847839,
                "y": 0.4273409843444824,
                "z": -2.012617349624634,
                "visibility": 0.9996230602264404
            },
            {
                "x": 0.621087908744812,
                "y": 0.3221168518066406,
                "z": -1.8969601392745972,
                "visibility": 0.9992215633392334
            },
            {
                "x": 0.6522877812385559,
                "y": 0.3221457004547119,
                "z": -1.8974370956420898,
                "visibility": 0.9991212487220764
            },
            {
                "x": 0.6821017265319824,
                "y": 0.322145938873291,
                "z": -1.8974379301071167,
                "visibility": 0.9990045428276062
            },
            {
                "x": 0.5060306787490845,
                "y": 0.3203597068786621,
                "z": -1.9287478923797607,
                "visibility": 0.9993513226509094
            },
            {
                "x": 0.4645846486091614,
                "y": 0.3197174072265625,
                "z": -1.9280973672866821,
                "visibility": 0.9994127750396729
            },
            {
                "x": 0.43099620938301086,
                "y": 0.3201420307159424,
                "z": -1.9288902282714844,
                "visibility": 0.9994431138038635
            },
            {
                "x": 0.7250041365623474,
                "y": 0.3700425624847412,
                "z": -1.1238818168640137,
                "visibility": 0.9987092018127441
            },
            {
                "x": 0.3864412009716034,
                "y": 0.37698784470558167,
                "z": -1.2431623935699463,
                "visibility": 0.9995831847190857
            },
            {
                "x": 0.6271945238113403,
                "y": 0.5654106140136719,
                "z": -1.7192206382751465,
                "visibility": 0.9996163845062256
            },
            {
                "x": 0.5037379264831543,
                "y": 0.5642826557159424,
                "z": -1.7541968822479248,
                "visibility": 0.9997397065162659
            },
            {
                "x": 0.8696181774139404,
                "y": 0.8858770132064819,
                "z": -0.5431892275810242,
                "visibility": 0.9905576705932617
            },
            {
                "x": 0.18525430560112,
                "y": 0.921766996383667,
                "z": -0.804958701133728,
                "visibility": 0.9943361878395081
            },
            {
                "x": 1.0660594701766968,
                "y": 1.5796632766723633,
                "z": -0.3354828953742981,
                "visibility": 0.17002178728580475
            },
            {
                "x": 0.048761844635009766,
                "y": 1.5853279829025269,