{
    "face": {
        "face_count": 1,
        "face_embeddings": [
            [
                -0.13129732012748718,
                0.036752935498952866,
                0.032803013920784,
                -0.05488966032862663,
                -0.08967065811157227,
                -0.05189158022403717,
                -0.02483239583671093,
                -0.07830873131752014,
                0.14739328622817993,
                -0.16703525185585022,
                0.1897452175617218,
                -0.1266041100025177,
                -0.2260453999042511,
                0.043773103505373,
                -0.07841449975967407,
                0.18706856667995453,
                -0.12835471332073212,
                -0.10068339854478836,
                -0.04741492494940758,
                0.008062181994318962,
                0.13049465417861938,
                0.09667859226465225,
                -0.022151725366711617,
                0.07187661528587341,
                -0.07465122640132904,
                -0.33722323179244995,
                -0.12870092689990997,
                -0.03001459315419197,
                -0.04832567274570465,
                -0.06910562515258789,
                -0.030318040400743484,
                0.09063012152910233,
                -0.1629779040813446,
                -0.03780054301023483,
                0.04428471252322197,
                0.14578157663345337,
                0.003163754241541028,
                -0.09582153707742691,
                0.15829385817050934,
                -0.0008296044543385506,
                -0.30502957105636597,
                0.04889017716050148,
                0.13190141320228577,
                0.2692689299583435,
                0.13122150301933289,
                0.005914443638175726,
                -0.07296130061149597,
                -0.15329723060131073,
                0.12111438065767288,
                -0.18020808696746826,
                0.03529052436351776,
                0.11698461323976517,
                0.06948692351579666,
                0.06323964893817902,
                0.0460609495639801,
                -0.09171520173549652,
                0.07853695750236511,
                0.13877630233764648,
                -0.16865690052509308,
                -0.03675747662782669,
                0.1404382288455963,
                -0.11334827542304993,
                0.043015431612730026,
                -0.13461153209209442,
                0.1654357612133026,
                0.08030492067337036,
                -0.06551605463027954,
                -0.20266535878181458,
                0.15357983112335205,
                -0.19152586162090302,
                -0.09684503823518753,
                0.10361423343420029,
                -0.1403607577085495,
                -0.18337488174438477,
                -0.2926054000854492,
                -0.0023854728788137436,
                0.3253907561302185,
                0.15040633082389832,
                -0.11716247349977493,
                0.10834722220897675,
                0.01205102913081646,
                -0.008680691011250019,
                0.15327726304531097,
                0.1787271946668625,
                0.06537078320980072,
                0.017705237492918968,
                -0.07667935639619827,
                0.01735617220401764,
                0.26601967215538025,
                -0.03229263424873352,
                -0.02598448470234871,
                0.19332846999168396,
                0.00808362290263176,
                0.02539992891252041,
                0.046336330473423004,
                -0.010350270196795464,
                -0.09403252601623535,
                -7.507903501391411e-05,
                -0.20046062767505646,
                0.017622098326683044,
                -0.06906229257583618,
                -0.012790095061063766,
                -0.06527465581893921,
                0.1380065232515335,
                -0.165638267993927,
                0.12994810938835144,
                -0.019148051738739014,
                -0.03830594941973686,
                -0.015479421243071556,
                -0.017259491607546806,
                -0.06155936419963837,
                -0.006102729123085737,
                0.1044083833694458,
                -0.21189315617084503,
                0.16049522161483765,
                0.10242736339569092,
                0.08354557305574417,
                0.1137271523475647,
                0.08001230657100677,
                0.09297652542591095,
                -0.016795096918940544,
                -0.04104024916887283,
                -0.30266836285591125,
                -0.030008479952812195,
                0.1417507827281952,
                -0.043659329414367676,
                0.0817757397890091,
                -0.0045127663761377335
            ]
        ]
    },
    "hand": {
        "hand_count": 0,
        "hand_landmarks": []
    },
    "body": {
        "landmark_count": 33,
        "landmarks": [
            {
                "x": 0.5451962351799011,
                "y": 0.2619142532348633,
                "z": -2.924534559249878,
                "visibility": 0.9697625637054443
            },
            {
                "x": 0.5978319644927979,
                "y": 0.21752168238162994,
                "z": -2.854888916015625,
                "visibility": 0.9739609956741333
            },
            {
                "x": 0.6330571174621582,
                "y": 0.2158970832824707,
                "z": -2.8554844856262207,
                "visibility": 0.9706071019172668
            },
            {
                "x": 0.6599609851837158,
                "y": 0.21448679268360138,
                "z": -2.856677532196045,
                "visibility": 0.9784957766532898
            },
            {
                "x": 0.48587945103645325,
                "y": 0.22142745554447174,
                "z": -2.8570234775543213,
                "visibility": 0.9707736968994141
            },
            {
                "x": 0.4564043879508972,
                "y": 0.22279202938079834,
                "z": -2.857818365097046,
                "visibility": 0.9640871286392212
            },
            {
                "x": 0.4335574209690094,
                "y": 0.224950909614563,
                "z": -2.858668565750122,
                "visibility": 0.9699474573135376
            },
            {
                "x": 0.7114503383636475,
                "y": 0.2315165400505066,
                "z": -2.299447774887085,
                "visibility": 0.9694164991378784
            },
            {
                "x": 0.3820408582687378,
                "y": 0.25884366035461426,
                "z": -2.295276641845703,
                "visibility": 0.9624122977256775
            },
            {
                "x": 0.6113145351409912,
                "y": 0.32542234659194946,
                "z": -2.6945512294769287,
                "visibility": 0.9607641696929932
            },
            {
                "x": 0.49793100357055664,
                "y": 0.3284952640533447,
                "z": -2.694072961807251,
                "visibility": 0.9625726342201233
            },
            {
                "x": 0.8711909055709839,
                "y": 0.5028365254402161,
                "z": -1.8028786182403564,
                "visibility": 0.9617595076560974
            },
            {
                "x": 0.21658585965633392,
                "y": 0.5092324018478394,
                "z": -1.7484098672866821,
                "visibility": 0.9591947793960571
            },
            {
                "x": 0.9785926938056946,
                "y": 0.8155701160430908,
                "z": -1.6278432607650757,
                "visibility": 0.5929603576660156
            },
            {
                "x": 0.06945699453353882,
                "y": 0.7531115412712097,