{
    "face": {
        "face_count": 1,
        "face_embeddings": [
            [
                -0.07073201984167099,
                0.04761025682091713,
                0.03423374146223068,
                -0.03826819360256195,
                -0.07182192802429199,
                -0.02795671671628952,
                -0.06064002215862274,
                -0.11805851012468338,
                0.12721791863441467,
                -0.18059314787387848,
                0.16424785554409027,
                -0.15428821742534637,
                -0.2195616066455841,
                0.014613950625061989,
                -0.06492538750171661,
                0.20929653942584991,
                -0.14218465983867645,
                -0.1269281804561615,
                -0.07530755549669266,
                0.023717012256383896,
                0.0771486833691597,
                0.06430598348379135,
                -0.010884776711463928,
                0.06629664450883865,
                -0.050509124994277954,
                -0.35237231850624084,
                -0.12732340395450592,
                -0.05098310112953186,
                -0.044219084084033966,
                -0.037143174558877945,
                -0.06347513198852539,
                0.04495145007967949,
                -0.1518271416425705,
                -0.015582511201500893,
                0.026735052466392517,
                0.11051373928785324,
                -0.009737850166857243,
                -0.13868767023086548,
                0.1704251766204834,
                -0.0011524572037160397,
                -0.2961452603340149,
                0.08931174874305725,
                0.1096140593290329,
                0.2344817966222763,
                0.15586139261722565,
                -0.02384195104241371,
                -0.032961782068014145,
                -0.13794679939746857,
                0.13502421975135803,
                -0.18911758065223694,
                0.00844809040427208,
                0.10839943587779999,
                0.06099666282534599,
                0.06770016998052597,
                0.04528983682394028,
                -0.10676515847444534,
                0.08057191967964172,
                0.10745343565940857,
                -0.15745052695274353,
                -0.005823088809847832,
                0.1452915519475937,
                -0.0856909230351448,
                0.02788824774324894,
                -0.10320090502500534,
                0.15790966153144836,
                0.09909934550523758,
                -0.06096760928630829,
                -0.24717119336128235,
                0.10616951435804367,
                -0.2101864069700241,
                -0.06603485345840454,
                0.10487055033445358,
                -0.13787741959095,
                -0.18622982501983643,
                -0.27434244751930237,
                -0.003234781324863434,
                0.33676376938819885,
                0.14249177277088165,
                -0.13922050595283508,
                0.08747739344835281,
                0.019686348736286163,
                -0.016585983335971832,
                0.16556905210018158,
                0.1552799940109253,
                0.06639930605888367,
                0.014859394170343876,
                -0.10565223544836044,
                0.003796592354774475,
                0.28855574131011963,
                -0.053389765322208405,
                -0.03031591698527336,
                0.20675669610500336,
                -0.007113778963685036,
                0.01630368083715439,
                0.040728744119405746,
                -0.0007294503157027066,
                -0.07963663339614868,
                0.025576438754796982,
                -0.17711669206619263,
                0.042905982583761215,
                -0.030587337911128998,
                -0.03117591142654419,
                -0.06630753725767136,
                0.07571094483137131,
                -0.1458643525838852,
                0.13045068085193634,
                -0.041761551052331924,
                -0.02028784714639187,
                -0.0156845860183239,
                -0.02401702292263508,
                -0.1129663810133934,
                0.026818133890628815,
                0.1536552608013153,
                -0.20439258217811584,
                0.15817095339298248,
                0.11090923845767975,
                0.10793524235486984,
                0.08800697326660156,
                0.09853465855121613,
                0.08773265779018402,
                -0.025746755301952362,
                -0.020700661465525627,
                -0.28400132060050964,
                -0.049857303500175476,
                0.10813722759485245,
                -0.025558918714523315,
                0.07866865396499634,
                0.005068331025540829
            ]
        ]
    },
    "hand": {
        "hand_count": 0,
        "hand_landmarks": []
    },
    "body": {
        "landmark_count": 33,
        "landmarks": [
            {
                "x": 0.48193371295928955,
                "y": 0.41769564151763916,
                "z": -2.3520138263702393,
                "visibility": 0.9966896772384644
            },
            {
                "x": 0.5667725205421448,
                "y": 0.3545796871185303,
                "z": -2.2245850563049316,
                "visibility": 0.9961121678352356
            },
            {
                "x": 0.6056973934173584,
                "y": 0.35469019412994385,
                "z": -2.225848913192749,
                "visibility": 0.9948199391365051
            },
            {
                "x": 0.6376128196716309,
                "y": 0.35708072781562805,
                "z": -2.226486921310425,
                "visibility": 0.9953492283821106
            },
            {
                "x": 0.42792025208473206,
                "y": 0.36027586460113525,
                "z": -2.205124616622925,
                "visibility": 0.996301531791687
            },
            {
                "x": 0.38478684425354004,
                "y": 0.36159956455230713,
                "z": -2.20463490486145,
                "visibility": 0.9957808256149292
            },
            {
                "x": 0.3527336120605469,
                "y": 0.3629579544067383,
                "z": -2.2056727409362793,
                "visibility": 0.9966894388198853
            },
            {
                "x": 0.6971043944358826,
                "y": 0.3929561376571655,
                "z": -1.4111238718032837,
                "visibility": 0.9941171407699585
            },
            {
                "x": 0.32738709449768066,
                "y": 0.3945016860961914,
                "z": -1.3108640909194946,
                "visibility": 0.995884120464325
            },
            {
                "x": 0.5638749003410339,
                "y": 0.5100810527801514,
                "z": -2.045546293258667,
                "visibility": 0.9962785840034485
            },
            {
                "x": 0.4056948125362396,
                "y": 0.506698489189148,
                "z": -2.019840717315674,
                "visibility": 0.9975517392158508
            },
            {
                "x": 0.8084685802459717,
                "y": 0.7953958511352539,
                "z": -1.0375549793243408,
                "visibility": 0.9385114908218384
            },
            {
                "x": 0.1850411295890808,
                "y": 0.7593890428543091,
                "z": -0.5452239513397217,
                "visibility": 0.9673135876655579
            },
            {
                "x": 0.9607561826705933,
                "y": 1.2247111797332764,
                "z": -0.9941413998603821,
                "visibility": 0.08944481611251831
            },
            {
                "x": -0.05350491777062416,
                "y": 1.2009377479553223,