{
    "face": {
        "face_count": 1,
        "face_embeddings": [
            [
                -0.043186746537685394,
                0.0819515809416771,
                0.06063319742679596,
                -0.053793687373399734,
                -0.064094677567482,
                -0.03998635709285736,
                -0.047244831919670105,
                -0.09687490016222,
                0.14826707541942596,
                -0.18540358543395996,
                0.18048562109470367,
                -0.10253123939037323,
                -0.19856707751750946,
                0.024368204176425934,
                -0.025890063494443893,
                0.24414262175559998,
                -0.15198685228824615,
                -0.14283478260040283,
                -0.08918075263500214,
                0.00863946694880724,
                0.06979452818632126,
                0.09146054834127426,
                -0.06117270886898041,
                0.055847588926553726,
                -0.03866858035326004,
                -0.30802977085113525,
                -0.10204055160284042,
                0.0070986635982990265,
                -0.0493241623044014,
                -0.032345693558454514,
                -0.0682673305273056,
                0.08859410136938095,
                -0.14045049250125885,
                -0.008897075429558754,
                0.0569627620279789,
                0.1252444088459015,
                0.00987023115158081,
                -0.08645696938037872,
                0.1715279072523117,
                0.030611194670200348,
                -0.3210480809211731,
                0.120400071144104,
                0.11937811225652695,
                0.2803281545639038,
                0.16239117085933685,
                0.006056337151676416,
                -0.05634995177388191,
                -0.11408957839012146,
                0.10160853713750839,
                -0.18713511526584625,
                -0.008491411805152893,
                0.1214904859662056,
                0.04985671862959862,
                0.06938207149505615,
                0.047352343797683716,
                -0.14544875919818878,
                0.05998929962515831,
                0.06512917578220367,
                -0.15297579765319824,
                -0.03626473993062973,
                0.14748132228851318,
                -0.13211090862751007,
                0.03295827656984329,
                -0.12317988276481628,
                0.16195189952850342,
                0.05614335834980011,
                -0.0780898779630661,
                -0.23479969799518585,
                0.08527138084173203,
                -0.1903623789548874,
                -0.11015652865171432,
                0.10067182779312134,
                -0.14375342428684235,
                -0.16658221185207367,
                -0.3238116502761841,
                -0.00035864487290382385,
                0.35001155734062195,
                0.16608202457427979,
                -0.1638757437467575,
                0.09961733222007751,
                0.05871444568037987,
                -0.01835722103714943,
                0.19028599560260773,
                0.17179223895072937,
                0.0711035430431366,
                0.049900516867637634,
                -0.10331748425960541,
                0.015704985707998276,
                0.2725244164466858,
                -0.03516041114926338,
                -0.0381678082048893,
                0.20734432339668274,
                0.003022255375981331,
                0.03036751225590706,
                -0.0069498298689723015,
                0.004001154098659754,
                -0.03511060029268265,
                0.018262216821312904,
                -0.218549907207489,
                0.01450900174677372,
                -0.03417503088712692,
                -8.131377398967743e-06,
                -0.05012821778655052,
                0.12169350683689117,
                -0.1674114465713501,
                0.12762543559074402,
                -0.014706853777170181,
                -0.007881730794906616,
                -0.052853040397167206,
                0.05158999189734459,
                -0.10741164535284042,
                0.013363933190703392,
                0.13073845207691193,
                -0.21066038310527802,
                0.14597798883914948,
                0.16637550294399261,
                0.07927260547876358,
                0.0544193834066391,
                0.10926667600870132,
                0.07503040134906769,
                -0.027799200266599655,
                -0.03899481147527695,
                -0.27465957403182983,
                -0.0696270763874054,
                0.0990113765001297,
                -0.01090265717357397,
                0.12725596129894257,
                0.04120660573244095
            ]
        ]
    },
    "hand": {
        "hand_count": 0,
        "hand_landmarks": []
    },
    "body": {
        "landmark_count": 33,
        "landmarks": [
            {
                "x": 0.5341190695762634,
                "y": 0.5055006742477417,
                "z": -2.7808890342712402,
                "visibility": 0.9976600408554077
            },
            {
                "x": 0.6104264259338379,
                "y": 0.42640459537506104,
                "z": -2.642462968826294,
                "visibility": 0.9963944554328918
            },
            {
                "x": 0.6610447764396667,
                "y": 0.42362773418426514,
                "z": -2.644202470779419,
                "visibility": 0.9947717785835266
            },
            {
                "x": 0.6986652612686157,
                "y": 0.42140305042266846,
                "z": -2.6455798149108887,
                "visibility": 0.9953874945640564
            },
            {
                "x": 0.4628477990627289,
                "y": 0.4290675222873688,
                "z": -2.6087377071380615,
                "visibility": 0.9969539642333984
            },
            {
                "x": 0.4182213544845581,
                "y": 0.4295668601989746,
                "z": -2.607975721359253,
                "visibility": 0.9963139891624451
            },
            {
                "x": 0.3830200433731079,
                "y": 0.43103229999542236,
                "z": -2.609696388244629,
                "visibility": 0.9974160194396973
            },
            {
                "x": 0.7416942119598389,
                "y": 0.45443809032440186,
                "z": -1.5910208225250244,
                "visibility": 0.9954677820205688
            },
            {
                "x": 0.3430407643318176,
                "y": 0.46903157234191895,
                "z": -1.3730933666229248,
                "visibility": 0.9975394010543823
            },
            {
                "x": 0.6217230558395386,
                "y": 0.6030356884002686,
                "z": -2.3703980445861816,
                "visibility": 0.9982884526252747
            },
            {
                "x": 0.44868528842926025,
                "y": 0.607763946056366,
                "z": -2.3110103607177734,
                "visibility": 0.9987560510635376
            },
            {
                "x": 0.9386953115463257,
                "y": 0.8616354465484619,
                "z": -0.9800602197647095,
                "visibility": 0.9753166437149048
            },
            {
                "x": 0.11874687671661377,
                "y": 0.9072928428649902,
                "z": -0.6398651599884033,
                "visibility": 0.9899824261665344
            },
            {
                "x": 1.3291442394256592,
                "y": 1.4259355068206787,
                "z": -0.9180514216423035,
                "visibility": 0.07451695948839188
            },
            {
                "x": -0.07150512933731079,
                "y": 1.4941768646240234,