{
    "face": {
        "face_count": 1,
        "face_embeddings": [
            [
                -0.08477769047021866,
                0.032969508320093155,
                0.05929207429289818,
                -0.07418680191040039,
                -0.07237016409635544,
                -0.003228232730180025,
                -0.06040053069591522,
                -0.07802184671163559,
                0.1522015780210495,
                -0.18545953929424286,
                0.22513604164123535,
                -0.12273495644330978,
                -0.20538684725761414,
                -0.0036992058157920837,
                -0.07163570821285248,
                0.2279723435640335,
                -0.15780052542686462,
                -0.13071788847446442,
                -0.06542067974805832,
                0.02416643686592579,
                0.10276307910680771,
                0.050452008843421936,
                -0.028777917847037315,
                0.05541978403925896,
                -0.061543479561805725,
                -0.32067227363586426,
                -0.1327403336763382,
                -0.01729470118880272,
                -0.05281264707446098,
                -0.10076355189085007,
                -0.0597703792154789,
                0.041739754378795624,
                -0.17665420472621918,
                -0.0158726554363966,
                0.004378053359687328,
                0.08909951150417328,
                0.02615944854915142,
                -0.1178126111626625,
                0.11977074295282364,
                0.016700241714715958,
                -0.31085070967674255,
                0.057620175182819366,
                0.09057589620351791,
                0.22463743388652802,
                0.16401422023773193,
                0.032434262335300446,
                -0.06645523011684418,
                -0.14266283810138702,
                0.10303742438554764,
                -0.20073570311069489,
                0.00036207400262355804,
                0.11543020606040955,
                0.03401477262377739,
                0.03573661670088768,
                0.00937129557132721,
                -0.10114727169275284,
                0.04024466872215271,
                0.10124824941158295,
                -0.12406022846698761,
                -0.024248439818620682,
                0.12005642801523209,
                -0.09946168959140778,
                0.006213996559381485,
                -0.1506095826625824,
                0.15943221747875214,
                0.07704590260982513,
                -0.10534337162971497,
                -0.248931884765625,
                0.0928698480129242,
                -0.1642611026763916,
                -0.08540113270282745,
                0.12493503093719482,
                -0.1523842215538025,
                -0.1909615844488144,
                -0.3166128098964691,
                -0.0051290057599544525,
                0.37187278270721436,
                0.1074909120798111,
                -0.1226382777094841,
                0.09371524304151535,
                -0.012161166407167912,
                0.00392812117934227,
                0.11805035173892975,
                0.1840188056230545,
                0.06960998475551605,
                0.048478059470653534,
                -0.08952302485704422,
                0.014578533358871937,
                0.2492610663175583,
                -0.057966530323028564,
                -0.02588898129761219,
                0.20821133255958557,
                -0.05593840405344963,
                0.04204276204109192,
                -0.0063759153708815575,
                0.04464509338140488,
                -0.04943741112947464,
                0.04304107278585434,
                -0.13716061413288116,
                0.020068533718585968,
                -0.009069224819540977,
                0.002045154571533203,
                -0.055543217808008194,
                0.10651317983865738,
                -0.14129917323589325,
                0.1131042093038559,
                -0.038582902401685715,
                0.013128530234098434,
                0.012742705643177032,
                -0.011961488053202629,
                -0.0897294282913208,
                -0.008799005299806595,
                0.12650248408317566,
                -0.2424614429473877,
                0.12091543525457382,
                0.15775148570537567,
                0.08833132684230804,
                0.06896932423114777,
                0.11801879853010178,
                0.11696179211139679,
                -0.03225270286202431,
                -0.021393315866589546,
                -0.2923041880130768,
                -0.022563761100172997,
                0.09986788034439087,
                -0.03790691867470741,
                0.08330819755792618,
                -0.004704012535512447
            ]
        ]
    },
    "hand": {
        "hand_count": 1,
        "hand_landmarks": [
            [
                {
                    "x": 0.9891446828842163,
                    "y": 0.796097993850708,
                    "z": -8.058642464447985e-08,
                    "visibility": 0.0
                },
                {
                    "x": 0.8520290851593018,
                    "y": 0.750957190990448,
                    "z": 0.015059388242661953,
                    "visibility": 0.0
                },
                {
                    "x": 0.7403045892715454,
                    "y": 0.7199553847312927,
                    "z": 0.008065436966717243,
                    "visibility": 0.0
                },
                {
                    "x": 0.6689810752868652,
                    "y": 0.6983412504196167,
                    "z": -0.007753046695142984,
                    "visibility": 0.0
                },
                {
                    "x": 0.6458209156990051,
                    "y": 0.6647366285324097,
                    "z": -0.019848624244332314,
                    "visibility": 0.0
                },
                {
                    "x": 0.6493843793869019,
                    "y": 0.7747076153755188,
                    "z": -0.010853799059987068,
                    "visibility": 0.0
                },
                {
                    "x": 0.5787545442581177,
                    "y": 0.7582979202270508,
                    "z": -0.038011640310287476,
                    "visibility": 0.0
                },
                {
                    "x": 0.6088131666183472,
                    "y": 0.704838216304779,
                    "z": -0.0508524589240551,
                    "visibility": 0.0
                },
                {
                    "x": 0.6601474285125732,
                    "y": 0.6654049158096313,
                    "z": -0.05539146065711975,
                    "visibility": 0.0
                },
                {
                    "x": 0.7000327110290527,
                    "y": 0.7944728136062622,
                    "z": -0.035016559064388275,
                    "visibility": 0.0
                },
                {
                    "x": 0.6576753854751587,
                    "y": 0.7703934907913208,
                    "z": -0.06746117025613785,
                    "visibility": 0.0
                },
                {
                    "x": 0.6908259391784668,
                    "y": 0.6973897218704224,
                    "z": -0.07994380593299866,
                    "visibility": 0.0
                },
                {
                    "x": 0.7324782609939575,
                    "y": 0.6467292308807373,
                    "z": -0.08618093281984329,
                    "visibility": 0.0
                },
                {
                    "x": 0.7663101553916931,
                    "y": 0.8002934455871582,
                    "z": -0.05843976512551308,