{
    "face": {
        "face_count": 1,
        "face_embeddings": [
            [
                -0.039824094623327255,
                0.07461020350456238,
                0.006611855700612068,
                -0.061968836933374405,
                -0.08565394580364227,
                -0.005284039303660393,
                -0.08450543135404587,
                -0.05953831970691681,
                0.16060280799865723,
                -0.18038061261177063,
                0.15184451639652252,
                -0.08148680627346039,
                -0.19317154586315155,
                0.015566504560410976,
                -0.0690719410777092,
                0.23984548449516296,
                -0.14663957059383392,
                -0.15141946077346802,
                -0.027831973508000374,
                0.03452139347791672,
                0.12535664439201355,
                0.062633216381073,
                -0.08470996469259262,
                0.05469261854887009,
                -0.08679318428039551,
                -0.302446186542511,
                -0.09968803822994232,
                -0.003609192557632923,
                -0.09513705223798752,
                -0.09240669757127762,
                0.008131938986480236,
                0.0727786272764206,
                -0.13519707322120667,
                0.04207412153482437,
                0.027951253578066826,
                0.0992751345038414,
                0.02391226775944233,
                -0.09605415165424347,
                0.17931485176086426,
                0.056456342339515686,
                -0.3125385344028473,
                0.09708946198225021,
                0.11739098280668259,
                0.2849827706813812,
                0.13032940030097961,
                -0.035432133823633194,
                -0.030971679836511612,
                -0.12337849289178848,
                0.10965380817651749,
                -0.19719426333904266,
                -0.033978287130594254,
                0.12399453669786453,
                0.024300523102283478,
                0.05250106006860733,
                0.04118790477514267,
                -0.1215093582868576,
                0.05969458818435669,
                0.07634703069925308,
                -0.1495632529258728,
                -0.007692604325711727,
                0.07810267060995102,
                -0.08971941471099854,
                0.004859148524701595,
                -0.10207081586122513,
                0.18131180107593536,
                0.06659700721502304,
                -0.07010094821453094,
                -0.2280086874961853,
                0.11780379712581635,
                -0.1755729615688324,
                -0.10928814858198166,
                0.09591672569513321,
                -0.13797885179519653,
                -0.19368137419223785,
                -0.28523173928260803,
                -0.020709220319986343,
                0.3779948651790619,
                0.14187024533748627,
                -0.191091850399971,
                0.13588537275791168,
                0.04536111280322075,
                -0.03814922645688057,
                0.17692366242408752,
                0.20202279090881348,
                0.09300778061151505,
                0.054499391466379166,
                -0.08555865287780762,
                0.036241669207811356,
                0.29868030548095703,
                -0.05368013679981232,
                -0.0205326396971941,
                0.20646990835666656,
                0.03362015262246132,
                0.022481674328446388,
                0.010837498120963573,
                -0.02066553384065628,
                -0.04037652537226677,
                0.0075646438635885715,
                -0.19855639338493347,
                -0.03686879947781563,
                -0.0293409563601017,
                -0.0009859520941972733,
                -0.05142725259065628,
                0.12689001858234406,
                -0.15562187135219574,
                0.1256982982158661,
                0.026082249358296394,
                -0.03865634277462959,
                -0.03718528896570206,
                0.09003429114818573,
                -0.09526816010475159,
                -0.020524129271507263,
                0.12774884700775146,
                -0.18789465725421906,
                0.1403118073940277,
                0.12973295152187347,
                0.07770676165819168,
                0.06714237481355667,
                0.10283245891332626,
                0.1115834191441536,
                -0.01687946356832981,
                -0.030069679021835327,
                -0.22926534712314606,
                -0.031687457114458084,
                0.0590411014854908,
                0.0019271611236035824,
                0.09147440642118454,
                1.9206665456295013e-05
            ]
        ]
    },
    "hand": {
        "hand_count": 0,
        "hand_landmarks": []
    },
    "body": {
        "landmark_count": 33,
        "landmarks": [
            {
                "x": 0.3812743127346039,
                "y": 0.42456579208374023,
                "z": -1.6057487726211548,
                "visibility": 0.999982476234436
            },
            {
                "x": 0.4455018937587738,
                "y": 0.3533005714416504,
                "z": -1.5724369287490845,
                "visibility": 0.9999796152114868
            },
            {
                "x": 0.4891829192638397,
                "y": 0.34759771823883057,
                "z": -1.5724287033081055,
                "visibility": 0.9999760389328003
            },
            {
                "x": 0.5345726013183594,
                "y": 0.3431028127670288,
                "z": -1.5722068548202515,
                "visibility": 0.9999707937240601
            },
            {
                "x": 0.3552003800868988,
                "y": 0.3655046224594116,
                "z": -1.4295731782913208,
                "visibility": 0.9999876022338867
            },
            {
                "x": 0.334859699010849,
                "y": 0.36766278743743896,
                "z": -1.4285808801651,
                "visibility": 0.999980092048645
            },
            {
                "x": 0.3169470727443695,
                "y": 0.3687237501144409,
                "z": -1.4284127950668335,
                "visibility": 0.9999731779098511
            },
            {
                "x": 0.6368061900138855,
                "y": 0.369173526763916,
                "z": -1.0372953414916992,
                "visibility": 0.9999703168869019
            },
            {
                "x": 0.37474021315574646,
                "y": 0.3912163972854614,
                "z": -0.39077937602996826,
                "visibility": 0.9999806880950928
            },
            {
                "x": 0.485865980386734,
                "y": 0.4924525022506714,
                "z": -1.3659275770187378,
                "visibility": 0.999760091304779
            },
            {
                "x": 0.3749937117099762,
                "y": 0.49428310990333557,
                "z": -1.1826584339141846,
                "visibility": 0.9998210072517395
            },
            {
                "x": 0.6191785335540771,
                "y": 0.7337422370910645,
                "z": -1.3391343355178833,
                "visibility": 0.9427992105484009
            },
            {
                "x": 0.6038914322853088,
                "y": 0.6759493350982666,
                "z": 0.8292471766471863,
                "visibility": 0.9682378172874451
            },
            {
                "x": 0.5785601139068604,
                "y": 1.061671495437622,
                "z": -2.5053093433380127,
                "visibility": 0.2626711428165436
            },
            {
                "x": 0.6489335298538208,
                "y": 1.0552380084991455,