{
    "face": {
        "face_count": 1,
        "face_embeddings": [
            [
                -0.051601409912109375,
                0.0360642708837986,
                0.051407795399427414,
                -0.0922023132443428,
                -0.048944514244794846,
                7.685273885726929e-06,
                -0.09137500822544098,
                -0.08681341260671616,
                0.14142487943172455,
                -0.16170896589756012,
                0.221079483628273,
                -0.12450195103883743,
                -0.2678477168083191,
                0.023493414744734764,
                -0.13617096841335297,
                0.27025824785232544,
                -0.17262426018714905,
                -0.11852952837944031,
                -0.0331706628203392,
                0.049552418291568756,
                0.10044462978839874,
                0.02840518206357956,
                -0.056811634451150894,
                0.07213476300239563,
                -0.06454189121723175,
                -0.33457979559898376,
                -0.1115957722067833,
                -0.027456045150756836,
                -0.08999784290790558,
                -0.07588861882686615,
                -0.04575274512171745,
                0.050284773111343384,
                -0.16625367105007172,
                0.03344007581472397,
                0.021621981635689735,
                0.09017356485128403,
                0.0093718646094203,
                -0.17045405507087708,
                0.1483180820941925,
                0.052759137004613876,
                -0.3108544647693634,
                0.1085507944226265,
                0.09477324783802032,
                0.25904953479766846,
                0.11530070751905441,
                -0.03016679361462593,
                -0.017950402572751045,
                -0.1499265432357788,
                0.12274779379367828,
                -0.231981560587883,
                -0.011815784499049187,
                0.10725013166666031,
                0.05686880648136139,
                0.04198421910405159,
                0.01679101586341858,
                -0.12035679817199707,
                0.05339471995830536,
                0.14002104103565216,
                -0.1747606098651886,
                -0.0010182445403188467,
                0.11494949460029602,
                -0.09765400737524033,
                0.0340958833694458,
                -0.14202553033828735,
                0.1445740908384323,
                0.11559320241212845,
                -0.1253037452697754,
                -0.1889040619134903,
                0.09610365331172943,
                -0.13328000903129578,
                -0.027795840054750443,
                0.07822871953248978,
                -0.14499208331108093,
                -0.23620900511741638,
                -0.27224770188331604,
                0.033260148018598557,
                0.359897643327713,
                0.1730223447084427,
                -0.1327889859676361,
                0.09509176015853882,
                0.01503179781138897,
                0.0006787148304283619,
                0.14648206532001495,
                0.19970804452896118,
                0.09219144284725189,
                0.043441351503133774,
                -0.07587411999702454,
                0.05910750851035118,
                0.24950075149536133,
                -0.07791735231876373,
                0.009504483081400394,
                0.23357555270195007,
                -0.047946441918611526,
                0.02382134646177292,
                -0.04429495334625244,
                0.017569860443472862,
                -0.09598012268543243,
                0.04926843196153641,
                -0.14939360320568085,
                0.029392076656222343,
                -0.051533207297325134,
                0.037615712732076645,
                -0.006774503737688065,
                0.07631494849920273,
                -0.11599020659923553,
                0.060358718037605286,
                -0.008535114116966724,
                -0.04268880933523178,
                0.006118887569755316,
                0.009931912645697594,
                -0.061859093606472015,
                -0.020944952964782715,
                0.09237974137067795,
                -0.21933141350746155,
                0.1525350660085678,
                0.12596727907657623,
                0.11764908581972122,
                0.07486427575349808,
                0.11602132767438889,
                0.07051974534988403,
                0.004496186971664429,
                -0.07889363914728165,
                -0.24911876022815704,
                -0.013410174287855625,
                0.11475119739770889,
                0.007780066691339016,
                0.09682457149028778,
                -0.045369986444711685
            ]
        ]
    },
    "hand": {
        "hand_count": 0,
        "hand_landmarks": []
    },
    "body": {
        "landmark_count": 33,
        "landmarks": [
            {
                "x": 0.4480544924736023,
                "y": 0.3963155150413513,
                "z": -0.9352332353591919,
                "visibility": 0.9995296001434326
            },
            {
                "x": 0.4881327450275421,
                "y": 0.34782856702804565,
                "z": -0.9996176362037659,
                "visibility": 0.9991493225097656
            },
            {
                "x": 0.516738772392273,
                "y": 0.3465360999107361,
                "z": -0.9996761679649353,
                "visibility": 0.9992803931236267
            },
            {
                "x": 0.5496655702590942,
                "y": 0.3453429937362671,
                "z": -1.000023603439331,
                "visibility": 0.9990777969360352
            },
            {
                "x": 0.44032278656959534,
                "y": 0.3490522503852844,
                "z": -0.8920468091964722,
                "visibility": 0.9992535710334778
            },
            {
                "x": 0.4277057647705078,
                "y": 0.3484288454055786,
                "z": -0.8915261626243591,
                "visibility": 0.9993313550949097
            },
            {
                "x": 0.41633909940719604,
                "y": 0.34786850214004517,
                "z": -0.89218670129776,
                "visibility": 0.9992293119430542
            },
            {
                "x": 0.631300151348114,
                "y": 0.357616126537323,
                "z": -0.9571239352226257,
                "visibility": 0.9994744658470154
            },
            {
                "x": 0.44866621494293213,
                "y": 0.3625805377960205,
                "z": -0.44329091906547546,
                "visibility": 0.9995381832122803
            },
            {
                "x": 0.5010699033737183,
                "y": 0.44609948992729187,
                "z": -0.891536295413971,
                "visibility": 0.9996237754821777
            },
            {
                "x": 0.4423227608203888,
                "y": 0.4441024363040924,
                "z": -0.7446048855781555,
                "visibility": 0.999574601650238
            },
            {
                "x": 0.8147340416908264,
                "y": 0.646246075630188,
                "z": -0.8442133069038391,
                "visibility": 0.9976237416267395
            },
            {
                "x": 0.3846912384033203,
                "y": 0.5380648970603943,
                "z": -0.08774788677692413,
                "visibility": 0.9996658563613892
            },
            {
                "x": 0.6507161855697632,
                "y": 0.9237672686576843,
                "z": -0.7363818287849426,
                "visibility": 0.466706246137619
            },
            {
                "x": 0.2859674096107483,
                "y": 0.8109515309333801,