{
    "face": {
        "face_count": 1,
        "face_embeddings": [
            [
                -0.0964326560497284,
                0.06570017337799072,
                0.04764305427670479,
                -0.06330037117004395,
                -0.09719685465097427,
                0.0028606895357370377,
                -0.03656723350286484,
                -0.05548691377043724,
                0.18498805165290833,
                -0.15839579701423645,
                0.1668722927570343,
                -0.11896082013845444,
                -0.21953874826431274,
                -0.009147774428129196,
                -0.08998996764421463,
                0.23033425211906433,
                -0.15330927073955536,
                -0.138175830245018,
                -0.05836140364408493,
                0.04207058995962143,
                0.1133917048573494,
                0.0643732100725174,
                -0.048579078167676926,
                0.07976992428302765,
                -0.02703236974775791,
                -0.37540149688720703,
                -0.11995470523834229,
                -0.03009135276079178,
                -0.043427564203739166,
                -0.08480031788349152,
                -0.008260566741228104,
                0.04791073873639107,
                -0.17026333510875702,
                -0.053166016936302185,
                0.016610343009233475,
                0.09403544664382935,
                -0.010839462280273438,
                -0.14874817430973053,
                0.16108909249305725,
                -0.006174872629344463,
                -0.3204091191291809,
                0.05993945524096489,
                0.12723878026008606,
                0.25560879707336426,
                0.1485690474510193,
                -0.009122458286583424,
                -0.0579131618142128,
                -0.14186608791351318,
                0.13562920689582825,
                -0.19042254984378815,
                -0.025832539424300194,
                0.14251530170440674,
                0.02562384493649006,
                0.07777430862188339,
                0.030904721468687057,
                -0.08812487870454788,
                0.09316890686750412,
                0.09460410475730896,
                -0.15314960479736328,
                -0.03096720762550831,
                0.11682277172803879,
                -0.10632602125406265,
                0.026514172554016113,
                -0.10779084265232086,
                0.15221382677555084,
                0.06288494914770126,
                -0.05790546163916588,
                -0.28073155879974365,
                0.0931759774684906,
                -0.20562678575515747,
                -0.07672829180955887,
                0.10744898021221161,
                -0.1408749371767044,
                -0.17025798559188843,
                -0.2810923159122467,
                0.0042760008946061134,
                0.3685244023799896,
                0.1217450499534607,
                -0.13631094992160797,
                0.1152954027056694,
                0.0006600162014365196,
                -0.025181520730257034,
                0.15165726840496063,
                0.1992303878068924,
                0.07780454307794571,
                0.01910271681845188,
                -0.09580285847187042,
                0.0005831364542245865,
                0.27268943190574646,
                -0.04368257150053978,
                -0.017886707559227943,
                0.2066681832075119,
                0.0009112060070037842,
                0.01475051324814558,
                0.03999335318803787,
                0.004423901438713074,
                -0.08250746130943298,
                0.06029173359274864,
                -0.1775953471660614,
                0.021166447550058365,
                0.002111046575009823,
                -0.0006333207711577415,
                -0.048954837024211884,
                0.0865764319896698,
                -0.14150498807430267,
                0.1263139545917511,
                -0.015842590481042862,
                0.004161910153925419,
                0.012869728729128838,
                -0.015756357461214066,
                -0.12705835700035095,
                -0.006427996791899204,
                0.15183012187480927,
                -0.17918740212917328,
                0.18428653478622437,
                0.10579024255275726,
                0.08931832015514374,
                0.07923632860183716,
                0.13902804255485535,
                0.11834856867790222,
                -0.023272573947906494,
                -0.0284445658326149,
                -0.25114622712135315,
                -0.02495114877820015,
                0.11645185947418213,
                -0.03431743383407593,
                0.08653432875871658,
                -0.033567409962415695
            ]
        ]
    },
    "hand": {
        "hand_count": 0,
        "hand_landmarks": []
    },
    "body": {
        "landmark_count": 33,
        "landmarks": [
            {
                "x": 0.4179585576057434,
                "y": 0.44061803817749023,
                "z": -2.6892075538635254,
                "visibility": 0.9952174425125122
            },
            {
                "x": 0.5279560089111328,
                "y": 0.33090686798095703,
                "z": -2.7083446979522705,
                "visibility": 0.9950762391090393
            },
            {
                "x": 0.5997836589813232,
                "y": 0.32411885261535645,
                "z": -2.7096107006073,
                "visibility": 0.9938235282897949
            },
            {
                "x": 0.6562899351119995,
                "y": 0.32169055938720703,
                "z": -2.7117342948913574,
                "visibility": 0.9945337772369385
            },
            {
                "x": 0.3491727113723755,
                "y": 0.34930774569511414,
                "z": -2.491316080093384,
                "visibility": 0.9954948425292969
            },
            {
                "x": 0.30324292182922363,
                "y": 0.35299623012542725,
                "z": -2.48948073387146,
                "visibility": 0.9947183728218079
            },
            {
                "x": 0.26246923208236694,
                "y": 0.35631895065307617,
                "z": -2.4905707836151123,
                "visibility": 0.9956170320510864
            },
            {
                "x": 0.7789304256439209,
                "y": 0.37399888038635254,
                "z": -2.1057000160217285,
                "visibility": 0.9952378273010254
            },
            {
                "x": 0.2809672951698303,
                "y": 0.40740275382995605,
                "z": -1.0544443130493164,
                "visibility": 0.9962747097015381
            },
            {
                "x": 0.5702061653137207,
                "y": 0.5483510494232178,
                "z": -2.4334664344787598,
                "visibility": 0.9984069466590881
            },
            {
                "x": 0.359669029712677,
                "y": 0.5597628355026245,
                "z": -2.1304144859313965,
                "visibility": 0.9981867671012878
            },
            {
                "x": 1.0466700792312622,
                "y": 0.7659876346588135,
                "z": -1.8232461214065552,
                "visibility": 0.95528644323349
            },
            {
                "x": 0.2634729743003845,
                "y": 0.8768879771232605,
                "z": 0.04430064186453819,
                "visibility": 0.9936028122901917
            },
            {
                "x": 1.8171820640563965,
                "y": 1.3482521772384644,
                "z": -2.139577865600586,
                "visibility": 0.23461581766605377
            },
            {
                "x": 0.009208500385284424,
                "y": 1.380826473236084,