{
    "face": {
        "face_count": 1,
        "face_embeddings": [
            [
                -0.04427626356482506,
                0.06749141216278076,
                0.09530095010995865,
                -0.07825441658496857,
                -0.11763813346624374,
                -0.0007644421420991421,
                -0.08586099743843079,
                -0.06613878160715103,
                0.18109308183193207,
                -0.18354757130146027,
                0.17902055382728577,
                -0.07516275346279144,
                -0.218927264213562,
                -0.036580994725227356,
                -0.04182024300098419,
                0.23090139031410217,
                -0.11806463450193405,
                -0.1656513810157776,
                -0.039786338806152344,
                0.019683677703142166,
                0.0926084816455841,
                0.09991912543773651,
                -0.022825337946414948,
                0.011230318807065487,
                -0.14001022279262543,
                -0.3532221019268036,
                -0.13571152091026306,
                -0.014363312162458897,
                -0.11105108261108398,
                -0.04371694475412369,
                -0.08138491958379745,
                0.06623196601867676,
                -0.16416224837303162,
                -0.009395007975399494,
                0.0662696585059166,
                0.14904306828975677,
                -0.01636160910129547,
                -0.06751273572444916,
                0.07838097214698792,
                0.03917688503861427,
                -0.31173044443130493,
                0.08197493106126785,
                0.1056283488869667,
                0.23343631625175476,
                0.16231761872768402,
                -0.004075960721820593,
                0.005652524530887604,
                -0.1310529261827469,
                0.10226351022720337,
                -0.15841206908226013,
                0.004543463699519634,
                0.13649435341358185,
                0.09184062480926514,
                0.07009231299161911,
                0.04243806377053261,
                -0.0932343527674675,
                0.021274473518133163,
                0.13053299486637115,
                -0.10614759474992752,
                -0.010544504970312119,
                0.11609543859958649,
                -0.12488716840744019,
                -0.04770112782716751,
                -0.11145572364330292,
                0.15548531711101532,
                0.07076023519039154,
                -0.11747650057077408,
                -0.2648521959781647,
                0.07376858592033386,
                -0.18178638815879822,
                -0.12675905227661133,
                0.07461556792259216,
                -0.17801672220230103,
                -0.17355047166347504,
                -0.32656121253967285,
                -0.014302200637757778,
                0.2754538655281067,
                0.09207503497600555,
                -0.18636517226696014,
                0.11088962107896805,
                0.044119805097579956,
                0.0665610134601593,
                0.0671624019742012,
                0.20976832509040833,
                0.04551312327384949,
                0.13639603555202484,
                -0.09246698021888733,
                0.032141365110874176,
                0.258432537317276,
                -0.12351314723491669,
                0.02764858305454254,
                0.23448382318019867,
                -0.01695835217833519,
                0.0828515812754631,
                0.008558757603168488,
                -0.0020246049389243126,
                -0.046005673706531525,
                0.004196478985249996,
                -0.16737234592437744,
                0.0022091874852776527,
                0.015004911459982395,
                -0.01061108335852623,
                -0.05368030443787575,
                0.07399572432041168,
                -0.16182541847229004,
                0.13382290303707123,
                -0.0359923392534256,
                0.010954167693853378,
                -0.026391763240098953,
                -0.024754641577601433,
                -0.08126220107078552,
                -0.03369643911719322,
                0.14198236167430878,
                -0.1996605396270752,
                0.15157079696655273,
                0.17490361630916595,
                0.057372789829969406,
                0.08234991133213043,
                0.1474749594926834,
                0.07292057573795319,
                -0.02296246774494648,
                -0.026484709233045578,
                -0.2200850397348404,
                -0.032685786485672,
                0.08959390223026276,
                -0.05048758164048195,
                0.06197972223162651,
                -0.009376991540193558
            ]
        ]
    },
    "hand": {
        "hand_count": 1,
        "hand_landmarks": [
            [
                {
                    "x": 0.41355183720588684,
                    "y": 0.804618775844574,
                    "z": -1.3903677142934612e-07,
                    "visibility": 0.0
                },
                {
                    "x": 0.4793544113636017,
                    "y": 0.7655223608016968,
                    "z": 0.03850843384861946,
                    "visibility": 0.0
                },
                {
                    "x": 0.47654205560684204,
                    "y": 0.7237814664840698,
                    "z": 0.06433239579200745,
                    "visibility": 0.0
                },
                {
                    "x": 0.47174930572509766,
                    "y": 0.6962840557098389,
                    "z": 0.07259116321802139,
                    "visibility": 0.0
                },
                {
                    "x": 0.46936050057411194,
                    "y": 0.669339120388031,
                    "z": 0.07985217869281769,
                    "visibility": 0.0
                },
                {
                    "x": 0.41789722442626953,
                    "y": 0.6987780928611755,
                    "z": 0.10863607376813889,
                    "visibility": 0.0
                },
                {
                    "x": 0.45880037546157837,
                    "y": 0.6640663743019104,
                    "z": 0.11274711787700653,
                    "visibility": 0.0
                },
                {
                    "x": 0.5025582313537598,
                    "y": 0.6524892449378967,
                    "z": 0.10312192142009735,
                    "visibility": 0.0
                },
                {
                    "x": 0.5338700413703918,
                    "y": 0.650892972946167,
                    "z": 0.09940079599618912,
                    "visibility": 0.0
                },
                {
                    "x": 0.4024975299835205,
                    "y": 0.6890231966972351,
                    "z": 0.0810195580124855,
                    "visibility": 0.0
                },
                {
                    "x": 0.4602726101875305,
                    "y": 0.6441884636878967,
                    "z": 0.07732473313808441,
                    "visibility": 0.0
                },
                {
                    "x": 0.5070066452026367,
                    "y": 0.6437310576438904,
                    "z": 0.058772288262844086,
                    "visibility": 0.0
                },
                {
                    "x": 0.5444238185882568,
                    "y": 0.6523308753967285,
                    "z": 0.05176187679171562,
                    "visibility": 0.0
                },
                {
                    "x": 0.3905593156814575,
                    "y": 0.6819060444831848,
                    "z": 0.04869489744305611,