{
    "face": {
        "face_count": 1,
        "face_embeddings": [
            [
                -0.054119568318128586,
                0.06170571967959404,
                0.10724246501922607,
                -0.08766987919807434,
                -0.11356168240308762,
                0.0122873205691576,
                -0.10604741424322128,
                -0.07100547850131989,
                0.13133208453655243,
                -0.17641447484493256,
                0.2097015231847763,
                -0.08347601443529129,
                -0.21200798451900482,
                -0.018969424068927765,
                -0.05483245104551315,
                0.2127968817949295,
                -0.1601325273513794,
                -0.15175434947013855,
                -0.03386944532394409,
                0.016612745821475983,
                0.07717309147119522,
                0.1301567703485489,
                -0.019699955359101295,
                -0.012116697616875172,
                -0.12442856281995773,
                -0.35268476605415344,
                -0.12897975742816925,
                -0.03248845413327217,
                -0.060337625443935394,
                -0.05333291366696358,
                -0.1055184006690979,
                0.07779889553785324,
                -0.15571998059749603,
                -0.019467268139123917,
                0.04992818087339401,
                0.15037360787391663,
                0.02216244861483574,
                -0.09706054627895355,
                0.07334890216588974,
                0.01262768916785717,
                -0.28833794593811035,
                0.08969470858573914,
                0.09664418548345566,
                0.24230220913887024,
                0.1925053596496582,
                -0.025347797200083733,
                -0.021410061046481133,
                -0.10571353137493134,
                0.052551038563251495,
                -0.17503277957439423,
                0.005943650379776955,
                0.1155233383178711,
                0.07161258906126022,
                0.07333085685968399,
                0.025272618979215622,
                -0.09038607776165009,
                0.02942068502306938,
                0.12612250447273254,
                -0.12298633903265,
                -0.025995822623372078,
                0.12923139333724976,
                -0.11943885684013367,
                0.03246493637561798,
                -0.08264467865228653,
                0.14789371192455292,
                0.07864148914813995,
                -0.08932677656412125,
                -0.23499968647956848,
                0.08502336591482162,
                -0.16871170699596405,
                -0.0991913452744484,
                0.06976331025362015,
                -0.16734406352043152,
                -0.15680570900440216,
                -0.2853790819644928,
                -0.018225785344839096,
                0.2775833308696747,
                0.11167480051517487,
                -0.1873643547296524,
                0.08905195444822311,
                0.028748231008648872,
                0.03913938254117966,
                0.13750872015953064,
                0.15955936908721924,
                0.07811581343412399,
                0.07308445125818253,
                -0.11792413145303726,
                0.04788968712091446,
                0.2641124129295349,
                -0.09479717910289764,
                0.01544173900038004,
                0.23165422677993774,
                -0.012959686107933521,
                0.0388011634349823,
                0.06183822825551033,
                0.05607733502984047,
                -0.03169267252087593,
                0.023021070286631584,
                -0.16708649694919586,
                0.04595264047384262,
                -0.011140861548483372,
                -0.026477022096514702,
                -0.0632355809211731,
                0.11602962017059326,
                -0.11017726361751556,
                0.1061675101518631,
                -0.035793233662843704,
                0.006374760530889034,
                -0.015784304589033127,
                -0.0513288751244545,
                -0.032443515956401825,
                -0.037764772772789,
                0.15039631724357605,
                -0.19704771041870117,
                0.1251298040151596,
                0.17128175497055054,
                0.022395705804228783,
                0.10446012020111084,
                0.1018274649977684,
                0.08579252660274506,
                -0.038679737597703934,
                -0.06382881104946136,
                -0.24419569969177246,
                -0.04129528999328613,
                0.06579118967056274,
                -0.03282445669174194,
                0.06296349316835403,
                0.015344023704528809
            ]
        ]
    },
    "hand": {
        "hand_count": 0,
        "hand_landmarks": []
    },
    "body": {
        "landmark_count": 33,
        "landmarks": [
            {
                "x": 0.5186636447906494,
                "y": 0.30820441246032715,
                "z": -2.511281728744507,
                "visibility": 0.9995071887969971
            },
            {
                "x": 0.5683358311653137,
                "y": 0.23654186725616455,
                "z": -2.3760416507720947,
                "visibility": 0.9985817670822144
            },
            {
                "x": 0.5956776142120361,
                "y": 0.2374964952468872,
                "z": -2.3767330646514893,
                "visibility": 0.9986202716827393
            },
            {
                "x": 0.6229600310325623,
                "y": 0.24004912376403809,
                "z": -2.377351760864258,
                "visibility": 0.998282790184021
            },
            {
                "x": 0.47082820534706116,
                "y": 0.24200403690338135,
                "z": -2.4007489681243896,
                "visibility": 0.9989239573478699
            },
            {
                "x": 0.4357761740684509,
                "y": 0.24583721160888672,
                "z": -2.4003663063049316,
                "visibility": 0.999078631401062
            },
            {
                "x": 0.40303781628608704,
                "y": 0.25147104263305664,
                "z": -2.401484966278076,
                "visibility": 0.9989626407623291
            },
            {
                "x": 0.6671517491340637,
                "y": 0.2793360948562622,
                "z": -1.4976167678833008,
                "visibility": 0.9978358149528503
            },
            {
                "x": 0.37018144130706787,
                "y": 0.2858163118362427,
                "z": -1.5625604391098022,
                "visibility": 0.9992554783821106
            },
            {
                "x": 0.5793315172195435,
                "y": 0.3908357620239258,
                "z": -2.180572509765625,
                "visibility": 0.9996234178543091
            },
            {
                "x": 0.46296143531799316,
                "y": 0.39298295974731445,
                "z": -2.200552463531494,
                "visibility": 0.9997391104698181
            },
            {
                "x": 0.9165155291557312,
                "y": 0.6950721144676208,
                "z": -0.8722368478775024,
                "visibility": 0.9952965378761292
            },
            {
                "x": 0.10030505061149597,
                "y": 0.7097042798995972,
                "z": -1.1526856422424316,
                "visibility": 0.9971056580543518
            },
            {
                "x": 1.1018643379211426,
                "y": 0.9128766059875488,
                "z": -0.7557460069656372,
                "visibility": 0.21977002918720245
            },
            {
                "x": -0.09893625974655151,
                "y": 1.144670844078064,