{
    "face": {
        "face_count": 1,
        "face_embeddings": [
            [
                -0.09025596082210541,
                0.08636564016342163,
                0.10411757230758667,
                -0.07363983243703842,
                -0.14989690482616425,
                -0.009587039239704609,
                -0.10560550540685654,
                -0.1322827935218811,
                0.10305711627006531,
                -0.22240372002124786,
                0.18064020574092865,
                -0.10360511392354965,
                -0.22753684222698212,
                -0.021346859633922577,
                -0.06171393766999245,
                0.2497539222240448,
                -0.17741818726062775,
                -0.16889996826648712,
                -0.03420392796397209,
                -0.006163903046399355,
                0.06535996496677399,
                0.07964781671762466,
                -0.032635267823934555,
                0.006022550165653229,
                -0.14492745697498322,
                -0.3580682873725891,
                -0.11999540776014328,
                -0.021841205656528473,
                -0.11793988943099976,
                -0.09916705638170242,
                -0.07264628261327744,
                0.02349812351167202,
                -0.13821615278720856,
                0.02384059876203537,
                0.021736739203333855,
                0.1364772468805313,
                -0.010597504675388336,
                -0.10441315174102783,
                0.09870531409978867,
                0.029873346909880638,
                -0.30680519342422485,
                0.06734663248062134,
                0.12575185298919678,
                0.2424958348274231,
                0.1822533756494522,
                -0.054416511207818985,
                0.0011108480393886566,
                -0.11003091931343079,
                0.1216181218624115,
                -0.18582534790039062,
                -0.022630829364061356,
                0.11002225428819656,
                0.054397668689489365,
                0.06181183084845543,
                0.04121821001172066,
                -0.08416838198900223,
                -0.010861456394195557,
                0.16151927411556244,
                -0.11378994584083557,
                0.03386212885379791,
                0.1272166222333908,
                -0.11992045491933823,
                0.005813516676425934,
                -0.07806840538978577,
                0.16630329191684723,
                0.09008476138114929,
                -0.11878664046525955,
                -0.22540274262428284,
                0.08569395542144775,
                -0.18659643828868866,
                -0.11459894478321075,
                0.03480944409966469,
                -0.154876708984375,
                -0.21177954971790314,
                -0.30423444509506226,
                -0.003779255785048008,
                0.28439441323280334,
                0.10919827222824097,
                -0.16305987536907196,
                0.06693132221698761,
                0.04072945937514305,
                0.01689743623137474,
                0.12117709219455719,
                0.2137688398361206,
                0.08102045953273773,
                0.0886974111199379,
                -0.08245590329170227,
                0.0484185554087162,
                0.28301042318344116,
                -0.10434149950742722,
                0.020804215222597122,
                0.2669266164302826,
                -0.030204303562641144,
                0.037820179015398026,
                0.023725003004074097,
                0.02740315906703472,
                -0.08474166691303253,
                0.018120907247066498,
                -0.14792749285697937,
                0.01671217381954193,
                -0.007232040166854858,
                -0.06579886376857758,
                -0.03237000107765198,
                0.08790241181850433,
                -0.11631075292825699,
                0.10159693658351898,
                -0.0432526171207428,
                0.018248748034238815,
                -0.036905936896800995,
                -0.014434834942221642,
                -0.09436055272817612,
                -0.055605199187994,
                0.15140829980373383,
                -0.19148744642734528,
                0.15133458375930786,
                0.2103523313999176,
                0.036087844520807266,
                0.09219629317522049,
                0.14149115979671478,
                0.06340342015028,
                0.010650361888110638,
                -0.018566202372312546,
                -0.17546936869621277,
                -0.019365793094038963,
                0.07049509882926941,
                -0.03633264824748039,
                0.055557869374752045,
                -0.004521247930824757
            ]
        ]
    },
    "hand": {
        "hand_count": 0,
        "hand_landmarks": []
    },
    "body": {
        "landmark_count": 33,
        "landmarks": [
            {
                "x": 0.56075119972229,
                "y": 0.3984757661819458,
                "z": -2.8039212226867676,
                "visibility": 0.9996683597564697
            },
            {
                "x": 0.6017314195632935,
                "y": 0.337666392326355,
                "z": -2.5893640518188477,
                "visibility": 0.9994645714759827
            },
            {
                "x": 0.6349081993103027,
                "y": 0.340535044670105,
                "z": -2.5899593830108643,
                "visibility": 0.9993778467178345
            },
            {
                "x": 0.6673062443733215,
                "y": 0.34480440616607666,
                "z": -2.5897724628448486,
                "visibility": 0.9990687966346741
            },
            {
                "x": 0.4915870130062103,
                "y": 0.33142855763435364,
                "z": -2.654921293258667,
                "visibility": 0.9996669292449951
            },
            {
                "x": 0.4444602131843567,
                "y": 0.331465482711792,
                "z": -2.654123306274414,
                "visibility": 0.9997076392173767
            },
            {
                "x": 0.4026683568954468,
                "y": 0.3328155279159546,
                "z": -2.6553618907928467,
                "visibility": 0.9997356534004211
            },
            {
                "x": 0.6904948353767395,
                "y": 0.3871525228023529,
                "z": -1.4198145866394043,
                "visibility": 0.9990795850753784
            },
            {
                "x": 0.32214272022247314,
                "y": 0.38005030155181885,
                "z": -1.6800802946090698,
                "visibility": 0.9998940229415894
            },
            {
                "x": 0.6089581847190857,
                "y": 0.49837183952331543,
                "z": -2.372169256210327,
                "visibility": 0.9996256828308105
            },
            {
                "x": 0.471722275018692,
                "y": 0.49523067474365234,
                "z": -2.4492874145507812,
                "visibility": 0.9998722076416016
            },
            {
                "x": 0.9083046913146973,
                "y": 0.8112543821334839,
                "z": -0.708200991153717,
                "visibility": 0.9750656485557556
            },
            {
                "x": 0.04074203968048096,
                "y": 0.8284819722175598,
                "z": -1.1754227876663208,
                "visibility": 0.9939925074577332
            },
            {
                "x": 1.4105288982391357,
                "y": 1.0093605518341064,
                "z": -1.8684190511703491,
                "visibility": 0.2918090224266052
            },
            {
                "x": -0.23929990828037262,
                "y": 1.3351523876190186,