{
    "face": {
        "face_count": 1,
        "face_embeddings": [
            [
                -0.059903815388679504,
                0.11789479851722717,
                0.0683329701423645,
                -0.13299767673015594,
                -0.1399606466293335,
                0.019851453602313995,
                -0.09932941198348999,
                -0.0674508735537529,
                0.15606164932250977,
                -0.1826096475124359,
                0.16855010390281677,
                -0.07934785634279251,
                -0.17957597970962524,
                -0.022782593965530396,
                -0.04403964802622795,
                0.23139728605747223,
                -0.16031807661056519,
                -0.12789283692836761,
                -0.01893547736108303,
                0.010814834386110306,
                0.08205138146877289,
                0.07150772213935852,
                -0.06019289419054985,
                0.0363139733672142,
                -0.09049111604690552,
                -0.31863170862197876,
                -0.1443312019109726,
                0.003226197324693203,
                -0.11956394463777542,
                -0.10846159607172012,
                -0.05244974046945572,
                0.0925779789686203,
                -0.12515506148338318,
                0.00040760356932878494,
                0.014877867884933949,
                0.16024236381053925,
                -0.016233915463089943,
                -0.08970324695110321,
                0.061430055648088455,
                0.06820093840360641,
                -0.24925146996974945,
                0.0742390900850296,
                0.10403932631015778,
                0.23131439089775085,
                0.20813067257404327,
                -0.0248004999011755,
                0.008776756003499031,
                -0.12751738727092743,
                0.10717815905809402,
                -0.20784002542495728,
                -0.023378189653158188,
                0.1218043714761734,
                0.04869283735752106,
                0.0762762650847435,
                0.04871498793363571,
                -0.09231444448232651,
                0.03763280436396599,
                0.06931017339229584,
                -0.10532877594232559,
                -0.01703532040119171,
                0.12613661587238312,
                -0.12947005033493042,
                -0.011323396116495132,
                -0.12801684439182281,
                0.1733863800764084,
                0.13497218489646912,
                -0.09119343012571335,
                -0.2747417986392975,
                0.07943747937679291,
                -0.19351044297218323,
                -0.15971921384334564,
                0.07147928327322006,
                -0.14134639501571655,
                -0.14217007160186768,
                -0.309175044298172,
                -0.012439618818461895,
                0.27576225996017456,
                0.1354147046804428,
                -0.15034577250480652,
                0.0808611810207367,
                0.0055053043179214,
                -0.014401065185666084,
                0.0711071789264679,
                0.2062860131263733,
                0.05161964148283005,
                0.06828788667917252,
                -0.07674556225538254,
                0.032380469143390656,
                0.2756637930870056,
                -0.08785675466060638,
                0.024273492395877838,
                0.23051603138446808,
                -0.013963171280920506,
                0.09182050824165344,
                0.003833562135696411,
                4.26151673309505e-05,
                -0.051346052438020706,
                0.03787721320986748,
                -0.1277872622013092,
                0.024378012865781784,
                -0.04164354130625725,
                -0.07106810808181763,
                -0.06267053633928299,
                0.10952439159154892,
                -0.15306520462036133,
                0.15352940559387207,
                -0.06608698517084122,
                0.009300320409238338,
                -0.06758152693510056,
                -0.04366542026400566,
                -0.08567477762699127,
                0.023842129856348038,
                0.1790957897901535,
                -0.19455212354660034,
                0.12514422833919525,
                0.17423607409000397,
                0.040896475315093994,
                0.06287550926208496,
                0.14452055096626282,
                0.1218535304069519,
                -0.029112964868545532,
                -0.05108754709362984,
                -0.20894365012645721,
                -0.0018813334172591567,
                0.04313262552022934,
                -0.06649001687765121,
                0.020864855498075485,
                0.007695477921515703
            ]
        ]
    },
    "hand": {
        "hand_count": 0,
        "hand_landmarks": []
    },
    "body": {
        "landmark_count": 33,
        "landmarks": [
            {
                "x": 0.466744989156723,
                "y": 0.43175530433654785,
                "z": -1.7208303213119507,
                "visibility": 0.9838930368423462
            },
            {
                "x": 0.5192893147468567,
                "y": 0.3449934720993042,
                "z": -1.5837229490280151,
                "visibility": 0.9871917963027954
            },
            {
                "x": 0.5587717890739441,
                "y": 0.3381143808364868,
                "z": -1.5845050811767578,
                "visibility": 0.9874688386917114
            },
            {
                "x": 0.5886110067367554,
                "y": 0.3339778184890747,
                "z": -1.5844300985336304,
                "visibility": 0.9865338802337646
            },
            {
                "x": 0.40763717889785767,
                "y": 0.36090540885925293,
                "z": -1.580809473991394,
                "visibility": 0.9856172204017639
            },
            {
                "x": 0.37676382064819336,
                "y": 0.3651186227798462,
                "z": -1.5809173583984375,
                "visibility": 0.9863824844360352
            },
            {
                "x": 0.3507612943649292,
                "y": 0.37069547176361084,
                "z": -1.5821446180343628,
                "visibility": 0.9862650036811829
            },
            {
                "x": 0.6309074759483337,
                "y": 0.36536502838134766,
                "z": -0.7629585266113281,
                "visibility": 0.9901168942451477
            },
            {
                "x": 0.33007776737213135,
                "y": 0.4107069969177246,
                "z": -0.716485857963562,
                "visibility": 0.9890282154083252
            },
            {
                "x": 0.5587251782417297,
                "y": 0.5215712785720825,
                "z": -1.4120415449142456,
                "visibility": 0.982528030872345
            },
            {
                "x": 0.4171416759490967,
                "y": 0.5359350442886353,
                "z": -1.4014431238174438,
                "visibility": 0.9799515604972839
            },
            {
                "x": 0.9143787622451782,
                "y": 0.8586474657058716,
                "z": -0.4047205448150635,
                "visibility": 0.7649422883987427
            },
            {
                "x": 0.15852957963943481,
                "y": 0.8423446416854858,
                "z": -0.5451017618179321,
                "visibility": 0.7846524715423584
            },
            {
                "x": 1.0880017280578613,
                "y": 1.1460131406784058,
                "z": -1.5797441005706787,
                "visibility": 0.09687644988298416
            },
            {
                "x": 0.03263038396835327,
                "y": 1.2939488887786865,