{
    "face": {
        "face_count": 1,
        "face_embeddings": [
            [
                -0.05569055676460266,
                0.08045598864555359,
                0.05981536582112312,
                -0.09603363275527954,
                -0.11649220436811447,
                -0.0042468407191336155,
                -0.0857635885477066,
                -0.06324337422847748,
                0.15190519392490387,
                -0.16751638054847717,
                0.15702694654464722,
                -0.11299533396959305,
                -0.20939719676971436,
                -0.04759987071156502,
                -0.08197228610515594,
                0.24919351935386658,
                -0.17678774893283844,
                -0.17136113345623016,
                -0.0229507926851511,
                0.04032029211521149,
                0.09731260687112808,
                0.06675073504447937,
                -0.01794993318617344,
                0.04633692279458046,
                -0.12696722149848938,
                -0.3681182265281677,
                -0.09036833047866821,
                -0.05822297930717468,
                -0.08888538926839828,
                -0.1094990000128746,
                -0.061265550553798676,
                0.08227071911096573,
                -0.15757571160793304,
                0.006686056032776833,
                0.02563665620982647,
                0.12302818894386292,
                0.0321928970515728,
                -0.09556256979703903,
                0.12547743320465088,
                0.05210050195455551,
                -0.36012089252471924,
                0.08650007843971252,
                0.072745680809021,
                0.2630978524684906,
                0.15295161306858063,
                -0.04263681545853615,
                -0.011100580915808678,
                -0.09360820800065994,
                0.1106860563158989,
                -0.16703230142593384,
                -0.02449653670191765,
                0.13147558271884918,
                0.022320784628391266,
                0.028899433091282845,
                0.025248203426599503,
                -0.0739450752735138,
                0.03070589154958725,
                0.08014123141765594,
                -0.11885639280080795,
                -0.019269365817308426,
                0.12918193638324738,
                -0.09953393042087555,
                -0.0011152885854244232,
                -0.11174245923757553,
                0.11715266853570938,
                0.06131073459982872,
                -0.08992184698581696,
                -0.2363448143005371,
                0.07433192431926727,
                -0.18659648299217224,
                -0.08982979506254196,
                0.0871623158454895,
                -0.1441609114408493,
                -0.1582111418247223,
                -0.27222755551338196,
                -0.04519697278738022,
                0.3287641406059265,
                0.10543576627969742,
                -0.16719523072242737,
                0.09068939834833145,
                0.023208053782582283,
                0.007011391222476959,
                0.13040845096111298,
                0.20954568684101105,
                0.07205609977245331,
                0.1372283399105072,
                -0.07110365480184555,
                0.04176643490791321,
                0.260620653629303,
                -0.07428242266178131,
                0.006249709520488977,
                0.2331489622592926,
                -0.02275768481194973,
                0.05414079129695892,
                0.026787227019667625,
                0.0021708449348807335,
                -0.033624231815338135,
                0.044376298785209656,
                -0.12705020606517792,
                0.038702432066202164,
                0.007818648591637611,
                -0.06355160474777222,
                -0.05749783664941788,
                0.07937034964561462,
                -0.15113826096057892,
                0.10568557679653168,
                -0.013655487447977066,
                0.030600382015109062,
                -0.006710355170071125,
                0.05230093374848366,
                -0.08414614945650101,
                -0.03786589950323105,
                0.14527297019958496,
                -0.1919647604227066,
                0.14825403690338135,
                0.1935618668794632,
                0.04641873762011528,
                0.04681829363107681,
                0.13072523474693298,
                0.07437477260828018,
                -0.020799610763788223,
                -0.03937163203954697,
                -0.21608714759349823,
                -0.04492896422743797,
                0.08182670921087265,
                -0.038261521607637405,
                0.07228406518697739,
                -0.02341810241341591
            ]
        ]
    },
    "hand": {
        "hand_count": 0,
        "hand_landmarks": []
    },
    "body": {
        "landmark_count": 33,
        "landmarks": [
            {
                "x": 0.5178356170654297,
                "y": 0.45684683322906494,
                "z": -1.2342309951782227,
                "visibility": 0.9997603297233582
            },
            {
                "x": 0.5773641467094421,
                "y": 0.3594391345977783,
                "z": -1.176387071609497,
                "visibility": 0.999460756778717
            },
            {
                "x": 0.6093317866325378,
                "y": 0.35736358165740967,
                "z": -1.1763584613800049,
                "visibility": 0.9993593096733093
            },
            {
                "x": 0.6397076845169067,
                "y": 0.3552689552307129,
                "z": -1.1770496368408203,
                "visibility": 0.9994038343429565
            },
            {
                "x": 0.4572177529335022,
                "y": 0.36479127407073975,
                "z": -1.1720284223556519,
                "visibility": 0.9996606111526489
            },
            {
                "x": 0.4174249768257141,
                "y": 0.36537158489227295,
                "z": -1.170762062072754,
                "visibility": 0.9996562004089355
            },
            {
                "x": 0.38524287939071655,
                "y": 0.3653610944747925,
                "z": -1.1714389324188232,
                "visibility": 0.9997350573539734
            },
            {
                "x": 0.691512942314148,
                "y": 0.378129243850708,
                "z": -0.596795916557312,
                "visibility": 0.9992074370384216
            },
            {
                "x": 0.35101187229156494,
                "y": 0.3942222595214844,
                "z": -0.5351628661155701,
                "visibility": 0.9997870326042175
            },
            {
                "x": 0.5834348797798157,
                "y": 0.5418057441711426,
                "z": -1.0012863874435425,
                "visibility": 0.9997819066047668
            },
            {
                "x": 0.4527847170829773,
                "y": 0.5456545352935791,
                "z": -0.9838871359825134,
                "visibility": 0.9998705387115479
            },
            {
                "x": 0.8684696555137634,
                "y": 0.725379228591919,
                "z": -0.2228080928325653,
                "visibility": 0.998406708240509
            },
            {
                "x": 0.15575382113456726,
                "y": 0.830863356590271,
                "z": -0.29833993315696716,
                "visibility": 0.9997897744178772
            },
            {
                "x": 1.0908679962158203,
                "y": 1.2162463665008545,
                "z": -0.11825732886791229,
                "visibility": 0.3167572021484375
            },
            {
                "x": 0.07977607846260071,
                "y": 1.3429875373840332,