{
    "face": {
        "face_count": 1,
        "face_embeddings": [
            [
                -0.1076941192150116,
                0.08504942059516907,
                0.07553598284721375,
                -0.08787161111831665,
                -0.14599868655204773,
                -0.00804709829390049,
                -0.09933503717184067,
                -0.11505458503961563,
                0.09924546629190445,
                -0.16342246532440186,
                0.16276182234287262,
                -0.06230378895998001,
                -0.17443697154521942,
                0.0027786605060100555,
                -0.07315482199192047,
                0.23112589120864868,
                -0.1797247976064682,
                -0.143587127327919,
                0.005580253899097443,
                0.04687543213367462,
                0.13230474293231964,
                0.052485380321741104,
                -0.043648745864629745,
                0.0387120246887207,
                -0.0845670998096466,
                -0.2993484437465668,
                -0.14199648797512054,
                -0.022797463461756706,
                -0.11049097776412964,
                -0.06084062531590462,
                -0.06963782757520676,
                0.06144127622246742,
                -0.1516503393650055,
                0.017540978267788887,
                -0.002349957823753357,
                0.1364361047744751,
                0.004043439403176308,
                -0.10356743633747101,
                0.08807851374149323,
                0.012500502169132233,
                -0.28403350710868835,
                0.08990897238254547,
                0.1625944972038269,
                0.217816561460495,
                0.16894203424453735,
                -0.060169827193021774,
                0.006021106615662575,
                -0.06795936822891235,
                0.07749003171920776,
                -0.16639287769794464,
                -0.04667741432785988,
                0.11174536496400833,
                0.09980016946792603,
                0.05945076048374176,
                0.059043675661087036,
                -0.09299726039171219,
                0.040054865181446075,
                0.09133155643939972,
                -0.1065756231546402,
                0.014378703199326992,
                0.11064129322767258,
                -0.11238254606723785,
                0.014593890868127346,
                -0.12403696775436401,
                0.1516115516424179,
                0.10335306823253632,
                -0.08019828051328659,
                -0.2184232473373413,
                0.11041758209466934,
                -0.1481950581073761,
                -0.15385891497135162,
                0.04679879546165466,
                -0.17485661804676056,
                -0.1898600161075592,
                -0.2842537462711334,
                -0.028260018676519394,
                0.2938465178012848,
                0.1416453868150711,
                -0.1785144954919815,
                0.1095074862241745,
                0.043261535465717316,
                -0.01823604479432106,
                0.08723662793636322,
                0.1993066668510437,
                0.09695889055728912,
                0.10100877285003662,
                -0.11333422362804413,
                0.04122597724199295,
                0.2563264071941376,
                -0.08374297618865967,
                0.04122953489422798,
                0.218515545129776,
                0.01713745668530464,
                0.024219563230872154,
                0.0151060800999403,
                0.026633869856595993,
                -0.03391825407743454,
                0.015814373269677162,
                -0.1857610046863556,
                0.023474926128983498,
                -0.07725194841623306,
                -0.06608495116233826,
                -0.07916481792926788,
                0.09827328473329544,
                -0.11635396629571915,
                0.08127814531326294,
                -0.02005787193775177,
                -0.013996494002640247,
                -0.11910485476255417,
                4.995160270482302e-05,
                -0.07723399251699448,
                0.011594124138355255,
                0.109779953956604,
                -0.169846311211586,
                0.13026751577854156,
                0.17634767293930054,
                0.010310112498700619,
                0.06744478642940521,
                0.09862817823886871,
                0.10224485397338867,
                -0.01975288987159729,
                -0.04785577952861786,
                -0.20210188627243042,
                -0.05796658620238304,
                0.0634102150797844,
                -0.04763985425233841,
                0.042236268520355225,
                0.03507804870605469
            ]
        ]
    },
    "hand": {
        "hand_count": 1,
        "hand_landmarks": [
            [
                {
                    "x": 0.467288076877594,
                    "y": 0.6687542796134949,
                    "z": 1.8337706819693267e-07,
                    "visibility": 0.0
                },
                {
                    "x": 0.42730534076690674,
                    "y": 0.6295964121818542,
                    "z": 0.012332300655543804,
                    "visibility": 0.0
                },
                {
                    "x": 0.41048136353492737,
                    "y": 0.5709762573242188,
                    "z": -0.00012330878234934062,
                    "visibility": 0.0
                },
                {
                    "x": 0.42257219552993774,
                    "y": 0.5163453221321106,
                    "z": -0.01387546956539154,
                    "visibility": 0.0
                },
                {
                    "x": 0.43789052963256836,
                    "y": 0.48107075691223145,
                    "z": -0.02751404605805874,
                    "visibility": 0.0
                },
                {
                    "x": 0.3751610517501831,
                    "y": 0.5598595142364502,
                    "z": -0.05066255107522011,
                    "visibility": 0.0
                },
                {
                    "x": 0.37259259819984436,
                    "y": 0.48786109685897827,
                    "z": -0.08148215711116791,
                    "visibility": 0.0
                },
                {
                    "x": 0.38829851150512695,
                    "y": 0.4439750015735626,
                    "z": -0.09516261518001556,
                    "visibility": 0.0
                },
                {
                    "x": 0.4064338505268097,
                    "y": 0.41477668285369873,
                    "z": -0.1000329777598381,
                    "visibility": 0.0
                },
                {
                    "x": 0.40309327840805054,
                    "y": 0.5701057314872742,
                    "z": -0.0685998946428299,
                    "visibility": 0.0
                },
                {
                    "x": 0.46951979398727417,
                    "y": 0.4876527786254883,
                    "z": -0.09457628428936005,
                    "visibility": 0.0
                },
                {
                    "x": 0.4984668493270874,
                    "y": 0.506111741065979,
                    "z": -0.08628392219543457,
                    "visibility": 0.0
                },
                {
                    "x": 0.49648165702819824,
                    "y": 0.5285959243774414,
                    "z": -0.0758555606007576,
                    "visibility": 0.0
                },
                {
                    "x": 0.4444444179534912,
                    "y": 0.5793532729148865,
                    "z": -0.08307787030935287,