{
    "face": {
        "face_count": 1,
        "face_embeddings": [
            [
                -0.09735352545976639,
                0.09350694715976715,
                0.11398118734359741,
                -0.09987499564886093,
                -0.1251203864812851,
                0.00826809648424387,
                -0.09036199748516083,
                -0.09128963202238083,
                0.09624458849430084,
                -0.2251901626586914,
                0.22184216976165771,
                -0.10424765944480896,
                -0.24352090060710907,
                -0.01807529293000698,
                -0.04465634375810623,
                0.22995254397392273,
                -0.14039678871631622,
                -0.17433017492294312,
                -0.03431883081793785,
                0.03894423693418503,
                0.09772952646017075,
                0.09216862916946411,
                -0.026999451220035553,
                0.015390988439321518,
                -0.10057772696018219,
                -0.3731382489204407,
                -0.1381356120109558,
                -0.017371565103530884,
                -0.10774881392717361,
                -0.049033183604478836,
                -0.045711223036050797,
                0.018625525757670403,
                -0.16410259902477264,
                0.01503472775220871,
                0.028765179216861725,
                0.1293940246105194,
                0.02054404467344284,
                -0.0876690074801445,
                0.07426487654447556,
                0.011369343847036362,
                -0.33092939853668213,
                0.07148715853691101,
                0.12644609808921814,
                0.2504814863204956,
                0.16410936415195465,
                -0.030531195923686028,
                -0.01018236018717289,
                -0.10470332205295563,
                0.10984278470277786,
                -0.18434256315231323,
                0.01636495627462864,
                0.10692663490772247,
                0.06093594431877136,
                0.07733152061700821,
                0.04288141056895256,
                -0.10724591463804245,
                0.0336402989923954,
                0.1290489137172699,
                -0.09447866678237915,
                -0.008469441905617714,
                0.13019989430904388,
                -0.09172658622264862,
                0.0404316708445549,
                -0.10578653216362,
                0.15268436074256897,
                0.04976856708526611,
                -0.11574634909629822,
                -0.24933750927448273,
                0.08805319666862488,
                -0.16384479403495789,
                -0.0986340120434761,
                0.06981168687343597,
                -0.2089913785457611,
                -0.18435633182525635,
                -0.31287333369255066,
                0.025413107126951218,
                0.26491060853004456,
                0.13220584392547607,
                -0.14744597673416138,
                0.09220927208662033,
                0.04594206437468529,
                0.05258861556649208,
                0.08634529262781143,
                0.2099437415599823,
                0.10361208021640778,
                0.11507607251405716,
                -0.10309713333845139,
                0.05725861340761185,
                0.2668866515159607,
                -0.11297672986984253,
                0.008998284116387367,
                0.26916494965553284,
                -0.03671218082308769,
                0.05298946052789688,
                0.03513867408037186,
                0.0407252199947834,
                -0.0672169178724289,
                0.006010500714182854,
                -0.2025797814130783,
                0.0449952706694603,
                -0.04898025840520859,
                -0.01603519171476364,
                -0.07010922580957413,
                0.09503216296434402,
                -0.12381564825773239,
                0.11875353753566742,
                -0.05032894387841225,
                0.02323693037033081,
                -0.08569660037755966,
                -0.02156645990908146,
                -0.07080436497926712,
                -0.02111472189426422,
                0.1169799417257309,
                -0.15413250029087067,
                0.15856090188026428,
                0.18239600956439972,
                0.0894821360707283,
                0.08448442071676254,
                0.16205547749996185,
                0.041009582579135895,
                0.0034564430825412273,
                -0.04597075283527374,
                -0.22195424139499664,
                -0.0406576432287693,
                0.08736484497785568,
                -0.03970155864953995,
                0.055650271475315094,
                0.004067891743034124
            ]
        ]
    },
    "hand": {
        "hand_count": 0,
        "hand_landmarks": []
    },
    "body": {
        "landmark_count": 33,
        "landmarks": [
            {
                "x": 0.6055283546447754,
                "y": 0.3428288698196411,
                "z": -1.5845417976379395,
                "visibility": 0.999735414981842
            },
            {
                "x": 0.6200871467590332,
                "y": 0.28175294399261475,
                "z": -1.4314745664596558,
                "visibility": 0.999541163444519
            },
            {
                "x": 0.6426246166229248,
                "y": 0.2816929817199707,
                "z": -1.4322218894958496,
                "visibility": 0.9994838237762451
            },
            {
                "x": 0.66204833984375,
                "y": 0.28286170959472656,
                "z": -1.4323242902755737,
                "visibility": 0.9993532299995422
            },
            {
                "x": 0.5299444794654846,
                "y": 0.28178665041923523,
                "z": -1.5381200313568115,
                "visibility": 0.9997212290763855
            },
            {
                "x": 0.4837144911289215,
                "y": 0.2829713821411133,
                "z": -1.5383148193359375,
                "visibility": 0.9997872710227966
            },
            {
                "x": 0.43559494614601135,
                "y": 0.28720104694366455,
                "z": -1.5396074056625366,
                "visibility": 0.9997920393943787
            },
            {
                "x": 0.6513621807098389,
                "y": 0.31477832794189453,
                "z": -0.6479783654212952,
                "visibility": 0.9991543292999268
            },
            {
                "x": 0.3234660029411316,
                "y": 0.3299828767776489,
                "z": -1.0996450185775757,
                "visibility": 0.9999094009399414
            },
            {
                "x": 0.6365770697593689,
                "y": 0.4197312593460083,
                "z": -1.2941282987594604,
                "visibility": 0.9996383190155029
            },
            {
                "x": 0.5277755260467529,
                "y": 0.42480897903442383,
                "z": -1.4234213829040527,
                "visibility": 0.9999005794525146
            },
            {
                "x": 0.7693953514099121,
                "y": 0.6966195702552795,
                "z": 0.09339267015457153,
                "visibility": 0.9841358661651611
            },
            {
                "x": 0.09034261107444763,
                "y": 0.7610408663749695,
                "z": -1.2107456922531128,
                "visibility": 0.9977007508277893
            },
            {
                "x": 0.9114247560501099,
                "y": 0.974719762802124,
                "z": 0.5350395441055298,
                "visibility": 0.027958624064922333
            },
            {
                "x": -0.24283775687217712,
                "y": 1.2384743690490723,