{
    "face": {
        "face_count": 1,
        "face_embeddings": [
            [
                -0.03790194168686867,
                0.043711382895708084,
                0.08279501646757126,
                -0.07138193398714066,
                -0.12594152987003326,
                -0.01405109092593193,
                -0.08699022233486176,
                -0.089906245470047,
                0.10914034396409988,
                -0.15839247405529022,
                0.20842133462429047,
                -0.101162850856781,
                -0.2486943155527115,
                -0.019209396094083786,
                -0.11555692553520203,
                0.23076291382312775,
                -0.16298812627792358,
                -0.1306481808423996,
                -0.03752753883600235,
                0.06850771605968475,
                0.0887119397521019,
                0.08264819532632828,
                0.013084938749670982,
                0.009237061254680157,
                -0.13316388428211212,
                -0.3571301996707916,
                -0.1353534758090973,
                -0.020974650979042053,
                -0.11642152070999146,
                -0.06323619186878204,
                -0.05685282498598099,
                0.029704995453357697,
                -0.1677887737751007,
                0.01018327847123146,
                0.03651867061853409,
                0.10924449563026428,
                0.03504600375890732,
                -0.0855088159441948,
                0.10321258753538132,
                0.04432316869497299,
                -0.31941691040992737,
                0.10427027940750122,
                0.07327374815940857,
                0.2542761564254761,
                0.1470772922039032,
                0.015754565596580505,
                -0.004635440185666084,
                -0.13733477890491486,
                0.09299913793802261,
                -0.20605532824993134,
                0.01980850286781788,
                0.08906774967908859,
                0.041603006422519684,
                0.006225538440048695,
                0.011560999788343906,
                -0.07901456952095032,
                0.016001533716917038,
                0.18978676199913025,
                -0.12604780495166779,
                0.02586006373167038,
                0.12704187631607056,
                -0.08318214118480682,
                0.034509897232055664,
                -0.1004721000790596,
                0.15578946471214294,
                0.05311572179198265,
                -0.1260654628276825,
                -0.19681915640830994,
                0.09123747050762177,
                -0.17512093484401703,
                -0.07971004396677017,
                0.05685379356145859,
                -0.1339823305606842,
                -0.21282190084457397,
                -0.3260384798049927,
                -0.012536374852061272,
                0.29656746983528137,
                0.11987154185771942,
                -0.18531014025211334,
                0.05439898744225502,
                0.0067724683322012424,
                0.07423101365566254,
                0.1343456655740738,
                0.1524227261543274,
                0.06981240957975388,
                0.09976085275411606,
                -0.14760617911815643,
                0.022850684821605682,
                0.30055034160614014,
                -0.11413858085870743,
                0.022246411070227623,
                0.3020484149456024,
                -0.0239669568836689,
                0.047065287828445435,
                0.015332577750086784,
                0.024451369419693947,
                -0.05887199938297272,
                0.028824778273701668,
                -0.16902455687522888,
                0.05132659152150154,
                0.014409191906452179,
                -0.02156861685216427,
                -0.04244964197278023,
                0.09230764210224152,
                -0.14183682203292847,
                0.07684440165758133,
                -0.05009768530726433,
                -0.009914441034197807,
                -0.0071529787965118885,
                -0.040814198553562164,
                -0.10332483053207397,
                -0.048520345240831375,
                0.16296575963497162,
                -0.20843550562858582,
                0.15303979814052582,
                0.187600776553154,
                0.083625428378582,
                0.07628966867923737,
                0.1483764946460724,
                0.03885996341705322,
                -0.023463362827897072,
                -0.06347165256738663,
                -0.23092760145664215,
                -0.02905084192752838,
                0.1058700829744339,
                -0.0606793537735939,
                0.09135831147432327,
                -0.003550930880010128
            ]
        ]
    },
    "hand": {
        "hand_count": 0,
        "hand_landmarks": []
    },
    "body": {
        "landmark_count": 33,
        "landmarks": [
            {
                "x": 0.5679402947425842,
                "y": 0.37261438369750977,
                "z": -0.7644663453102112,
                "visibility": 0.9990208148956299
            },
            {
                "x": 0.5697147846221924,
                "y": 0.27353227138519287,
                "z": -0.698727011680603,
                "visibility": 0.9979128241539001
            },
            {
                "x": 0.5840678811073303,
                "y": 0.26723241806030273,
                "z": -0.6986568570137024,
                "visibility": 0.9981362819671631
            },
            {
                "x": 0.5977203845977783,
                "y": 0.26313138008117676,
                "z": -0.6990236043930054,
                "visibility": 0.9978010058403015
            },
            {
                "x": 0.519271969795227,
                "y": 0.297088623046875,
                "z": -0.7412110567092896,
                "visibility": 0.9983356595039368
            },
            {
                "x": 0.49665147066116333,
                "y": 0.3093540668487549,
                "z": -0.7409679293632507,
                "visibility": 0.9986705780029297
            },
            {
                "x": 0.4716268479824066,
                "y": 0.32271885871887207,
                "z": -0.7417247295379639,
                "visibility": 0.9986042380332947
            },
            {
                "x": 0.6004930734634399,
                "y": 0.3177074193954468,
                "z": -0.3457515835762024,
                "visibility": 0.9977339506149292
            },
            {
                "x": 0.411905974149704,
                "y": 0.39445793628692627,
                "z": -0.5175605416297913,
                "visibility": 0.9991186261177063
            },
            {
                "x": 0.6007837653160095,
                "y": 0.4815867245197296,
                "z": -0.6304848194122314,
                "visibility": 0.9988753199577332
            },
            {
                "x": 0.5396592617034912,
                "y": 0.5128504037857056,
                "z": -0.6793671250343323,
                "visibility": 0.9993638396263123
            },
            {
                "x": 0.7805126905441284,
                "y": 0.9433022737503052,
                "z": -0.07860318571329117,
                "visibility": 0.9922836422920227
            },
            {
                "x": 0.27616527676582336,
                "y": 1.0298596620559692,
                "z": -0.554908812046051,
                "visibility": 0.9982253909111023
            },
            {
                "x": 0.8683246374130249,
                "y": 1.5539380311965942,
                "z": 0.07374175637960434,
                "visibility": 0.04951679706573486
            },
            {
                "x": 0.23081514239311218,
                "y": 1.6305534839630127,