{
    "face": {
        "face_count": 1,
        "face_embeddings": [
            [
                -0.09587150067090988,
                0.095367930829525,
                0.0664592832326889,
                -0.09673961251974106,
                -0.1549244076013565,
                -0.06098736822605133,
                -0.08169180899858475,
                -0.0807940885424614,
                0.10002653300762177,
                -0.18840157985687256,
                0.19385820627212524,
                -0.12252487242221832,
                -0.2153960019350052,
                -0.006748126354068518,
                -0.04907435178756714,
                0.231965571641922,
                -0.19029293954372406,
                -0.1156499832868576,
                -0.03003450110554695,
                0.02283572405576706,
                0.09743086993694305,
                0.0356123261153698,
                -0.017273303121328354,
                0.04799108952283859,
                -0.099683478474617,
                -0.3626628816127777,
                -0.10810845345258713,
                -0.031157149001955986,
                -0.1124173253774643,
                -0.058459244668483734,
                -0.04513520002365112,
                0.053313300013542175,
                -0.14975883066654205,
                -0.04223846644163132,
                0.006516887806355953,
                0.10241672396659851,
                0.0072671775706112385,
                -0.07599661499261856,
                0.10517162084579468,
                0.014025559648871422,
                -0.30663299560546875,
                0.04215884953737259,
                0.14635911583900452,
                0.24646681547164917,
                0.17769744992256165,
                -0.033441800624132156,
                0.005888406187295914,
                -0.10231254994869232,
                0.11065563559532166,
                -0.20360705256462097,
                -0.019389480352401733,
                0.08748799562454224,
                0.06857544183731079,
                0.05262856185436249,
                0.06523072719573975,
                -0.07459849864244461,
                0.05219632387161255,
                0.14058461785316467,
                -0.10838340222835541,
                0.00916820764541626,
                0.13707150518894196,
                -0.037637751549482346,
                0.045714013278484344,
                -0.08735387772321701,
                0.22548283636569977,
                0.06931348145008087,
                -0.11238320171833038,
                -0.19311639666557312,
                0.08456595987081528,
                -0.1576160341501236,
                -0.12734760344028473,
                0.05559054762125015,
                -0.14123883843421936,
                -0.19077293574810028,
                -0.3102304935455322,
                -0.022558392956852913,
                0.3149036765098572,
                0.12459494173526764,
                -0.16631963849067688,
                0.06724721938371658,
                -0.030131254345178604,
                -0.025739366188645363,
                0.14128687977790833,
                0.17467422783374786,
                0.07024276256561279,
                0.0731959342956543,
                -0.09135286509990692,
                0.021998250856995583,
                0.2799633741378784,
                -0.08050733804702759,
                0.0089639313519001,
                0.2747870087623596,
                0.008322086185216904,
                0.04832089692354202,
                0.024573756381869316,
                0.015605652704834938,
                -0.09047406166791916,
                0.03561193123459816,
                -0.18232129514217377,
                0.020432299003005028,
                -0.01436866819858551,
                -0.0765836238861084,
                -0.0647931694984436,
                0.1063053235411644,
                -0.1709575653076172,
                0.09139224141836166,
                -0.028434695675969124,
                0.03780099377036095,
                -0.03570599481463432,
                0.02529991790652275,
                -0.11118818819522858,
                -0.0452255941927433,
                0.12585605680942535,
                -0.1851940155029297,
                0.1284516304731369,
                0.1846494972705841,
                0.052621349692344666,
                0.06348054111003876,
                0.14801311492919922,
                0.03817469999194145,
                0.014091506600379944,
                -0.04082060605287552,
                -0.19806326925754547,
                -0.0075432853773236275,
                0.09616830199956894,
                -0.060705456882715225,
                0.054384615272283554,
                0.01339769922196865
            ]
        ]
    },
    "hand": {
        "hand_count": 0,
        "hand_landmarks": []
    },
    "body": {
        "landmark_count": 33,
        "landmarks": [
            {
                "x": 0.6064550876617432,
                "y": 0.4167402982711792,
                "z": -1.6859073638916016,
                "visibility": 0.9987006187438965
            },
            {
                "x": 0.6411147117614746,
                "y": 0.3427095413208008,
                "z": -1.5387519598007202,
                "visibility": 0.9973546266555786
            },
            {
                "x": 0.6713234186172485,
                "y": 0.3413503170013428,
                "z": -1.5392926931381226,
                "visibility": 0.9967221617698669
            },
            {
                "x": 0.6987080574035645,
                "y": 0.3405618667602539,
                "z": -1.5395913124084473,
                "visibility": 0.9967781901359558
            },
            {
                "x": 0.5234749913215637,
                "y": 0.3469773530960083,
                "z": -1.6301096677780151,
                "visibility": 0.998561680316925
            },
            {
                "x": 0.46752282977104187,
                "y": 0.3486133813858032,
                "z": -1.6295894384384155,
                "visibility": 0.998807430267334
            },
            {
                "x": 0.42162150144577026,
                "y": 0.35210156440734863,
                "z": -1.6309233903884888,
                "visibility": 0.9990072846412659
            },
            {
                "x": 0.7188169956207275,
                "y": 0.37116456031799316,
                "z": -0.7065204977989197,
                "visibility": 0.9944612979888916
            },
            {
                "x": 0.3442913889884949,
                "y": 0.3959251344203949,
                "z": -1.079852819442749,
                "visibility": 0.999388575553894
            },
            {
                "x": 0.6530658006668091,
                "y": 0.5005733966827393,
                "z": -1.367067575454712,
                "visibility": 0.9985840320587158
            },
            {
                "x": 0.5215882062911987,
                "y": 0.5106290578842163,
                "z": -1.4755412340164185,
                "visibility": 0.9994825124740601
            },
            {
                "x": 0.8673495650291443,
                "y": 0.7521346807479858,
                "z": 0.10581298917531967,
                "visibility": 0.9892878532409668
            },
            {
                "x": 0.11133790016174316,
                "y": 0.8592284917831421,
                "z": -1.0613512992858887,
                "visibility": 0.9979543685913086
            },
            {
                "x": 1.1132348775863647,
                "y": 1.1946213245391846,
                "z": 0.8252955675125122,
                "visibility": 0.09463528543710709
            },
            {
                "x": -0.12685087323188782,
                "y": 1.33989679813385,