{
    "face": {
        "face_count": 1,
        "face_embeddings": [
            [
                -0.07036559283733368,
                0.06468945741653442,
                0.07007357478141785,
                -0.09330635517835617,
                -0.1283266246318817,
                0.0318317636847496,
                -0.0788622573018074,
                -0.12800860404968262,
                0.09999987483024597,
                -0.24035343527793884,
                0.20426732301712036,
                -0.09182964265346527,
                -0.24140886962413788,
                -0.024306772276759148,
                -0.07260573655366898,
                0.23049095273017883,
                -0.13724350929260254,
                -0.1813434660434723,
                -0.003738253377377987,
                0.002289033494889736,
                0.06048285961151123,
                0.055696479976177216,
                -0.006953882053494453,
                0.02945154532790184,
                -0.1452147662639618,
                -0.30760133266448975,
                -0.1728220134973526,
                -0.02785908803343773,
                -0.09701775759458542,
                -0.07017400860786438,
                -0.06779342144727707,
                0.06802961975336075,
                -0.12626266479492188,
                0.03447248041629791,
                0.02492830529808998,
                0.15324236452579498,
                0.024138562381267548,
                -0.07513786852359772,
                0.09622137248516083,
                0.031733982264995575,
                -0.28658202290534973,
                0.09948527812957764,
                0.10878525674343109,
                0.27445805072784424,
                0.1687946915626526,
                -0.048039671033620834,
                -0.016705449670553207,
                -0.14565061032772064,
                0.1143794134259224,
                -0.16972801089286804,
                0.039895541965961456,
                0.09940630942583084,
                0.055772483348846436,
                0.08272305130958557,
                0.021903924643993378,
                -0.06877559423446655,
                0.036392372101545334,
                0.14504146575927734,
                -0.08866776525974274,
                0.013321591541171074,
                0.13273456692695618,
                -0.09480860829353333,
                0.0075124334543943405,
                -0.1095905750989914,
                0.13768233358860016,
                0.0919722467660904,
                -0.11660564690828323,
                -0.2574916183948517,
                0.0886927917599678,
                -0.17845968902111053,
                -0.13582217693328857,
                0.08187773823738098,
                -0.185664564371109,
                -0.1706189215183258,
                -0.2955363392829895,
                0.028931517153978348,
                0.2713637351989746,
                0.14990273118019104,
                -0.15275311470031738,
                0.09501855820417404,
                0.05114024505019188,
                0.038959257304668427,
                0.12943372130393982,
                0.20317906141281128,
                0.07765021175146103,
                0.072154201567173,
                -0.09368816018104553,
                0.05018993839621544,
                0.2656658887863159,
                -0.11323650181293488,
                -0.005692264065146446,
                0.2534499764442444,
                -0.027921993285417557,
                0.08065171539783478,
                0.05142328515648842,
                0.07513216882944107,
                -0.06552830338478088,
                0.03415849432349205,
                -0.19271306693553925,
                0.023377060890197754,
                -0.002752212807536125,
                -0.034886159002780914,
                -0.054676834493875504,
                0.08337103575468063,
                -0.11467691510915756,
                0.1416630744934082,
                -0.04796573892235756,
                0.023437535390257835,
                -0.031927842646837234,
                -0.02454685978591442,
                -0.09085672348737717,
                -0.000822756439447403,
                0.14852507412433624,
                -0.20803265273571014,
                0.1530805230140686,
                0.17359910905361176,
                0.05734902247786522,
                0.0625915601849556,
                0.18521203100681305,
                0.07725643366575241,
                -0.011909401044249535,
                -0.0607885904610157,
                -0.2164735198020935,
                -0.026210948824882507,
                0.10924641788005829,
                -0.04925129562616348,
                0.054844751954078674,
                -0.004249576944857836
            ]
        ]
    },
    "hand": {
        "hand_count": 0,
        "hand_landmarks": []
    },
    "body": {
        "landmark_count": 33,
        "landmarks": [
            {
                "x": 0.5811982750892639,
                "y": 0.3956245183944702,
                "z": -2.545098066329956,
                "visibility": 0.9994187355041504
            },
            {
                "x": 0.6145056486129761,
                "y": 0.3186616897583008,
                "z": -2.3850090503692627,
                "visibility": 0.9988769888877869
            },
            {
                "x": 0.6451388597488403,
                "y": 0.3174203634262085,
                "z": -2.386625051498413,
                "visibility": 0.9989998936653137
            },
            {
                "x": 0.6735538244247437,
                "y": 0.3170766830444336,
                "z": -2.387826919555664,
                "visibility": 0.9988335967063904
            },
            {
                "x": 0.4949670732021332,
                "y": 0.3251991271972656,
                "z": -2.379957675933838,
                "visibility": 0.9987136125564575
            },
            {
                "x": 0.4418845772743225,
                "y": 0.32995378971099854,
                "z": -2.3791186809539795,
                "visibility": 0.9987598657608032
            },
            {
                "x": 0.394206166267395,
                "y": 0.3357996940612793,
                "z": -2.380472421646118,
                "visibility": 0.9985822439193726
            },
            {
                "x": 0.692225456237793,
                "y": 0.3511561155319214,
                "z": -1.4057751893997192,
                "visibility": 0.9989595413208008
            },
            {
                "x": 0.3234730362892151,
                "y": 0.3727306127548218,
                "z": -1.31972336769104,
                "visibility": 0.9988701939582825
            },
            {
                "x": 0.633675754070282,
                "y": 0.47233402729034424,
                "z": -2.1781997680664062,
                "visibility": 0.999729573726654
            },
            {
                "x": 0.4871876835823059,
                "y": 0.48202455043792725,
                "z": -2.1571109294891357,
                "visibility": 0.9996868371963501
            },
            {
                "x": 0.9467771649360657,
                "y": 0.7883274555206299,
                "z": -0.9657861590385437,
                "visibility": 0.9974520802497864
            },
            {
                "x": 0.04359215497970581,
                "y": 0.8051677346229553,
                "z": -0.7014971971511841,
                "visibility": 0.9946734309196472
            },
            {
                "x": 1.175560474395752,
                "y": 1.1984636783599854,
                "z": -1.3887237310409546,
                "visibility": 0.1778891682624817
            },
            {
                "x": -0.21957004070281982,
                "y": 1.2330398559570312,