{
    "face": {
        "face_count": 1,
        "face_embeddings": [
            [
                -0.10008983314037323,
                0.00729189720004797,
                0.050382647663354874,
                -0.07549189776182175,
                -0.09082195907831192,
                -0.043375127017498016,
                -0.08457944542169571,
                -0.1309795081615448,
                0.12735876441001892,
                -0.17430421710014343,
                0.1830534040927887,
                -0.12319274991750717,
                -0.17142105102539062,
                -0.03973403200507164,
                -0.09682421386241913,
                0.22433410584926605,
                -0.14100207388401031,
                -0.16322213411331177,
                -0.026252474635839462,
                -0.010877816937863827,
                0.08792296051979065,
                0.02580447681248188,
                -0.002819499233737588,
                0.054037466645240784,
                -0.08692726492881775,
                -0.311290442943573,
                -0.15438756346702576,
                -0.039629288017749786,
                -0.033135831356048584,
                -0.06645569205284119,
                -0.04534398019313812,
                0.10449422150850296,
                -0.17745894193649292,
                -0.002302344888448715,
                0.02335204742848873,
                0.15298110246658325,
                0.02698289044201374,
                -0.11185812950134277,
                0.11047883331775665,
                -0.015343627892434597,
                -0.29036444425582886,
                0.021000951528549194,
                0.1194024533033371,
                0.23073798418045044,
                0.11427287012338638,
                -0.008906965143978596,
                -0.009833794087171555,
                -0.14221419394016266,
                0.06755327433347702,
                -0.1313983052968979,
                0.027382954955101013,
                0.10568482428789139,
                0.06558071076869965,
                0.06601352989673615,
                0.019877735525369644,
                -0.11685982346534729,
                0.0980459526181221,
                0.09388422220945358,
                -0.14574764668941498,
                -0.00020026159472763538,
                0.1402863711118698,
                -0.11445041000843048,
                0.01688578352332115,
                -0.12508440017700195,
                0.14372706413269043,
                0.09565235674381256,
                -0.07696596533060074,
                -0.24250714480876923,
                0.10481325536966324,
                -0.17653459310531616,
                -0.06963219493627548,
                0.11126121878623962,
                -0.15651504695415497,
                -0.19533643126487732,
                -0.3443641662597656,
                -0.02437787875533104,
                0.34669220447540283,
                0.1484861522912979,
                -0.10687614232301712,
                0.08934440463781357,
                0.04255354776978493,
                -0.007074087858200073,
                0.13736237585544586,
                0.19525519013404846,
                0.03554980456829071,
                0.08313365280628204,
                -0.09606777131557465,
                0.05328669771552086,
                0.23049163818359375,
                -0.06335627287626266,
                -0.03327212855219841,
                0.15158893167972565,
                -0.03308360278606415,
                0.03684253990650177,
                -0.011850466951727867,
                0.04982299357652664,
                -0.041470594704151154,
                0.0726579800248146,
                -0.13260093331336975,
                0.06992459297180176,
                -0.04705475643277168,
                -0.010497160255908966,
                -0.04557911306619644,
                0.07647883892059326,
                -0.09406785666942596,
                0.08726625144481659,
                -0.01162211038172245,
                -0.030181173235177994,
                -0.08019371330738068,
                -0.010928552597761154,
                -0.09692798554897308,
                -0.016105856746435165,
                0.11312015354633331,
                -0.22591088712215424,
                0.1379845142364502,
                0.18631553649902344,
                0.10445117950439453,
                0.1113894134759903,
                0.11676634848117828,
                0.11873885989189148,
                -0.016544271260499954,
                -0.07207229733467102,
                -0.2315898835659027,
                -0.005298987030982971,
                0.08611411601305008,
                -0.04353776201605797,
                0.0795530155301094,
                0.029779400676488876
            ]
        ]
    },
    "hand": {
        "hand_count": 0,
        "hand_landmarks": []
    },
    "body": {
        "landmark_count": 33,
        "landmarks": [
            {
                "x": 0.530286967754364,
                "y": 0.4218827486038208,
                "z": -2.25181245803833,
                "visibility": 0.9977813363075256
            },
            {
                "x": 0.6204898953437805,
                "y": 0.3484245538711548,
                "z": -2.1371872425079346,
                "visibility": 0.9969180822372437
            },
            {
                "x": 0.6617370247840881,
                "y": 0.3478316068649292,
                "z": -2.1383888721466064,
                "visibility": 0.995729386806488
            },
            {
                "x": 0.7003862261772156,
                "y": 0.3473888635635376,
                "z": -2.1389129161834717,
                "visibility": 0.9949856996536255
            },
            {
                "x": 0.4765033721923828,
                "y": 0.34768521785736084,
                "z": -2.1057019233703613,
                "visibility": 0.9977468848228455
            },
            {
                "x": 0.4355425238609314,
                "y": 0.3460228443145752,
                "z": -2.1050221920013428,
                "visibility": 0.9978095889091492
            },
            {
                "x": 0.4028448760509491,
                "y": 0.34440839290618896,
                "z": -2.106332540512085,
                "visibility": 0.998333752155304
            },
            {
                "x": 0.7736412286758423,
                "y": 0.3725820779800415,
                "z": -1.310817837715149,
                "visibility": 0.9946881532669067
            },
            {
                "x": 0.39726027846336365,
                "y": 0.36403965950012207,
                "z": -1.1278916597366333,
                "visibility": 0.9987378716468811
            },
            {
                "x": 0.608889102935791,
                "y": 0.5048025846481323,
                "z": -1.9342589378356934,
                "visibility": 0.9986386895179749
            },
            {
                "x": 0.46198219060897827,
                "y": 0.5062438249588013,
                "z": -1.8863321542739868,
                "visibility": 0.9993058443069458
            },
            {
                "x": 0.9252901077270508,
                "y": 0.7516737580299377,
                "z": -0.8011575937271118,
                "visibility": 0.9223995804786682
            },
            {
                "x": 0.20659318566322327,
                "y": 0.7478262186050415,
                "z": -0.5359711050987244,
                "visibility": 0.9912942051887512
            },
            {
                "x": 1.323134183883667,
                "y": 1.1678440570831299,
                "z": -1.2074575424194336,
                "visibility": 0.25346317887306213
            },
            {
                "x": -0.007729530334472656,
                "y": 1.1886037588119507,