{
    "face": {
        "face_count": 1,
        "face_embeddings": [
            [
                -0.11395934224128723,
                0.10784502327442169,
                0.04581398144364357,
                -0.05634148791432381,
                -0.14469873905181885,
                -0.003307617735117674,
                -0.062290530651807785,
                -0.09932118654251099,
                0.14218857884407043,
                -0.14255261421203613,
                0.1819305270910263,
                -0.12195827811956406,
                -0.1934676617383957,
                -0.05359279736876488,
                -0.06697888672351837,
                0.2509472668170929,
                -0.16720439493656158,
                -0.16888079047203064,
                0.045288730412721634,
                0.046209871768951416,
                0.13664446771144867,
                0.030202917754650116,
                -0.056543417274951935,
                0.06798404455184937,
                -0.10713288187980652,
                -0.32464057207107544,
                -0.14451920986175537,
                -0.043444111943244934,
                -0.06690189242362976,
                -0.12959738075733185,
                -0.04735558480024338,
                0.06774409115314484,
                -0.15883955359458923,
                -0.04726480320096016,
                -0.00313007365912199,
                0.12459935992956161,
                -0.017177565023303032,
                -0.07643178850412369,
                0.10513409227132797,
                0.028121914714574814,
                -0.2891294062137604,
                0.07518845051527023,
                0.12175288796424866,
                0.26891466975212097,
                0.13426315784454346,
                0.03490043058991432,
                -0.0008168872445821762,
                -0.1350325495004654,
                0.050222065299749374,
                -0.14101870357990265,
                -0.026115423068404198,
                0.11462029069662094,
                0.06885918974876404,
                0.05512435361742973,
                0.0017452803440392017,
                -0.12415842711925507,
                0.03552144393324852,
                0.05783931538462639,
                -0.15851032733917236,
                0.014722293242812157,
                0.1403505951166153,
                -0.09834400564432144,
                0.03230699896812439,
                -0.1096024438738823,
                0.1835612952709198,
                0.0579485148191452,
                -0.07423939555883408,
                -0.20360669493675232,
                0.11382415145635605,
                -0.15819114446640015,
                -0.12549051642417908,
                0.08349216729402542,
                -0.13661426305770874,
                -0.19553086161613464,
                -0.3199615776538849,
                -0.013436581939458847,
                0.3580104112625122,
                0.11869189888238907,
                -0.12866303324699402,
                0.08457589894533157,
                0.03308485075831413,
                -0.010837945155799389,
                0.11203639209270477,
                0.20389612019062042,
                0.06517951190471649,
                0.05004485696554184,
                -0.0948500707745552,
                0.03797420859336853,
                0.2278003841638565,
                -0.07118888944387436,
                0.014017533510923386,
                0.16548548638820648,
                0.0008916612714529037,
                0.061841536313295364,
                0.0008894600905478001,
                0.03433851897716522,
                -0.052331648766994476,
                0.07777117192745209,
                -0.12529900670051575,
                0.016375210136175156,
                -0.05812137946486473,
                -0.04114432632923126,
                -0.031470634043216705,
                0.11107704788446426,
                -0.11857084184885025,
                0.1176288053393364,
                0.011427288874983788,
                -0.016098249703645706,
                -0.10033727437257767,
                0.03161153942346573,
                -0.10669360309839249,
                0.010028181597590446,
                0.12460212409496307,
                -0.2229682058095932,
                0.1641319841146469,
                0.18707220256328583,
                0.02896656095981598,
                0.07866904139518738,
                0.12755152583122253,
                0.11875548213720322,
                -0.030666643753647804,
                -0.05878251791000366,
                -0.2328997105360031,
                -0.016971804201602936,
                0.090479776263237,
                -0.06464270502328873,
                0.10560373216867447,
                0.022300630807876587
            ]
        ]
    },
    "hand": {
        "hand_count": 1,
        "hand_landmarks": [
            [
                {
                    "x": -0.04920285940170288,
                    "y": 0.8439685106277466,
                    "z": 4.710180974143441e-07,
                    "visibility": 0.0
                },
                {
                    "x": 0.10700604319572449,
                    "y": 0.7935897707939148,
                    "z": 0.016125032678246498,
                    "visibility": 0.0
                },
                {
                    "x": 0.30565470457077026,
                    "y": 0.8101167678833008,
                    "z": -0.0018210667185485363,
                    "visibility": 0.0
                },
                {
                    "x": 0.43180233240127563,
                    "y": 0.8804599642753601,
                    "z": -0.0327768474817276,
                    "visibility": 0.0
                },
                {
                    "x": 0.5130245685577393,
                    "y": 0.9400798082351685,
                    "z": -0.06870013475418091,
                    "visibility": 0.0
                },
                {
                    "x": 0.43044206500053406,
                    "y": 0.7839216589927673,
                    "z": -0.033731233328580856,
                    "visibility": 0.0
                },
                {
                    "x": 0.6409761905670166,
                    "y": 0.86980140209198,
                    "z": -0.0864720493555069,
                    "visibility": 0.0
                },
                {
                    "x": 0.7342449426651001,
                    "y": 0.9342540502548218,
                    "z": -0.1242319643497467,
                    "visibility": 0.0
                },
                {
                    "x": 0.7873389720916748,
                    "y": 0.9810360670089722,
                    "z": -0.1456901580095291,
                    "visibility": 0.0
                },
                {
                    "x": 0.4078353941440582,
                    "y": 0.8316863179206848,
                    "z": -0.07277552038431168,
                    "visibility": 0.0
                },
                {
                    "x": 0.5988592505455017,
                    "y": 0.9861730337142944,
                    "z": -0.11544713377952576,
                    "visibility": 0.0
                },
                {
                    "x": 0.615682065486908,
                    "y": 1.0713077783584595,
                    "z": -0.13292740285396576,
                    "visibility": 0.0
                },
                {
                    "x": 0.612915575504303,
                    "y": 1.1140484809875488,
                    "z": -0.1437348872423172,
                    "visibility": 0.0
                },
                {
                    "x": 0.3597571849822998,
                    "y": 0.8969690203666687,
                    "z": -0.11044488847255707,