{
    "face": {
        "face_count": 1,
        "face_embeddings": [
            [
                -0.11174274235963821,
                0.009634663350880146,
                0.052863709628582,
                -0.10004106909036636,
                -0.1048583984375,
                -0.02821669541299343,
                -0.11742766946554184,
                -0.12342852354049683,
                0.11985384672880173,
                -0.14304710924625397,
                0.15408238768577576,
                -0.13557328283786774,
                -0.1637980341911316,
                -0.05223233252763748,
                -0.09845605492591858,
                0.2095542699098587,
                -0.12233896553516388,
                -0.1419287770986557,
                0.009650536812841892,
                0.009858067147433758,
                0.11901655048131943,
                -0.0027880840934813023,
                -0.02126820757985115,
                0.0886048972606659,
                -0.09894261509180069,
                -0.3004356026649475,
                -0.13220131397247314,
                -0.0796637237071991,
                -0.05057062581181526,
                -0.10063280910253525,
                -0.04751400649547577,
                0.06575846672058105,
                -0.19786539673805237,
                -0.016883807256817818,
                -0.004370006732642651,
                0.1750817596912384,
                0.015018250793218613,
                -0.1360480636358261,
                0.11159299314022064,
                -0.006790281273424625,
                -0.28805971145629883,
                0.021244268864393234,
                0.07255869358778,
                0.18967363238334656,
                0.13568538427352905,
                0.010025212541222572,
                -0.007561342790722847,
                -0.11565659195184708,
                0.08886565268039703,
                -0.13737443089485168,
                0.01275959424674511,
                0.11832547187805176,
                0.06962086260318756,
                0.04505055025219917,
                0.0013474156148731709,
                -0.12405987083911896,
                0.11365741491317749,
                0.06993961334228516,
                -0.17510589957237244,
                -0.025428500026464462,
                0.1182292178273201,
                -0.08801878243684769,
                0.024059798568487167,
                -0.10760964453220367,
                0.16869324445724487,
                0.10690639168024063,
                -0.07360853999853134,
                -0.20909449458122253,
                0.12808789312839508,
                -0.1636301875114441,
                -0.054073967039585114,
                0.10334274917840958,
                -0.16284652054309845,
                -0.1956663578748703,
                -0.29824352264404297,
                -0.010623042471706867,
                0.36679309606552124,
                0.15248839557170868,
                -0.1299889236688614,
                0.08542968332767487,
                -0.008759019896388054,
                -0.0030679525807499886,
                0.11380066722631454,
                0.16886289417743683,
                0.05942053347826004,
                0.07912730425596237,
                -0.05711504444479942,
                0.030004356056451797,
                0.21767739951610565,
                -0.05734918639063835,
                -0.01184011623263359,
                0.1563693732023239,
                -0.027470175176858902,
                0.04179791733622551,
                -0.00644424045458436,
                0.007174474652856588,
                -0.03374336287379265,
                0.08808687329292297,
                -0.08365458250045776,
                0.05890548229217529,
                -0.0319068506360054,
                -0.02277723327279091,
                -0.014735243283212185,
                0.08846286684274673,
                -0.13886521756649017,
                0.09585175663232803,
                -0.007600061129778624,
                -0.030138414353132248,
                -0.06016339734196663,
                0.005590807646512985,
                -0.12085676938295364,
                -0.017021609470248222,
                0.14279861748218536,
                -0.2361978441476822,
                0.15842708945274353,
                0.1842147409915924,
                0.09214891493320465,
                0.10016035288572311,
                0.12533025443553925,
                0.12923061847686768,
                0.0034874947741627693,
                -0.06173534318804741,
                -0.23535680770874023,
                -0.009647749364376068,
                0.09763754159212112,
                -0.051993414759635925,
                0.0832098051905632,
                0.02686806209385395
            ]
        ]
    },
    "hand": {
        "hand_count": 0,
        "hand_landmarks": []
    },
    "body": {
        "landmark_count": 33,
        "landmarks": [
            {
                "x": 0.49346986413002014,
                "y": 0.2594432234764099,
                "z": -1.9544951915740967,
                "visibility": 0.9980825185775757
            },
            {
                "x": 0.5279350280761719,
                "y": 0.21157419681549072,
                "z": -1.8739482164382935,
                "visibility": 0.9948368072509766
            },
            {
                "x": 0.5506629943847656,
                "y": 0.20787197351455688,
                "z": -1.874403476715088,
                "visibility": 0.9968760013580322
            },
            {
                "x": 0.5723243355751038,
                "y": 0.2050647735595703,
                "z": -1.8749053478240967,
                "visibility": 0.994884192943573
            },
            {
                "x": 0.4464644491672516,
                "y": 0.22122657299041748,
                "z": -1.8756515979766846,
                "visibility": 0.9952491521835327
            },
            {
                "x": 0.42131033539772034,
                "y": 0.22332775592803955,
                "z": -1.8762757778167725,
                "visibility": 0.9972906708717346
            },
            {
                "x": 0.403727263212204,
                "y": 0.2254052758216858,
                "z": -1.8774241209030151,
                "visibility": 0.9967080354690552
            },
            {
                "x": 0.6083530187606812,
                "y": 0.22249454259872437,
                "z": -1.3011564016342163,
                "visibility": 0.9946454763412476
            },
            {
                "x": 0.38912278413772583,
                "y": 0.24856436252593994,
                "z": -1.2964144945144653,
                "visibility": 0.9975903034210205
            },
            {
                "x": 0.545732319355011,
                "y": 0.3060101866722107,
                "z": -1.7273313999176025,
                "visibility": 0.9980365633964539
            },
            {
                "x": 0.4589768946170807,
                "y": 0.3126445412635803,
                "z": -1.7269841432571411,
                "visibility": 0.9987198114395142
            },
            {
                "x": 0.791334867477417,
                "y": 0.47601860761642456,
                "z": -0.7847678661346436,
                "visibility": 0.9920496344566345
            },
            {
                "x": 0.2551707923412323,
                "y": 0.4926833510398865,
                "z": -0.8105071783065796,
                "visibility": 0.9972851276397705
            },
            {
                "x": 0.7661154270172119,
                "y": 0.8504630327224731,
                "z": -0.5371559262275696,
                "visibility": 0.8008675575256348
            },
            {
                "x": 0.28102028369903564,
                "y": 0.8577739000320435,