{
    "face": {
        "face_count": 1,
        "face_embeddings": [
            [
                -0.16729708015918732,
                0.020045751705765724,
                0.05994910001754761,
                -0.10420558601617813,
                -0.12400133162736893,
                -0.053801536560058594,
                -0.09873124212026596,
                -0.11854548007249832,
                0.1317025125026703,
                -0.15036572515964508,
                0.20264296233654022,
                -0.13668474555015564,
                -0.18001101911067963,
                -0.06228412315249443,
                -0.07285928726196289,
                0.2335229068994522,
                -0.19429920613765717,
                -0.16524048149585724,
                0.012123326770961285,
                -0.01314493827521801,
                0.08748096227645874,
                0.02270461618900299,
                -0.030500605702400208,
                0.06423795968294144,
                -0.12707963585853577,
                -0.33915793895721436,
                -0.12638284265995026,
                -0.059499647468328476,
                -0.015474969521164894,
                -0.08560164272785187,
                -0.06777647137641907,
                0.0655219629406929,
                -0.19376026093959808,
                -0.03588443249464035,
                0.03809299319982529,
                0.19348445534706116,
                -0.03288597986102104,
                -0.12291580438613892,
                0.10372736304998398,
                -0.035546280443668365,
                -0.28682899475097656,
                -0.0015203822404146194,
                0.1229296624660492,
                0.20534905791282654,
                0.12134348601102829,
                0.01656712032854557,
                -0.002823151648044586,
                -0.14555078744888306,
                0.08660972118377686,
                -0.15307173132896423,
                0.01079877931624651,
                0.13195687532424927,
                0.06544781476259232,
                0.03874122351408005,
                0.04529242962598801,
                -0.12120611220598221,
                0.0534299872815609,
                0.12298592925071716,
                -0.16343842446804047,
                -0.00961305946111679,
                0.12525616586208344,
                -0.07889449596405029,
                0.03507474064826965,
                -0.11828356236219406,
                0.1825966238975525,
                0.10854721069335938,
                -0.08581751585006714,
                -0.21342381834983826,
                0.15894587337970734,
                -0.1457570195198059,
                -0.07015515863895416,
                0.09717452526092529,
                -0.1178048774600029,
                -0.2246202826499939,
                -0.29230087995529175,
                -0.009978268295526505,
                0.35136836767196655,
                0.11382508277893066,
                -0.10490433126688004,
                0.08976146578788757,
                0.026799112558364868,
                -0.04509006440639496,
                0.1169007420539856,
                0.17130519449710846,
                0.01988852396607399,
                0.07383312284946442,
                -0.09563878923654556,
                0.03640429675579071,
                0.24328775703907013,
                -0.06488962471485138,
                0.034359026700258255,
                0.1431778222322464,
                -0.02452686056494713,
                0.03451109677553177,
                0.020553499460220337,
                0.032721295952796936,
                -0.09703392535448074,
                0.08267877995967865,
                -0.12836071848869324,
                0.021888520568609238,
                -0.009621408767998219,
                -0.03207293152809143,
                -0.021132145076990128,
                0.10490184277296066,
                -0.08032645285129547,
                0.07857980579137802,
                -0.0042674182914197445,
                -0.047892265021800995,
                -0.08051267266273499,
                -0.009614760056138039,
                -0.08662135154008865,
                -0.05241764336824417,
                0.10718430578708649,
                -0.22002068161964417,
                0.1676969975233078,
                0.1686209738254547,
                0.07066504657268524,
                0.13087789714336395,
                0.12551678717136383,
                0.10329662263393402,
                0.003087978810071945,
                -0.059563081711530685,
                -0.21302585303783417,
                -0.010369643568992615,
                0.09163407236337662,
                -0.05340903252363205,
                0.08308160305023193,
                0.013612041249871254
            ]
        ]
    },
    "hand": {
        "hand_count": 0,
        "hand_landmarks": []
    },
    "body": {
        "landmark_count": 33,
        "landmarks": [
            {
                "x": 0.48939210176467896,
                "y": 0.37945854663848877,
                "z": -2.3480794429779053,
                "visibility": 0.9998522996902466
            },
            {
                "x": 0.5570362210273743,
                "y": 0.3195381164550781,
                "z": -2.2050511837005615,
                "visibility": 0.9997308850288391
            },
            {
                "x": 0.5961270928382874,
                "y": 0.320070743560791,
                "z": -2.2058663368225098,
                "visibility": 0.9997238516807556
            },
            {
                "x": 0.6265140771865845,
                "y": 0.3208554983139038,
                "z": -2.2065603733062744,
                "visibility": 0.9996610879898071
            },
            {
                "x": 0.428186297416687,
                "y": 0.32059991359710693,
                "z": -2.1836037635803223,
                "visibility": 0.9997411370277405
            },
            {
                "x": 0.3876633942127228,
                "y": 0.32244932651519775,
                "z": -2.1821072101593018,
                "visibility": 0.9997664093971252
            },
            {
                "x": 0.358066201210022,
                "y": 0.32494616508483887,
                "z": -2.183058023452759,
                "visibility": 0.9997625946998596
            },
            {
                "x": 0.6956936717033386,
                "y": 0.3557480573654175,
                "z": -1.296802043914795,
                "visibility": 0.9996421337127686
            },
            {
                "x": 0.3356880247592926,
                "y": 0.3661893606185913,
                "z": -1.1498727798461914,
                "visibility": 0.999796450138092
            },
            {
                "x": 0.5719208717346191,
                "y": 0.45189395546913147,
                "z": -2.0142762660980225,
                "visibility": 0.9999184608459473
            },
            {
                "x": 0.4250369071960449,
                "y": 0.4568445682525635,
                "z": -1.9737802743911743,
                "visibility": 0.9999212026596069
            },
            {
                "x": 0.9795421957969666,
                "y": 0.7459907531738281,
                "z": -0.8137600421905518,
                "visibility": 0.9957135915756226
            },
            {
                "x": 0.12149167060852051,
                "y": 0.7836568355560303,
                "z": -0.6695485711097717,
                "visibility": 0.9984850287437439
            },
            {
                "x": 1.2651780843734741,
                "y": 1.1170835494995117,
                "z": -1.2258042097091675,
                "visibility": 0.10460136830806732
            },
            {
                "x": -0.04594540596008301,
                "y": 1.2237584590911865,