{
    "face": {
        "face_count": 1,
        "face_embeddings": [
            [
                -0.1513877958059311,
                0.0491587296128273,
                0.0277207400649786,
                -0.12925231456756592,
                -0.11486407369375229,
                -0.021372606977820396,
                -0.07227024435997009,
                -0.1496971845626831,
                0.14618496596813202,
                -0.19166791439056396,
                0.20384682714939117,
                -0.1170019581913948,
                -0.17494702339172363,
                -0.04767942056059837,
                -0.12193527072668076,
                0.2127276062965393,
                -0.1340196281671524,
                -0.15686821937561035,
                -0.02042590081691742,
                0.010161583311855793,
                0.12585371732711792,
                -0.007668687496334314,
                -0.04239819571375847,
                0.08843279629945755,
                -0.08640703558921814,
                -0.3008393347263336,
                -0.15299080312252045,
                -0.06905914843082428,
                -0.04597296565771103,
                -0.06992322206497192,
                -0.04455151408910751,
                0.023574015125632286,
                -0.1900552362203598,
                -0.031758297234773636,
                -0.016252607107162476,
                0.12860523164272308,
                0.009800458326935768,
                -0.12196125835180283,
                0.1205442026257515,
                -0.03557278960943222,
                -0.2674899995326996,
                0.032586872577667236,
                0.1064409613609314,
                0.20688775181770325,
                0.14087586104869843,
                -0.0062325638718903065,
                0.010556509718298912,
                -0.17854908108711243,
                0.09885673224925995,
                -0.12678875029087067,
                -0.005324197933077812,
                0.09912548214197159,
                0.053470827639102936,
                0.07000577449798584,
                0.012700334191322327,
                -0.11736051738262177,
                0.10475703328847885,
                0.0703371986746788,
                -0.1377233862876892,
                -0.00824758131057024,
                0.10495641827583313,
                -0.09464610368013382,
                -0.0017320634797215462,
                -0.10751207172870636,
                0.1925588846206665,
                0.08907946199178696,
                -0.08039933443069458,
                -0.23880547285079956,
                0.159372940659523,
                -0.1736784726381302,
                -0.07831043004989624,
                0.09108252078294754,
                -0.15424370765686035,
                -0.18555140495300293,
                -0.3106524348258972,
                -0.010792458429932594,
                0.37252917885780334,
                0.15699782967567444,
                -0.12691521644592285,
                0.11721599102020264,
                -0.04154113307595253,
                -0.003570073749870062,
                0.12684574723243713,
                0.16534602642059326,
                0.04894663393497467,
                0.06659156084060669,
                -0.08486296236515045,
                0.040276139974594116,
                0.26103201508522034,
                -0.07144562155008316,
                -0.0075928280130028725,
                0.1876101791858673,
                -0.007419770583510399,
                0.03460179641842842,
                0.02293330617249012,
                0.05281514674425125,
                -0.06325341761112213,
                0.07289731502532959,
                -0.10219725966453552,
                0.059586916118860245,
                0.009658767841756344,
                -0.03574052453041077,
                -0.019609957933425903,
                0.088678739964962,
                -0.14951011538505554,
                0.10398997366428375,
                -0.02138834074139595,
                -0.0033507472835481167,
                -0.06189248710870743,
                -0.017469286918640137,
                -0.10911436378955841,
                -0.0036371182650327682,
                0.13730552792549133,
                -0.21681931614875793,
                0.17913760244846344,
                0.16589272022247314,
                0.09152553230524063,
                0.10940774530172348,
                0.15085195004940033,
                0.10570037364959717,
                -0.008594809100031853,
                -0.06117713451385498,
                -0.2324664443731308,
                -0.015518611297011375,
                0.09170473366975784,
                -0.047150447964668274,
                0.10248681902885437,
                0.03511551022529602
            ]
        ]
    },
    "hand": {
        "hand_count": 0,
        "hand_landmarks": []
    },
    "body": {
        "landmark_count": 33,
        "landmarks": [
            {
                "x": 0.5885295867919922,
                "y": 0.43651771545410156,
                "z": -1.6466238498687744,
                "visibility": 0.9996402263641357
            },
            {
                "x": 0.6226774454116821,
                "y": 0.36895430088043213,
                "z": -1.4964426755905151,
                "visibility": 0.9988111257553101
            },
            {
                "x": 0.6520553827285767,
                "y": 0.36988914012908936,
                "z": -1.4963514804840088,
                "visibility": 0.9987213015556335
            },
            {
                "x": 0.679526686668396,
                "y": 0.37050747871398926,
                "z": -1.4958497285842896,
                "visibility": 0.9979773163795471
            },
            {
                "x": 0.5174398422241211,
                "y": 0.3653639256954193,
                "z": -1.6522181034088135,
                "visibility": 0.9996170997619629
            },
            {
                "x": 0.4653845727443695,
                "y": 0.36539843678474426,
                "z": -1.6526085138320923,
                "visibility": 0.9997426867485046
            },
            {
                "x": 0.4127081036567688,
                "y": 0.36655834317207336,
                "z": -1.6543277502059937,
                "visibility": 0.999762237071991
            },
            {
                "x": 0.663893461227417,
                "y": 0.3911508321762085,
                "z": -0.622930645942688,
                "visibility": 0.9988752007484436
            },
            {
                "x": 0.308962345123291,
                "y": 0.39670681953430176,
                "z": -1.3270349502563477,
                "visibility": 0.9999220371246338
            },
            {
                "x": 0.6133314371109009,
                "y": 0.5123418569564819,
                "z": -1.3039239645004272,
                "visibility": 0.9987043142318726
            },
            {
                "x": 0.4978679120540619,
                "y": 0.507012128829956,
                "z": -1.5081278085708618,
                "visibility": 0.9996902942657471
            },
            {
                "x": 0.6858932375907898,
                "y": 0.6629999876022339,
                "z": 0.14291368424892426,
                "visibility": 0.9726031422615051
            },
            {
                "x": 0.0608614981174469,
                "y": 0.7683505415916443,
                "z": -1.1269288063049316,
                "visibility": 0.9913399815559387
            },
            {
                "x": 1.1519685983657837,
                "y": 0.4260122776031494,
                "z": 0.5169973373413086,
                "visibility": 0.6111834049224854
            },
            {
                "x": -0.0884171724319458,
                "y": 1.2456622123718262,