{
    "face": {
        "face_count": 1,
        "face_embeddings": [
            [
                -0.10127665102481842,
                -0.009504792280495167,
                0.05843736603856087,
                -0.10753922909498215,
                -0.09055309742689133,
                -0.047940004616975784,
                -0.07769450545310974,
                -0.10904277861118317,
                0.15098029375076294,
                -0.14825716614723206,
                0.1503298580646515,
                -0.12228994816541672,
                -0.18635183572769165,
                -0.05866467207670212,
                -0.10478533059358597,
                0.20481625199317932,
                -0.11528647691011429,
                -0.15057450532913208,
                -0.00140383280813694,
                -0.007760531734675169,
                0.10374730080366135,
                -0.006590914446860552,
                -0.016560038551688194,
                0.09172897040843964,
                -0.0904671773314476,
                -0.31522488594055176,
                -0.1413070410490036,
                -0.06409323960542679,
                -0.05547438934445381,
                -0.10338237881660461,
                -0.05481510981917381,
                0.08556714653968811,
                -0.18988659977912903,
                -0.026958122849464417,
                -0.00013725645840168,
                0.17765451967716217,
                0.0203793253749609,
                -0.12204320728778839,
                0.1253635585308075,
                0.0031816838309168816,
                -0.2988695204257965,
                0.02112073451280594,
                0.07815343141555786,
                0.2100542187690735,
                0.13700605928897858,
                0.005532572045922279,
                -0.009990191087126732,
                -0.10838660597801208,
                0.09595240652561188,
                -0.11961681395769119,
                0.031987398862838745,
                0.1302155703306198,
                0.08996452391147614,
                0.040561217814683914,
                0.014255300164222717,
                -0.12447148561477661,
                0.09649741649627686,
                0.0734684094786644,
                -0.1607414335012436,
                -0.019997354596853256,
                0.11751625686883926,
                -0.10589607059955597,
                0.019547652453184128,
                -0.08810067921876907,
                0.15482482314109802,
                0.10115057975053787,
                -0.06615566462278366,
                -0.2370864599943161,
                0.15855644643306732,
                -0.18219542503356934,
                -0.051345277577638626,
                0.10053226351737976,
                -0.16756045818328857,
                -0.1804233342409134,
                -0.2810926139354706,
                -0.000903816893696785,
                0.3317958116531372,
                0.13815581798553467,
                -0.13239175081253052,
                0.09641104936599731,
                -0.020288361236453056,
                -0.002046403009444475,
                0.11258859932422638,
                0.1778225153684616,
                0.0552130863070488,
                0.1005164310336113,
                -0.07773296535015106,
                0.02186896651983261,
                0.21736888587474823,
                -0.05375228822231293,
                -0.023414840921759605,
                0.15854628384113312,
                -0.023033032193779945,
                0.03997928649187088,
                0.009601661004126072,
                -0.004924586974084377,
                -0.04987268149852753,
                0.10340730845928192,
                -0.11454825103282928,
                0.05383038520812988,
                -0.005931449122726917,
                -0.024729911237955093,
                -0.022297292947769165,
                0.08141947537660599,
                -0.1370275914669037,
                0.09379597008228302,
                -0.01300420705229044,
                -0.024497399106621742,
                -0.061252061277627945,
                0.006135979667305946,
                -0.12457216531038284,
                -0.03195880353450775,
                0.14190296828746796,
                -0.23078230023384094,
                0.1763356477022171,
                0.17984405159950256,
                0.09471290558576584,
                0.08995155990123749,
                0.12486298382282257,
                0.1173165813088417,
                0.027459237724542618,
                -0.07233775407075882,
                -0.22520315647125244,
                -0.003477715188637376,
                0.09651381522417068,
                -0.05622651055455208,
                0.08492281287908554,
                0.028518609702587128
            ]
        ]
    },
    "hand": {
        "hand_count": 0,
        "hand_landmarks": []
    },
    "body": {
        "landmark_count": 33,
        "landmarks": [
            {
                "x": 0.6019378900527954,
                "y": 0.39141079783439636,
                "z": -1.9526723623275757,
                "visibility": 0.9998714923858643
            },
            {
                "x": 0.6390949487686157,
                "y": 0.3259587287902832,
                "z": -1.7934434413909912,
                "visibility": 0.9997623562812805
            },
            {
                "x": 0.6696213483810425,
                "y": 0.32270562648773193,
                "z": -1.794685959815979,
                "visibility": 0.999649167060852
            },
            {
                "x": 0.6962376832962036,
                "y": 0.3199387788772583,
                "z": -1.7949728965759277,
                "visibility": 0.9996634721755981
            },
            {
                "x": 0.5232958793640137,
                "y": 0.33366453647613525,
                "z": -1.8330470323562622,
                "visibility": 0.9998119473457336
            },
            {
                "x": 0.4772365987300873,
                "y": 0.3366452157497406,
                "z": -1.8323328495025635,
                "visibility": 0.9998083710670471
            },
            {
                "x": 0.4405958950519562,
                "y": 0.3388274908065796,
                "z": -1.8334522247314453,
                "visibility": 0.9998492002487183
            },
            {
                "x": 0.7285127639770508,
                "y": 0.3458523750305176,
                "z": -0.9279522895812988,
                "visibility": 0.9995137453079224
            },
            {
                "x": 0.39358875155448914,
                "y": 0.3693121671676636,
                "z": -1.0798050165176392,
                "visibility": 0.9998693466186523
            },
            {
                "x": 0.6526411771774292,
                "y": 0.46031874418258667,
                "z": -1.64075767993927,
                "visibility": 0.9998687505722046
            },
            {
                "x": 0.5321600437164307,
                "y": 0.4625053405761719,
                "z": -1.6876282691955566,
                "visibility": 0.9999105930328369
            },
            {
                "x": 0.8749394416809082,
                "y": 0.7028292417526245,
                "z": -0.35780513286590576,
                "visibility": 0.9898298382759094
            },
            {
                "x": 0.16239365935325623,
                "y": 0.7403179407119751,
                "z": -0.7451616525650024,
                "visibility": 0.9931135773658752
            },
            {
                "x": 0.9467379450798035,
                "y": 1.0510656833648682,
                "z": 0.1280423253774643,
                "visibility": 0.12892304360866547
            },
            {
                "x": 0.014994443394243717,