{
    "face": {
        "face_count": 1,
        "face_embeddings": [
            [
                -0.1273471564054489,
                0.04680049419403076,
                0.0539848692715168,
                -0.10326157510280609,
                -0.10997974127531052,
                -0.021126821637153625,
                -0.1121348887681961,
                -0.1427350491285324,
                0.1124049499630928,
                -0.16644325852394104,
                0.2021917849779129,
                -0.14396131038665771,
                -0.20296263694763184,
                -0.03501339256763458,
                -0.09861920028924942,
                0.21501564979553223,
                -0.11910878866910934,
                -0.14591152966022491,
                -0.00042705144733190536,
                0.012912068516016006,
                0.11098580062389374,
                -0.0003843918675556779,
                -0.014061419293284416,
                0.07060544192790985,
                -0.09376655519008636,
                -0.32566654682159424,
                -0.16272594034671783,
                -0.054790668189525604,
                -0.07515281438827515,
                -0.10538388788700104,
                -0.01831820234656334,
                0.06796316802501678,
                -0.19611182808876038,
                -0.005483577027916908,
                -0.0104237524792552,
                0.15013784170150757,
                0.019425226375460625,
                -0.130280539393425,
                0.10619984567165375,
                -0.02109473943710327,
                -0.2887144982814789,
                -0.006526957266032696,
                0.08842457830905914,
                0.21807289123535156,
                0.10399441421031952,
                0.00038076459895819426,
                -0.01500876247882843,
                -0.13611456751823425,
                0.07453169673681259,
                -0.11875417083501816,
                0.009721372276544571,
                0.1001254990696907,
                0.04056664928793907,
                0.05001741275191307,
                -0.009747115895152092,
                -0.10931175202131271,
                0.10511591285467148,
                0.09144235402345657,
                -0.16761408746242523,
                -0.017503373324871063,
                0.12925632297992706,
                -0.12469588220119476,
                0.009774361737072468,
                -0.12973254919052124,
                0.1704208254814148,
                0.11951935291290283,
                -0.07766953855752945,
                -0.22987529635429382,
                0.12388794869184494,
                -0.15571485459804535,
                -0.04668332263827324,
                0.11461137235164642,
                -0.16340559720993042,
                -0.20306891202926636,
                -0.31251320242881775,
                -0.01980734057724476,
                0.3371812105178833,
                0.12559181451797485,
                -0.11601408571004868,
                0.055696308612823486,
                0.007222105748951435,
                -0.004582089837640524,
                0.1231040507555008,
                0.17329272627830505,
                0.06306933611631393,
                0.07320418208837509,
                -0.085811085999012,
                0.052182361483573914,
                0.2532908618450165,
                -0.08096078038215637,
                -0.01439789030700922,
                0.18565984070301056,
                -0.049988944083452225,
                0.03260704129934311,
                -0.0016383766196668148,
                0.050398752093315125,
                -0.053673651069402695,
                0.07904080301523209,
                -0.10596500337123871,
                0.07147198915481567,
                -0.02606135420501232,
                -0.033780571073293686,
                -0.04377644881606102,
                0.08383078128099442,
                -0.11600004136562347,
                0.07802856713533401,
                -0.0012012615334242582,
                -0.016581397503614426,
                -0.06497852504253387,
                -0.027903323993086815,
                -0.12337746471166611,
                -0.0393744595348835,
                0.1510307937860489,
                -0.22030189633369446,
                0.15369091928005219,
                0.1749931424856186,
                0.0896136611700058,
                0.09896473586559296,
                0.13049528002738953,
                0.12554539740085602,
                -0.017463533207774162,
                -0.09051477164030075,
                -0.24220134317874908,
                0.0010136382188647985,
                0.10838673263788223,
                -0.03793969750404358,
                0.07221191376447678,
                0.005315274931490421
            ]
        ]
    },
    "hand": {
        "hand_count": 0,
        "hand_landmarks": []
    },
    "body": {
        "landmark_count": 33,
        "landmarks": [
            {
                "x": 0.7191315293312073,
                "y": 0.5541161298751831,
                "z": -1.9112743139266968,
                "visibility": 0.9990764856338501
            },
            {
                "x": 0.769101083278656,
                "y": 0.4672282040119171,
                "z": -1.8127632141113281,
                "visibility": 0.99850994348526
            },
            {
                "x": 0.8009282946586609,
                "y": 0.4668992757797241,
                "z": -1.8134292364120483,
                "visibility": 0.9983697533607483
            },
            {
                "x": 0.8299950361251831,
                "y": 0.4668928384780884,
                "z": -1.8142712116241455,
                "visibility": 0.9982272982597351
            },
            {
                "x": 0.6702330112457275,
                "y": 0.47564470767974854,
                "z": -1.8046900033950806,
                "visibility": 0.9985978007316589
            },
            {
                "x": 0.6363198161125183,
                "y": 0.48005199432373047,
                "z": -1.8037621974945068,
                "visibility": 0.9985529780387878
            },
            {
                "x": 0.6119041442871094,
                "y": 0.48429620265960693,
                "z": -1.8047603368759155,
                "visibility": 0.9985970854759216
            },
            {
                "x": 0.8897310495376587,
                "y": 0.5148869752883911,
                "z": -1.0936665534973145,
                "visibility": 0.9984602928161621
            },
            {
                "x": 0.5919919013977051,
                "y": 0.5315902233123779,
                "z": -1.0287985801696777,
                "visibility": 0.9987310767173767
            },
            {
                "x": 0.7823804616928101,
                "y": 0.6690439581871033,
                "z": -1.6327168941497803,
                "visibility": 0.9991840720176697
            },
            {
                "x": 0.6721537113189697,
                "y": 0.6823381781578064,
                "z": -1.6167339086532593,
                "visibility": 0.9991894364356995
            },
            {
                "x": 1.0853575468063354,
                "y": 0.9934260845184326,
                "z": -0.6255019307136536,
                "visibility": 0.9784156680107117
            },
            {
                "x": 0.43760961294174194,
                "y": 1.0192943811416626,
                "z": -0.5371304750442505,
                "visibility": 0.9872379302978516
            },
            {
                "x": 1.3008753061294556,
                "y": 1.5162380933761597,
                "z": -0.6523946523666382,
                "visibility": 0.05889486148953438
            },
            {
                "x": 0.286196231842041,