{
    "face": {
        "face_count": 1,
        "face_embeddings": [
            [
                -0.062568299472332,
                0.05028025433421135,
                -0.020114662125706673,
                -0.09616881608963013,
                -0.12836462259292603,
                -0.046444278210401535,
                -0.09914638102054596,
                -0.1629430651664734,
                0.1534380167722702,
                -0.13384319841861725,
                0.19883671402931213,
                -0.09866275638341904,
                -0.17997004091739655,
                -0.06272517889738083,
                -0.11748682707548141,
                0.2451537847518921,
                -0.1942518949508667,
                -0.15378256142139435,
                0.008638156577944756,
                -0.005684016738086939,
                0.11006638407707214,
                -0.015407520346343517,
                0.002267154399305582,
                0.07083642482757568,
                -0.08286333084106445,
                -0.30379360914230347,
                -0.13929899036884308,
                -0.0670877993106842,
                -0.005491967312991619,
                -0.0731031745672226,
                -0.0196223221719265,
                0.04445876553654671,
                -0.16460900008678436,
                0.007851999253034592,
                0.02187969721853733,
                0.09288506209850311,
                0.033208999782800674,
                -0.13408426940441132,
                0.16707631945610046,
                -0.013933496549725533,
                -0.27870407700538635,
                0.03958731144666672,
                0.07192465662956238,
                0.21652451157569885,
                0.12013128399848938,
                -0.004116378724575043,
                0.024396229535341263,
                -0.18555569648742676,
                0.09858617931604385,
                -0.08805707097053528,
                0.01936894655227661,
                0.0984833762049675,
                0.05669212341308594,
                0.006490930914878845,
                0.004678382538259029,
                -0.147383451461792,
                0.06600223481655121,
                0.10907377302646637,
                -0.1477992683649063,
                -0.026390094310045242,
                0.09946846961975098,
                -0.055815376341342926,
                0.007908347062766552,
                -0.12362831830978394,
                0.2185712605714798,
                0.07583381235599518,
                -0.09303878992795944,
                -0.22562219202518463,
                0.14404074847698212,
                -0.14587701857089996,
                -0.09040684998035431,
                0.06124631315469742,
                -0.15740321576595306,
                -0.19273945689201355,
                -0.3476163446903229,
                -0.03977419435977936,
                0.37783509492874146,
                0.12386704981327057,
                -0.1666146218776703,
                0.10056682676076889,
                0.0039583779871463776,
                -0.0020293300040066242,
                0.16126717627048492,
                0.1975945383310318,
                0.0241670124232769,
                0.07393847405910492,
                -0.1099255383014679,
                0.01242592092603445,
                0.24028359353542328,
                -0.09978697448968887,
                -0.0393383614718914,
                0.19623073935508728,
                -0.02065325900912285,
                0.08430492877960205,
                -0.02457071840763092,
                0.013482780195772648,
                -0.04955274239182472,
                0.09833603352308273,
                -0.10265752673149109,
                0.03283686190843582,
                0.015676036477088928,
                0.016519837081432343,
                -0.009579121135175228,
                0.11837867647409439,
                -0.12470779567956924,
                0.05132082849740982,
                0.01473698765039444,
                -0.000523625873029232,
                -0.055667806416749954,
                0.021110299974679947,
                -0.11305907368659973,
                -0.060079850256443024,
                0.1354687213897705,
                -0.24200975894927979,
                0.1792421191930771,
                0.18288928270339966,
                0.11112934350967407,
                0.10027915984392166,
                0.13849766552448273,
                0.0899263471364975,
                0.004420643672347069,
                -0.07041456550359726,
                -0.2475988119840622,
                0.03557813540101051,
                0.09211905300617218,
                -0.05244840309023857,
                0.09327823668718338,
                0.04673927649855614
            ]
        ]
    },
    "hand": {
        "hand_count": 1,
        "hand_landmarks": [
            [
                {
                    "x": 0.9117796421051025,
                    "y": 0.6063799858093262,
                    "z": -3.0380320481526724e-07,
                    "visibility": 0.0
                },
                {
                    "x": 0.8314133286476135,
                    "y": 0.5584443211555481,
                    "z": 0.004949256312102079,
                    "visibility": 0.0
                },
                {
                    "x": 0.7961779236793518,
                    "y": 0.4693111777305603,
                    "z": -0.004299958702176809,
                    "visibility": 0.0
                },
                {
                    "x": 0.7742655277252197,
                    "y": 0.4096664786338806,
                    "z": -0.016584087163209915,
                    "visibility": 0.0
                },
                {
                    "x": 0.7486901879310608,
                    "y": 0.3666881322860718,
                    "z": -0.03018266335129738,
                    "visibility": 0.0
                },
                {
                    "x": 0.8651061058044434,
                    "y": 0.3688139319419861,
                    "z": -0.03339376300573349,
                    "visibility": 0.0
                },
                {
                    "x": 0.8348020315170288,
                    "y": 0.24990670382976532,
                    "z": -0.06087075173854828,
                    "visibility": 0.0
                },
                {
                    "x": 0.7957935929298401,
                    "y": 0.20932063460350037,
                    "z": -0.07657218724489212,
                    "visibility": 0.0
                },
                {
                    "x": 0.7588560581207275,
                    "y": 0.18848581612110138,
                    "z": -0.08527278900146484,
                    "visibility": 0.0
                },
                {
                    "x": 0.8832792043685913,
                    "y": 0.38795024156570435,
                    "z": -0.05049905925989151,
                    "visibility": 0.0
                },
                {
                    "x": 0.8069717288017273,
                    "y": 0.2842438220977783,
                    "z": -0.08422035723924637,
                    "visibility": 0.0
                },
                {
                    "x": 0.7390526533126831,
                    "y": 0.2874186038970947,
                    "z": -0.09555386006832123,
                    "visibility": 0.0
                },
                {
                    "x": 0.6979695558547974,
                    "y": 0.3090057075023651,
                    "z": -0.09966274350881577,
                    "visibility": 0.0
                },
                {
                    "x": 0.8891492486000061,
                    "y": 0.42697402834892273,
                    "z": -0.06686972826719284,