{
    "face": {
        "face_count": 1,
        "face_embeddings": [
            [
                -0.09500675648450851,
                0.010080022737383842,
                0.0401528924703598,
                -0.09721517562866211,
                -0.08162219077348709,
                0.0005146339535713196,
                -0.08884590119123459,
                -0.14732567965984344,
                0.11898248642683029,
                -0.15435701608657837,
                0.18583926558494568,
                -0.0887402817606926,
                -0.1590435653924942,
                -0.05681827664375305,
                -0.07687811553478241,
                0.20395465195178986,
                -0.13533635437488556,
                -0.1804800033569336,
                -0.0035251453518867493,
                0.0076748523861169815,
                0.10419546067714691,
                0.04931313917040825,
                -0.05871271342039108,
                0.07703536748886108,
                -0.09976779669523239,
                -0.29751116037368774,
                -0.15014755725860596,
                -0.09402618557214737,
                -0.022285491228103638,
                -0.09659647196531296,
                -0.046513088047504425,
                0.06551855057477951,
                -0.15533438324928284,
                -0.019794238731265068,
                0.02112767845392227,
                0.1604127734899521,
                0.009669816121459007,
                -0.14226214587688446,
                0.12779280543327332,
                0.03412853926420212,
                -0.2689935564994812,
                0.04020753502845764,
                0.08902623504400253,
                0.21257434785366058,
                0.13412396609783173,
                0.012338593602180481,
                -0.004042375832796097,
                -0.1377202272415161,
                0.1382889449596405,
                -0.13207870721817017,
                0.008398059755563736,
                0.09806881099939346,
                0.10528632998466492,
                0.11293341219425201,
                0.010479051619768143,
                -0.15016740560531616,
                0.1175818145275116,
                0.0660390555858612,
                -0.18672458827495575,
                -0.017329072579741478,
                0.09013540297746658,
                -0.09540756791830063,
                0.07901013642549515,
                -0.06848648935556412,
                0.14709711074829102,
                0.09831898659467697,
                -0.04674980789422989,
                -0.21348389983177185,
                0.1641620546579361,
                -0.1538413017988205,
                -0.10340973734855652,
                0.10642924904823303,
                -0.1596001237630844,
                -0.1629907190799713,
                -0.26268771290779114,
                -0.014315346255898476,
                0.3557468354701996,
                0.12806656956672668,
                -0.15903416275978088,
                0.03138303384184837,
                0.01634988747537136,
                -0.027712559327483177,
                0.1488872766494751,
                0.15647874772548676,
                0.0863431915640831,
                -0.007208379916846752,
                -0.08886323124170303,
                -0.015095642767846584,
                0.2729029357433319,
                -0.045434992760419846,
                -0.00020044611301273108,
                0.14541082084178925,
                -0.006031722761690617,
                0.0687454491853714,
                0.031208643689751625,
                0.07287440448999405,
                -0.07080124318599701,
                0.12323185801506042,
                -0.08750617504119873,
                0.05869821459054947,
                -0.07535867393016815,
                0.016021881252527237,
                -0.023084914311766624,
                0.11447636783123016,
                -0.09164958447217941,
                0.15276552736759186,
                0.0006917549762874842,
                -0.027120819315314293,
                -0.08529762923717499,
                -0.00615007383748889,
                -0.07165291905403137,
                -0.002789990045130253,
                0.12108612805604935,
                -0.20397838950157166,
                0.17541703581809998,
                0.16748832166194916,
                0.057446014136075974,
                0.09999652951955795,
                0.07148466259241104,
                0.123480424284935,
                -0.03607844561338425,
                -0.0890451967716217,
                -0.2852831482887268,
                -0.03901750594377518,
                0.08555801212787628,
                -0.04518844932317734,
                0.030499089509248734,
                0.016228076070547104
            ]
        ]
    },
    "hand": {
        "hand_count": 0,
        "hand_landmarks": []
    },
    "body": {
        "landmark_count": 33,
        "landmarks": [
            {
                "x": 0.5511058568954468,
                "y": 0.4823033809661865,
                "z": -2.696164846420288,
                "visibility": 0.9981174468994141
            },
            {
                "x": 0.6305897235870361,
                "y": 0.398209810256958,
                "z": -2.509904146194458,
                "visibility": 0.9960175156593323
            },
            {
                "x": 0.6737257242202759,
                "y": 0.40086042881011963,
                "z": -2.511070489883423,
                "visibility": 0.9962995648384094
            },
            {
                "x": 0.7135542631149292,
                "y": 0.405036062002182,
                "z": -2.511526346206665,
                "visibility": 0.9953118562698364
            },
            {
                "x": 0.4748278558254242,
                "y": 0.3970068693161011,
                "z": -2.5501856803894043,
                "visibility": 0.9969238638877869
            },
            {
                "x": 0.4222327172756195,
                "y": 0.40149378776550293,
                "z": -2.5494773387908936,
                "visibility": 0.9976391792297363
            },
            {
                "x": 0.37235838174819946,
                "y": 0.40782520174980164,
                "z": -2.5513088703155518,
                "visibility": 0.997570812702179
            },
            {
                "x": 0.7635120153427124,
                "y": 0.46345818042755127,
                "z": -1.4027087688446045,
                "visibility": 0.995261549949646
            },
            {
                "x": 0.3000020682811737,
                "y": 0.4722172021865845,
                "z": -1.5434670448303223,
                "visibility": 0.9984993934631348
            },
            {
                "x": 0.6211690902709961,
                "y": 0.6038316488265991,
                "z": -2.281820058822632,
                "visibility": 0.9981607794761658
            },
            {
                "x": 0.46008381247520447,
                "y": 0.6017491817474365,
                "z": -2.322944402694702,
                "visibility": 0.9988996982574463
            },
            {
                "x": 0.9602563977241516,
                "y": 0.9932065010070801,
                "z": -0.508216381072998,
                "visibility": 0.9606114029884338
            },
            {
                "x": 0.04069936275482178,
                "y": 0.9948607683181763,
                "z": -1.0990957021713257,
                "visibility": 0.9861187934875488
            },
            {
                "x": 1.2745988368988037,
                "y": 1.549324870109558,
                "z": -0.31705817580223083,
                "visibility": 0.04274166375398636
            },
            {
                "x": -0.2943728566169739,
                "y": 1.5707850456237793,