{
    "face": {
        "face_count": 1,
        "face_embeddings": [
            [
                -0.08329879492521286,
                0.04032016545534134,
                0.05041205883026123,
                -0.08678504079580307,
                -0.0953369066119194,
                -0.03055436536669731,
                -0.0541282556951046,
                -0.12358264625072479,
                0.16857194900512695,
                -0.1432066410779953,
                0.14732876420021057,
                -0.09171155095100403,
                -0.17374679446220398,
                -0.024554898962378502,
                -0.05670011788606644,
                0.23944364488124847,
                -0.17403899133205414,
                -0.1513412594795227,
                0.009320158511400223,
                -0.004967160057276487,
                0.09315259009599686,
                0.049146804958581924,
                -0.0376095250248909,
                0.09126660227775574,
                -0.10259731113910675,
                -0.29635581374168396,
                -0.1305655539035797,
                -0.04545561224222183,
                -0.023289518430829048,
                -0.07420095056295395,
                -0.02413114905357361,
                0.09118381887674332,
                -0.17934921383857727,
                -0.011384174227714539,
                0.021873485296964645,
                0.11821255832910538,
                0.007083710283041,
                -0.11761936545372009,
                0.13632486760616302,
                0.01685314066708088,
                -0.2871544361114502,
                0.06328697502613068,
                0.09140506386756897,
                0.22675049304962158,
                0.12053679674863815,
                -0.030717432498931885,
                -0.012205477803945541,
                -0.1183522641658783,
                0.08727594465017319,
                -0.10470031946897507,
                -0.004256037995219231,
                0.11936334520578384,
                0.048583660274744034,
                0.07271058112382889,
                0.02460821345448494,
                -0.13230642676353455,
                0.09426750242710114,
                0.06519784033298492,
                -0.16624554991722107,
                -0.012642032466828823,
                0.10778623819351196,
                -0.06879690289497375,
                0.038182735443115234,
                -0.07995206117630005,
                0.11302009969949722,
                0.055097486823797226,
                -0.04790550470352173,
                -0.25400206446647644,
                0.10799827426671982,
                -0.16766968369483948,
                -0.11769338697195053,
                0.08355886489152908,
                -0.1712179332971573,
                -0.16507479548454285,
                -0.3368101716041565,
                -0.026205653324723244,
                0.35713306069374084,
                0.12262523919343948,
                -0.1509961038827896,
                0.10831205546855927,
                0.05854891613125801,
                -0.034889284521341324,
                0.14264048635959625,
                0.1900259554386139,
                0.04745941609144211,
                0.05850888788700104,
                -0.054396986961364746,
                0.044015053659677505,
                0.21441270411014557,
                -0.016432497650384903,
                -0.04982077330350876,
                0.16269801557064056,
                -0.006192367523908615,
                0.04031988978385925,
                0.0037671062164008617,
                0.027469361200928688,
                -0.02585252746939659,
                0.08764141798019409,
                -0.12165011465549469,
                0.03221428021788597,
                -0.014303009025752544,
                -0.0031260810792446136,
                -0.03249926492571831,
                0.13811956346035004,
                -0.16057413816452026,
                0.15517134964466095,
                0.023193560540676117,
                -0.013355548493564129,
                -0.07222143560647964,
                0.0864352434873581,
                -0.12977123260498047,
                0.015251212753355503,
                0.1250440627336502,
                -0.22137652337551117,
                0.19125211238861084,
                0.19584369659423828,
                0.05782391503453255,
                0.05801982432603836,
                0.07813672721385956,
                0.08681067824363708,
                -0.01734194904565811,
                -0.022661346942186356,
                -0.231918066740036,
                -0.03621421009302139,
                0.08947903662919998,
                -0.06258060038089752,
                0.09357567131519318,
                0.042807407677173615
            ]
        ]
    },
    "hand": {
        "hand_count": 0,
        "hand_landmarks": []
    },
    "body": {
        "landmark_count": 33,
        "landmarks": [
            {
                "x": 0.5545858144760132,
                "y": 0.3989373445510864,
                "z": -1.3903924226760864,
                "visibility": 0.9997963309288025
            },
            {
                "x": 0.6008961796760559,
                "y": 0.333742618560791,
                "z": -1.3275277614593506,
                "visibility": 0.9996205568313599
            },
            {
                "x": 0.6273685097694397,
                "y": 0.33135032653808594,
                "z": -1.327345371246338,
                "visibility": 0.9995279312133789
            },
            {
                "x": 0.6518239378929138,
                "y": 0.32864511013031006,
                "z": -1.3279247283935547,
                "visibility": 0.9995463490486145
            },
            {
                "x": 0.4797407388687134,
                "y": 0.3369278907775879,
                "z": -1.343002200126648,
                "visibility": 0.9996740818023682
            },
            {
                "x": 0.4307680130004883,
                "y": 0.3365621566772461,
                "z": -1.3419609069824219,
                "visibility": 0.9996337890625
            },
            {
                "x": 0.39455658197402954,
                "y": 0.33564114570617676,
                "z": -1.3423552513122559,
                "visibility": 0.9996788501739502
            },
            {
                "x": 0.6798822283744812,
                "y": 0.34681642055511475,
                "z": -0.7648942470550537,
                "visibility": 0.9995385408401489
            },
            {
                "x": 0.34277427196502686,
                "y": 0.35254406929016113,
                "z": -0.8138639330863953,
                "visibility": 0.9997803568840027
            },
            {
                "x": 0.602068305015564,
                "y": 0.4688568115234375,
                "z": -1.1662557125091553,
                "visibility": 0.9998993873596191
            },
            {
                "x": 0.47648757696151733,
                "y": 0.47842085361480713,
                "z": -1.1805979013442993,
                "visibility": 0.9999279975891113
            },
            {
                "x": 0.8516532778739929,
                "y": 0.6453355550765991,
                "z": -0.42303815484046936,
                "visibility": 0.9988464117050171
            },
            {
                "x": 0.16240885853767395,
                "y": 0.6607749462127686,
                "z": -0.5772552490234375,
                "visibility": 0.9995299577713013
            },
            {
                "x": 0.8895071744918823,
                "y": 0.9493705034255981,
                "z": -0.2996721565723419,
                "visibility": 0.14860260486602783
            },
            {
                "x": 0.11967173218727112,
                "y": 1.0397478342056274,