{
    "face": {
        "face_count": 1,
        "face_embeddings": [
            [
                -0.04150340333580971,
                0.1024601012468338,
                0.07410277426242828,
                -0.05532003566622734,
                -0.11379679292440414,
                0.038464829325675964,
                -0.11505138128995895,
                -0.117742158472538,
                0.13210268318653107,
                -0.15426486730575562,
                0.19203126430511475,
                -0.06856817752122879,
                -0.20135660469532013,
                -0.021630581468343735,
                -0.09957022219896317,
                0.2530522644519806,
                -0.21304009854793549,
                -0.18368232250213623,
                0.028112102299928665,
                0.06793537735939026,
                0.06880030035972595,
                0.05532065033912659,
                0.04567677155137062,
                0.03184572979807854,
                -0.12255614995956421,
                -0.34188199043273926,
                -0.11359691619873047,
                -0.03163527697324753,
                -0.06932152062654495,
                -0.07954548299312592,
                -0.08117584139108658,
                0.05947493761777878,
                -0.17718210816383362,
                0.05677984654903412,
                0.026513922959566116,
                0.10676303505897522,
                -0.01492493599653244,
                -0.11697738617658615,
                0.1474837064743042,
                0.07889072597026825,
                -0.3001402020454407,
                0.05087893083691597,
                0.08171691745519638,
                0.24397781491279602,
                0.1777370274066925,
                -0.025592241436243057,
                -0.021856455132365227,
                -0.14254145324230194,
                0.08181728422641754,
                -0.18169109523296356,
                0.016922270879149437,
                0.141571506857872,
                0.06119842827320099,
                0.0627560019493103,
                -0.007193027064204216,
                -0.09903959929943085,
                0.030300267040729523,
                0.12337000668048859,
                -0.12216316908597946,
                0.004830441437661648,
                0.12315284460783005,
                -0.05932489037513733,
                0.0562620684504509,
                -0.13406173884868622,
                0.21958626806735992,
                0.11607921868562698,
                -0.11703088134527206,
                -0.23299917578697205,
                0.09491618722677231,
                -0.12902919948101044,
                -0.1180092990398407,
                0.09562427550554276,
                -0.14310480654239655,
                -0.19933432340621948,
                -0.24705997109413147,
                -0.040856070816516876,
                0.3256739377975464,
                0.12640421092510223,
                -0.16473345458507538,
                0.04199689254164696,
                0.003530502784997225,
                -0.043915003538131714,
                0.09176873415708542,
                0.2380344569683075,
                0.067010298371315,
                0.06229865550994873,
                -0.08710239827632904,
                0.0029491279274225235,
                0.27262482047080994,
                -0.07198827713727951,
                -0.013265617191791534,
                0.2492380291223526,
                -0.03891424834728241,
                0.08168630301952362,
                -0.008220585063099861,
                0.004686906933784485,
                -0.061047498136758804,
                0.10268451273441315,
                -0.15301716327667236,
                0.0008172136731445789,
                -0.11617271602153778,
                -0.0019850851967930794,
                -0.050456926226615906,
                0.11883895844221115,
                -0.08659545332193375,
                0.11214527487754822,
                -0.013086170889437199,
                0.013784452341496944,
                -0.012850232422351837,
                -0.0013379385927692056,
                -0.08343685418367386,
                -0.04724525287747383,
                0.11839495599269867,
                -0.246354877948761,
                0.1700589656829834,
                0.13965247571468353,
                0.09655332565307617,
                0.06556292623281479,
                0.11996041983366013,
                0.12465301901102066,
                -0.007705691270530224,
                -0.04794031009078026,
                -0.24904610216617584,
                0.016474086791276932,
                0.09317021816968918,
                -0.09516476094722748,
                0.06972441077232361,
                0.008499616757035255
            ]
        ]
    },
    "hand": {
        "hand_count": 0,
        "hand_landmarks": []
    },
    "body": {
        "landmark_count": 33,
        "landmarks": [
            {
                "x": 0.7580925226211548,
                "y": 0.43853163719177246,
                "z": -1.8046191930770874,
                "visibility": 0.9990311861038208
            },
            {
                "x": 0.7587677240371704,
                "y": 0.3648254871368408,
                "z": -1.6167703866958618,
                "visibility": 0.9987321496009827
            },
            {
                "x": 0.7737218141555786,
                "y": 0.3653069734573364,
                "z": -1.617876410484314,
                "visibility": 0.9990035891532898
            },
            {
                "x": 0.78774094581604,
                "y": 0.3665865659713745,
                "z": -1.6189930438995361,
                "visibility": 0.9988749623298645
            },
            {
                "x": 0.6846011877059937,
                "y": 0.3572235107421875,
                "z": -1.767863392829895,
                "visibility": 0.9986538887023926
            },
            {
                "x": 0.6428714990615845,
                "y": 0.35279977321624756,
                "z": -1.7681461572647095,
                "visibility": 0.9988759160041809
            },
            {
                "x": 0.5936681628227234,
                "y": 0.3484851121902466,
                "z": -1.769429087638855,
                "visibility": 0.9984336495399475
            },
            {
                "x": 0.7142090201377869,
                "y": 0.3812011480331421,
                "z": -0.581874668598175,
                "visibility": 0.9994156360626221
            },
            {
                "x": 0.4467817544937134,
                "y": 0.3632938861846924,
                "z": -1.2265524864196777,
                "visibility": 0.9994648098945618
            },
            {
                "x": 0.7491217255592346,
                "y": 0.517085075378418,
                "z": -1.4089094400405884,
                "visibility": 0.9993643164634705
            },
            {
                "x": 0.655674159526825,
                "y": 0.5211056470870972,
                "z": -1.5998235940933228,
                "visibility": 0.9993470311164856
            },
            {
                "x": 0.7554954886436462,
                "y": 0.8187124729156494,
                "z": -0.0187391210347414,
                "visibility": 0.9974006414413452
            },
            {
                "x": -0.028299398720264435,
                "y": 0.7395625114440918,
                "z": -1.2762353420257568,
                "visibility": 0.9921522736549377
            },
            {
                "x": 0.9196033477783203,
                "y": 1.3517824411392212,
                "z": 0.03915480151772499,
                "visibility": 0.06661038100719452
            },
            {
                "x": -0.7591485977172852,
                "y": 0.7798104286193848,