{
    "face": {
        "face_count": 1,
        "face_embeddings": [
            [
                -0.10454276204109192,
                0.021333174780011177,
                0.09843520820140839,
                -0.08027057349681854,
                -0.07533726841211319,
                -0.05331740528345108,
                -0.06778843700885773,
                -0.12863244116306305,
                0.061612628400325775,
                -0.142014741897583,
                0.18445177376270294,
                -0.09099254012107849,
                -0.20541802048683167,
                -0.04676638916134834,
                -0.049628786742687225,
                0.19909349083900452,
                -0.11869458854198456,
                -0.1444871425628662,
                -0.058185264468193054,
                0.028198836371302605,
                0.12002799659967422,
                0.044577814638614655,
                0.003875213908031583,
                0.11696732044219971,
                -0.10600325465202332,
                -0.3368167579174042,
                -0.12477347254753113,
                -0.02961883507668972,
                -0.10620756447315216,
                -0.08149749040603638,
                -0.06828395277261734,
                -0.02596413344144821,
                -0.24364398419857025,
                -0.006748214364051819,
                -0.002870241180062294,
                0.11470280587673187,
                0.0019779466092586517,
                -0.13335545361042023,
                0.11386596411466599,
                0.04681127890944481,
                -0.3142409026622772,
                0.09411239624023438,
                0.1019497662782669,
                0.2184043675661087,
                0.19783467054367065,
                0.025360802188515663,
                -0.014332335442304611,
                -0.15641668438911438,
                0.14009177684783936,
                -0.1965828835964203,
                0.10065452754497528,
                0.09475918859243393,
                0.05592813342809677,
                0.032910946756601334,
                -0.01924237236380577,
                -0.1243477538228035,
                0.03182576596736908,
                0.16883248090744019,
                -0.20410652458667755,
                0.05427876114845276,
                0.07773759216070175,
                -0.09491169452667236,
                -0.01523333415389061,
                -0.09130273759365082,
                0.16262906789779663,
                0.16969339549541473,
                -0.1154678463935852,
                -0.24515968561172485,
                0.11395607143640518,
                -0.20492909848690033,
                -0.07696051895618439,
                0.09729529917240143,
                -0.1620309203863144,
                -0.20687457919120789,
                -0.32503700256347656,
                0.040441885590553284,
                0.31208816170692444,
                0.07880275696516037,
                -0.1986183375120163,
                0.03933785855770111,
                -0.018306976184248924,
                0.04249785095453262,
                0.1388399302959442,
                0.2119036167860031,
                0.08938854932785034,
                0.037796735763549805,
                -0.08326606452465057,
                0.03463746979832649,
                0.2699759304523468,
                -0.044409334659576416,
                -0.029912598431110382,
                0.28694215416908264,
                -0.018113654106855392,
                -0.0006123334169387817,
                0.03519827872514725,
                0.06871190667152405,
                -0.08912087976932526,
                0.04695515334606171,
                -0.15774720907211304,
                0.005401132628321648,
                -0.0065125152468681335,
                0.015477713197469711,
                -0.045369021594524384,
                0.09895852208137512,
                -0.1657184660434723,
                0.11578865349292755,
                -0.03554145246744156,
                -0.020355533808469772,
                0.010243268683552742,
                -0.0806969478726387,
                -0.11196374148130417,
                -0.0679328516125679,
                0.09675513207912445,
                -0.21838904917240143,
                0.20386448502540588,
                0.1629909723997116,
                0.10335300862789154,
                0.08486901223659515,
                0.09865838289260864,
                0.08267785608768463,
                0.033717263489961624,
                -0.045676231384277344,
                -0.25109732151031494,
                0.03650164604187012,
                0.1553003042936325,
                -0.04422012344002724,
                0.09204961359500885,
                -0.007224316243082285
            ]
        ]
    },
    "hand": {
        "hand_count": 1,
        "hand_landmarks": [
            [
                {
                    "x": 0.1990388184785843,
                    "y": 0.47365695238113403,
                    "z": -1.3171336910033915e-08,
                    "visibility": 0.0
                },
                {
                    "x": 0.2249055802822113,
                    "y": 0.42672306299209595,
                    "z": 0.05457373335957527,
                    "visibility": 0.0
                },
                {
                    "x": 0.24062123894691467,
                    "y": 0.38668185472488403,
                    "z": 0.06149408966302872,
                    "visibility": 0.0
                },
                {
                    "x": 0.26940086483955383,
                    "y": 0.3630541265010834,
                    "z": 0.05145123600959778,
                    "visibility": 0.0
                },
                {
                    "x": 0.2945635914802551,
                    "y": 0.34574106335639954,
                    "z": 0.040552202612161636,
                    "visibility": 0.0
                },
                {
                    "x": 0.181817427277565,
                    "y": 0.3567444682121277,
                    "z": 0.03346297889947891,
                    "visibility": 0.0
                },
                {
                    "x": 0.23643717169761658,
                    "y": 0.2995615005493164,
                    "z": 0.021764488890767097,
                    "visibility": 0.0
                },
                {
                    "x": 0.2864871025085449,
                    "y": 0.2956284284591675,
                    "z": 0.013948754407465458,
                    "visibility": 0.0
                },
                {
                    "x": 0.31560638546943665,
                    "y": 0.3051089346408844,
                    "z": 0.011103471741080284,
                    "visibility": 0.0
                },
                {
                    "x": 0.18058635294437408,
                    "y": 0.35958132147789,
                    "z": -0.006291167810559273,
                    "visibility": 0.0
                },
                {
                    "x": 0.2442323863506317,
                    "y": 0.2946617603302002,
                    "z": -0.015256429091095924,
                    "visibility": 0.0
                },
                {
                    "x": 0.2926665246486664,
                    "y": 0.3100905418395996,
                    "z": -0.014828609302639961,
                    "visibility": 0.0
                },
                {
                    "x": 0.3025253713130951,
                    "y": 0.33443135023117065,
                    "z": -0.012785149738192558,
                    "visibility": 0.0
                },
                {
                    "x": 0.19632643461227417,
                    "y": 0.3674406111240387,
                    "z": -0.04235488176345825,