{
    "face": {
        "face_count": 1,
        "face_embeddings": [
            [
                -0.09657871723175049,
                0.05283912271261215,
                0.07418242841959,
                -0.09613706171512604,
                -0.08245685696601868,
                -0.011738751083612442,
                -0.09011001884937286,
                -0.12088673561811447,
                0.08788467943668365,
                -0.1655384600162506,
                0.20279547572135925,
                -0.08059971034526825,
                -0.1819944679737091,
                -0.035620737820863724,
                -0.017168020829558372,
                0.18796990811824799,
                -0.12317261844873428,
                -0.16441857814788818,
                -0.04044296592473984,
                0.04487094283103943,
                0.06995100528001785,
                0.05364016070961952,
                0.01435167994350195,
                0.07540646195411682,
                -0.213230162858963,
                -0.2912011444568634,
                -0.134220689535141,
                -0.04617008939385414,
                -0.13603553175926208,
                -0.08148643374443054,
                -0.08746030926704407,
                0.015261020511388779,
                -0.20063436031341553,
                0.011015689000487328,
                0.026525648310780525,
                0.15223707258701324,
                -0.00045574631076306105,
                -0.05787399038672447,
                0.1593674272298813,
                0.08764144778251648,
                -0.30252453684806824,
                0.11819835752248764,
                0.07598801702260971,
                0.24494057893753052,
                0.19267430901527405,
                0.024654196575284004,
                -0.009949112311005592,
                -0.18922504782676697,
                0.11377087235450745,
                -0.2011287659406662,
                0.07575279474258423,
                0.12856143712997437,
                0.046295415610075,
                0.05627031624317169,
                -0.028733987361192703,
                -0.08789492398500443,
                0.025830240920186043,
                0.12928105890750885,
                -0.15840396285057068,
                0.009766259230673313,
                0.11033143103122711,
                -0.056776922196149826,
                -0.04821590334177017,
                -0.14394211769104004,
                0.19890578091144562,
                0.15925593674182892,
                -0.134540855884552,
                -0.23784998059272766,
                0.12044304609298706,
                -0.1643768548965454,
                -0.15850816667079926,
                0.12641321122646332,
                -0.17009907960891724,
                -0.1937875598669052,
                -0.32850030064582825,
                0.019708819687366486,
                0.3015086054801941,
                0.10008831322193146,
                -0.20733797550201416,
                0.033703941851854324,
                -0.026085786521434784,
                0.025013845413923264,
                0.08422549068927765,
                0.18616320192813873,
                0.05426965653896332,
                0.05741400271654129,
                -0.022597989067435265,
                0.04613358899950981,
                0.2947918772697449,
                -0.056933969259262085,
                -0.004251684993505478,
                0.23098348081111908,
                0.018475115299224854,
                0.07289525121450424,
                0.029276415705680847,
                0.05301591753959656,
                -0.0460701659321785,
                0.026446187868714333,
                -0.17007458209991455,
                0.02017904818058014,
                -0.005960023030638695,
                0.010468026623129845,
                -0.027675971388816833,
                0.15633350610733032,
                -0.20084357261657715,
                0.19123275578022003,
                -0.029862049967050552,
                -0.06063561514019966,
                0.014198202639818192,
                -0.0070245834067463875,
                -0.07783768326044083,
                -0.042998649179935455,
                0.13316947221755981,
                -0.2576412260532379,
                0.17209096252918243,
                0.18547335267066956,
                0.08107125014066696,
                0.04422380030155182,
                0.1194300577044487,
                0.10287144780158997,
                -0.03393072634935379,
                0.02834310010075569,
                -0.2927696704864502,
                -0.002238679677248001,
                0.1327158659696579,
                -0.06373997032642365,
                0.08887291699647903,
                0.006951301824301481
            ]
        ]
    },
    "hand": {
        "hand_count": 0,
        "hand_landmarks": []
    },
    "body": {
        "landmark_count": 33,
        "landmarks": [
            {
                "x": 0.6593053936958313,
                "y": 0.31783875823020935,
                "z": -1.4398554563522339,
                "visibility": 0.9992491602897644
            },
            {
                "x": 0.6612752079963684,
                "y": 0.2604091167449951,
                "z": -1.316222906112671,
                "visibility": 0.9982510209083557
            },
            {
                "x": 0.6763166189193726,
                "y": 0.2597541809082031,
                "z": -1.3168249130249023,
                "visibility": 0.9985381364822388
            },
            {
                "x": 0.6911441087722778,
                "y": 0.259387731552124,
                "z": -1.3161612749099731,
                "visibility": 0.9975184202194214
            },
            {
                "x": 0.591934323310852,
                "y": 0.2624661922454834,
                "z": -1.4806309938430786,
                "visibility": 0.9990143775939941
            },
            {
                "x": 0.5545715689659119,
                "y": 0.2634732723236084,
                "z": -1.481361746788025,
                "visibility": 0.9994760155677795
            },
            {
                "x": 0.5088513493537903,
                "y": 0.26390039920806885,
                "z": -1.4829230308532715,
                "visibility": 0.9993038177490234
            },
            {
                "x": 0.6312696933746338,
                "y": 0.28407084941864014,
                "z": -0.577915370464325,
                "visibility": 0.9981595873832703
            },
            {
                "x": 0.3681832551956177,
                "y": 0.28862378001213074,
                "z": -1.2986723184585571,
                "visibility": 0.9996578693389893
            },
            {
                "x": 0.6720909476280212,
                "y": 0.37936311960220337,
                "z": -1.1573364734649658,
                "visibility": 0.9989699125289917
            },
            {
                "x": 0.5898876786231995,
                "y": 0.3850243091583252,
                "z": -1.3665047883987427,
                "visibility": 0.9994605183601379
            },
            {
                "x": 0.6447112560272217,
                "y": 0.5819754600524902,
                "z": 0.1308445781469345,
                "visibility": 0.9960785508155823
            },
            {
                "x": 0.09626561403274536,
                "y": 0.6061615943908691,
                "z": -1.2804757356643677,
                "visibility": 0.9990755319595337
            },
            {
                "x": 0.8571175336837769,
                "y": 0.9092340469360352,
                "z": 0.6630091667175293,
                "visibility": 0.37814539670944214
            },
            {
                "x": 0.10600757598876953,
                "y": 1.0314509868621826,