{
    "face": {
        "face_count": 1,
        "face_embeddings": [
            [
                -0.04068496450781822,
                -0.005786658264696598,
                0.07489446550607681,
                -0.080259770154953,
                -0.06320242583751678,
                -0.0472196564078331,
                -0.09651395678520203,
                -0.07290670275688171,
                0.1520536094903946,
                -0.1129947155714035,
                0.2034679651260376,
                -0.06109008565545082,
                -0.22323770821094513,
                -0.04322061687707901,
                -0.024408182129263878,
                0.215550035238266,
                -0.1484452784061432,
                -0.15321120619773865,
                -0.02275623381137848,
                0.04576230049133301,
                0.06701456010341644,
                -0.0047705876640975475,
                -0.02574276179075241,
                0.11015590280294418,
                -0.05474273860454559,
                -0.3431011140346527,
                -0.09663445502519608,
                -0.05359116941690445,
                -0.043097421526908875,
                -0.15093155205249786,
                -0.0558135025203228,
                0.06571570783853531,
                -0.20050953328609467,
                -0.015018830075860023,
                -0.016591034829616547,
                0.1428365856409073,
                -0.00570063479244709,
                -0.15317681431770325,
                0.10545705258846283,
                0.029854629188776016,
                -0.3397763967514038,
                0.08419056981801987,
                0.005667802877724171,
                0.23950231075286865,
                0.1986001878976822,
                -0.00499752489849925,
                -0.013435376808047295,
                -0.11513280868530273,
                0.05947551131248474,
                -0.24427743256092072,
                0.010974732227623463,
                0.11956821382045746,
                -0.012027967721223831,
                0.04602427780628204,
                -0.022695567458868027,
                -0.14308057725429535,
                0.036551352590322495,
                0.0533534437417984,
                -0.19273631274700165,
                -0.0030020130798220634,
                0.11316641420125961,
                -0.10407695174217224,
                0.048325758427381516,
                -0.12210997939109802,
                0.15735763311386108,
                0.08688130974769592,
                -0.13918016850948334,
                -0.17076030373573303,
                0.04964681342244148,
                -0.20843887329101562,
                -0.04318464547395706,
                0.11045967042446136,
                -0.1428525596857071,
                -0.23477675020694733,
                -0.3154793679714203,
                0.05672188475728035,
                0.3769862651824951,
                0.14053533971309662,
                -0.15448780357837677,
                0.07641290128231049,
                -0.016174670308828354,
                -0.007779561914503574,
                0.11473225057125092,
                0.20766307413578033,
                0.11527512967586517,
                0.07433473318815231,
                -0.08422300219535828,
                0.054240915924310684,
                0.22116217017173767,
                -0.041212014853954315,
                0.010846374556422234,
                0.24194619059562683,
                -0.05095987766981125,
                0.0519760437309742,
                -0.004466583486646414,
                0.10134795308113098,
                -0.013239184394478798,
                0.06713788211345673,
                -0.14116063714027405,
                0.05199028179049492,
                -0.034380894154310226,
                0.0038736271671950817,
                -0.008381396532058716,
                0.07228293269872665,
                -0.09812809526920319,
                0.10592231154441833,
                0.017907755449414253,
                -0.015220869332551956,
                0.013087635859847069,
                0.0197445061057806,
                -0.09491772949695587,
                -0.08649062365293503,
                0.12235235422849655,
                -0.26395827531814575,
                0.1802264302968979,
                0.21751311421394348,
                0.1425616294145584,
                0.07677929103374481,
                0.0736548900604248,
                0.10758953541517258,
                -0.017763908952474594,
                -0.08859734982252121,
                -0.21395041048526764,
                0.0314357727766037,
                0.06154513359069824,
                0.013564027845859528,
                0.06354966759681702,
                0.0052095274440944195
            ]
        ]
    },
    "hand": {
        "hand_count": 0,
        "hand_landmarks": []
    },
    "body": {
        "landmark_count": 33,
        "landmarks": [
            {
                "x": 0.4045223891735077,
                "y": 0.21463990211486816,
                "z": -1.6257673501968384,
                "visibility": 0.9088156223297119
            },
            {
                "x": 0.49831944704055786,
                "y": 0.1584155559539795,
                "z": -1.5758459568023682,
                "visibility": 0.8949428200721741
            },
            {
                "x": 0.5356404185295105,
                "y": 0.1577441692352295,
                "z": -1.5773320198059082,
                "visibility": 0.883527934551239
            },
            {
                "x": 0.5699093341827393,
                "y": 0.15308904647827148,
                "z": -1.5789968967437744,
                "visibility": 0.882773220539093
            },
            {
                "x": 0.3731144666671753,
                "y": 0.15556025505065918,
                "z": -1.6210415363311768,
                "visibility": 0.9096164107322693
            },
            {
                "x": 0.32380759716033936,
                "y": 0.1549663543701172,
                "z": -1.621006965637207,
                "visibility": 0.9051023721694946
            },
            {
                "x": 0.294120192527771,
                "y": 0.15297603607177734,
                "z": -1.6233165264129639,
                "visibility": 0.9100635051727295
            },
            {
                "x": 0.6818568110466003,
                "y": 0.1741185337305069,
                "z": -0.8010358214378357,
                "visibility": 0.9226056337356567
            },
            {
                "x": 0.30191993713378906,
                "y": 0.1513214111328125,
                "z": -0.9665764570236206,
                "visibility": 0.9217090606689453
            },
            {
                "x": 0.5916351079940796,
                "y": 0.3283848762512207,
                "z": -1.2866506576538086,
                "visibility": 0.9258361458778381
            },
            {
                "x": 0.3375470042228699,
                "y": 0.3091154098510742,
                "z": -1.3412034511566162,
                "visibility": 0.9386709928512573
            },
            {
                "x": 0.8604227900505066,
                "y": 0.5983935594558716,
                "z": -0.25945889949798584,
                "visibility": 0.9295094609260559
            },
            {
                "x": 0.019910156726837158,
                "y": 0.5509662628173828,
                "z": -0.7000320553779602,
                "visibility": 0.9519798159599304
            },
            {
                "x": 1.1355303525924683,
                "y": 1.084546446800232,
                "z": -0.10672222077846527,
                "visibility": 0.09600268304347992
            },
            {
                "x": 0.21275576949119568,
                "y": 1.065217137336731,