{
    "face": {
        "face_count": 1,
        "face_embeddings": [
            [
                -0.012468935921788216,
                0.037197213619947433,
                0.029509052634239197,
                -0.06913788616657257,
                -0.08078055083751678,
                -0.06529319286346436,
                -0.08470015227794647,
                -0.08151865005493164,
                0.14107711613178253,
                -0.1448967158794403,
                0.16655400395393372,
                -0.08770669251680374,
                -0.203788161277771,
                -0.03377678990364075,
                -0.0341363288462162,
                0.19994483888149261,
                -0.15270330011844635,
                -0.15132278203964233,
                -0.056433238089084625,
                0.03103799745440483,
                0.07070983201265335,
                0.020478233695030212,
                0.019033711403608322,
                0.08518077433109283,
                -0.0911555364727974,
                -0.32088929414749146,
                -0.12329363822937012,
                -0.04937298595905304,
                -0.06316301226615906,
                -0.06799783557653427,
                -0.08897605538368225,
                0.02997383289039135,
                -0.1896825134754181,
                -0.06164102628827095,
                0.024196462705731392,
                0.10123728215694427,
                -0.015540068037807941,
                -0.12183960527181625,
                0.1526530385017395,
                -0.00818175170570612,
                -0.32516130805015564,
                0.09695005416870117,
                0.09242810308933258,
                0.2245708703994751,
                0.20154236257076263,
                0.005646372679620981,
                -0.01248684898018837,
                -0.1609206348657608,
                0.10991010814905167,
                -0.16413316130638123,
                0.06066841632127762,
                0.129719078540802,
                0.010490844026207924,
                0.06380666792392731,
                0.013791368342936039,
                -0.09373680502176285,
                0.059116002172231674,
                0.14979611337184906,
                -0.15113502740859985,
                0.02120029740035534,
                0.12676377594470978,
                -0.09057492762804031,
                -0.001840256154537201,
                -0.10388720035552979,
                0.17879237234592438,
                0.10525961965322495,
                -0.1010899692773819,
                -0.2514243423938751,
                0.0853458046913147,
                -0.203579381108284,
                -0.11318492144346237,
                0.10488441586494446,
                -0.13593681156635284,
                -0.19498085975646973,
                -0.31042444705963135,
                -0.013672444969415665,
                0.30864500999450684,
                0.11711297929286957,
                -0.1820702701807022,
                0.11930672079324722,
                0.006639239378273487,
                0.002010245341807604,
                0.17716407775878906,
                0.2092474400997162,
                0.08413934707641602,
                0.07055015861988068,
                -0.10647283494472504,
                0.023114414885640144,
                0.263091504573822,
                -0.05386163666844368,
                -0.0343690887093544,
                0.2293533980846405,
                -0.02481575682759285,
                0.040771275758743286,
                0.06058456376194954,
                0.08137842267751694,
                -0.0698307678103447,
                0.05020090937614441,
                -0.19693881273269653,
                0.011977937072515488,
                0.07076610624790192,
                -0.006356239318847656,
                -0.06455667316913605,
                0.07600192725658417,
                -0.11072839796543121,
                0.11298392713069916,
                -0.018655849620699883,
                0.03145509213209152,
                0.01827143132686615,
                -0.03421470522880554,
                -0.08624299615621567,
                -0.037760473787784576,
                0.13510088622570038,
                -0.22297190129756927,
                0.21257208287715912,
                0.12542736530303955,
                0.0770665630698204,
                0.06989579647779465,
                0.12508444488048553,
                0.09601288288831711,
                -0.013608125038444996,
                -0.06905746459960938,
                -0.26993638277053833,
                -0.005696087144315243,
                0.10243430733680725,
                -0.001285097561776638,
                0.14379993081092834,
                0.018781231716275215
            ]
        ]
    },
    "hand": {
        "hand_count": 0,
        "hand_landmarks": []
    },
    "body": {
        "landmark_count": 33,
        "landmarks": [
            {
                "x": 0.44683733582496643,
                "y": 0.32909753918647766,
                "z": -2.2479915618896484,
                "visibility": 0.999956488609314
            },
            {
                "x": 0.5018314719200134,
                "y": 0.2751131057739258,
                "z": -2.1214399337768555,
                "visibility": 0.9999104738235474
            },
            {
                "x": 0.5254121422767639,
                "y": 0.2773406505584717,
                "z": -2.1220760345458984,
                "visibility": 0.9999116659164429
            },
            {
                "x": 0.5528395771980286,
                "y": 0.27912986278533936,
                "z": -2.121829032897949,
                "visibility": 0.9998785257339478
            },
            {
                "x": 0.3938983678817749,
                "y": 0.2624320983886719,
                "z": -2.1173174381256104,
                "visibility": 0.9999104738235474
            },
            {
                "x": 0.35559672117233276,
                "y": 0.2577627897262573,
                "z": -2.1171398162841797,
                "visibility": 0.99992835521698
            },
            {
                "x": 0.32485678791999817,
                "y": 0.2550497055053711,
                "z": -2.117915391921997,
                "visibility": 0.9999113082885742
            },
            {
                "x": 0.5876302123069763,
                "y": 0.3033190965652466,
                "z": -1.244026780128479,
                "visibility": 0.9999077320098877
            },
            {
                "x": 0.29073238372802734,
                "y": 0.2787424325942993,
                "z": -1.2173912525177002,
                "visibility": 0.9999206066131592
            },
            {
                "x": 0.49859553575515747,
                "y": 0.3917151689529419,
                "z": -1.9229340553283691,
                "visibility": 0.9999510049819946
            },
            {
                "x": 0.37306922674179077,
                "y": 0.3835216462612152,
                "z": -1.917955994606018,
                "visibility": 0.9999395608901978
            },
            {
                "x": 0.7860941290855408,
                "y": 0.5732260942459106,
                "z": -0.6850091218948364,
                "visibility": 0.9989768266677856
            },
            {
                "x": 0.0845537781715393,
                "y": 0.6356337070465088,
                "z": -0.6779031157493591,
                "visibility": 0.9975232481956482
            },
            {
                "x": 0.9103456735610962,
                "y": 0.9603726863861084,
                "z": -0.652258574962616,
                "visibility": 0.5342494249343872
            },
            {
                "x": -0.1729356348514557,
                "y": 1.0040019750595093,