{
    "face": {
        "face_count": 1,
        "face_embeddings": [
            [
                -0.0724683403968811,
                0.038401827216148376,
                0.05016369745135307,
                -0.07311160117387772,
                -0.06525912880897522,
                -0.07861475646495819,
                -0.09337949752807617,
                -0.10915792733430862,
                0.038279470056295395,
                -0.17436282336711884,
                0.19076940417289734,
                -0.059694692492485046,
                -0.22806978225708008,
                -0.033611960709095,
                -0.04329778254032135,
                0.1869889795780182,
                -0.1542486846446991,
                -0.15741272270679474,
                -0.05467117950320244,
                0.03573872894048691,
                0.1129220575094223,
                0.03953927755355835,
                0.03616733103990555,
                0.06710962951183319,
                -0.09747841954231262,
                -0.3148336112499237,
                -0.11582348495721817,
                -0.049836061894893646,
                -0.0690118595957756,
                -0.045117851346731186,
                -0.05922927334904671,
                -0.010902809910476208,
                -0.20331934094429016,
                0.013580583967268467,
                -0.004027986899018288,
                0.09476982802152634,
                0.012024527415633202,
                -0.07258902490139008,
                0.1752246469259262,
                0.022034447640180588,
                -0.3344685733318329,
                0.0627000704407692,
                0.09375854581594467,
                0.23169830441474915,
                0.18888667225837708,
                0.03063175268471241,
                -0.013911295682191849,
                -0.16804815828800201,
                0.0992148369550705,
                -0.21680495142936707,
                0.14871563017368317,
                0.11090472340583801,
                0.02413426898419857,
                0.08342443406581879,
                0.01608257368206978,
                -0.11263884603977203,
                0.059972137212753296,
                0.1489882618188858,
                -0.1667063981294632,
                0.036957692354917526,
                0.1128031462430954,
                -0.0571451336145401,
                0.025127526372671127,
                -0.11670903861522675,
                0.1900838017463684,
                0.10696668177843094,
                -0.11905431002378464,
                -0.1953275054693222,
                0.11446058750152588,
                -0.20333610475063324,
                -0.10877596586942673,
                0.147710919380188,
                -0.12495794147253036,
                -0.1898420751094818,
                -0.3245059549808502,
                -0.004307812079787254,
                0.3110805153846741,
                0.14046120643615723,
                -0.15936431288719177,
                0.03816794604063034,
                -0.020393650978803635,
                -0.02814171090722084,
                0.1912074238061905,
                0.15806058049201965,
                0.08697313070297241,
                0.038213420659303665,
                -0.08894074708223343,
                0.04150204360485077,
                0.28225982189178467,
                -0.0444379597902298,
                -0.046757251024246216,
                0.26324570178985596,
                0.0002540396526455879,
                0.023895137012004852,
                0.04958878457546234,
                0.12811556458473206,
                -0.05127638950943947,
                0.019427455961704254,
                -0.17868423461914062,
                0.019714295864105225,
                0.005258223973214626,
                -0.034457333385944366,
                -0.08081957697868347,
                0.09498227387666702,
                -0.13773378729820251,
                0.11989463120698929,
                -0.019502820447087288,
                0.002019725739955902,
                0.003067013807594776,
                -0.028807463124394417,
                -0.09658144414424896,
                -0.05559977889060974,
                0.10439394414424896,
                -0.21973416209220886,
                0.21741878986358643,
                0.16049207746982574,
                0.08267376571893692,
                0.07011990994215012,
                0.08913421630859375,
                0.09182458370923996,
                -0.03773243725299835,
                -0.1214982196688652,
                -0.28362637758255005,
                -0.014047048054635525,
                0.1292082965373993,
                -0.004400110803544521,
                0.1251326948404312,
                0.034105200320482254
            ]
        ]
    },
    "hand": {
        "hand_count": 0,
        "hand_landmarks": []
    },
    "body": {
        "landmark_count": 33,
        "landmarks": [
            {
                "x": 0.4838244318962097,
                "y": 0.27960360050201416,
                "z": -1.8631312847137451,
                "visibility": 0.9994317889213562
            },
            {
                "x": 0.5246143341064453,
                "y": 0.23956315219402313,
                "z": -1.8129535913467407,
                "visibility": 0.9990642666816711
            },
            {
                "x": 0.5533084869384766,
                "y": 0.23767729103565216,
                "z": -1.8132144212722778,
                "visibility": 0.9990076422691345
            },
            {
                "x": 0.576556384563446,
                "y": 0.2361341118812561,
                "z": -1.8136484622955322,
                "visibility": 0.9992188215255737
            },
            {
                "x": 0.4423844814300537,
                "y": 0.2452692985534668,
                "z": -1.7941527366638184,
                "visibility": 0.9989750385284424
            },
            {
                "x": 0.4217684268951416,
                "y": 0.2470855712890625,
                "z": -1.794409990310669,
                "visibility": 0.9986749291419983
            },
            {
                "x": 0.40513694286346436,
                "y": 0.2487301230430603,
                "z": -1.7948648929595947,
                "visibility": 0.9985336065292358
            },
            {
                "x": 0.6204944252967834,
                "y": 0.2486201524734497,
                "z": -1.3651753664016724,
                "visibility": 0.9990625977516174
            },
            {
                "x": 0.3965367078781128,
                "y": 0.2669277787208557,
                "z": -1.2719104290008545,
                "visibility": 0.9977620840072632
            },
            {
                "x": 0.5483447909355164,
                "y": 0.31948885321617126,
                "z": -1.6853076219558716,
                "visibility": 0.9997261166572571
            },
            {
                "x": 0.4531581401824951,
                "y": 0.32153400778770447,
                "z": -1.6592882871627808,
                "visibility": 0.9996283054351807
            },
            {
                "x": 0.7905030250549316,
                "y": 0.47658398747444153,
                "z": -1.1085009574890137,
                "visibility": 0.9990224838256836
            },
            {
                "x": 0.2850119173526764,
                "y": 0.4896816909313202,
                "z": -0.7740485072135925,
                "visibility": 0.9962452054023743
            },
            {
                "x": 0.8922402262687683,
                "y": 0.7630236148834229,
                "z": -0.8742400407791138,
                "visibility": 0.9302542805671692
            },
            {
                "x": 0.3408110439777374,
                "y": 0.7801108360290527,