{
    "face": {
        "face_count": 1,
        "face_embeddings": [
            [
                -0.057645317167043686,
                -0.00727926567196846,
                0.040389470756053925,
                -0.06948459893465042,
                -0.04184437543153763,
                -0.04964554309844971,
                -0.07126640528440475,
                -0.12570525705814362,
                0.08720403909683228,
                -0.16226507723331451,
                0.1917509287595749,
                -0.05136972665786743,
                -0.20941749215126038,
                -0.054086171090602875,
                -0.045171529054641724,
                0.2151711881160736,
                -0.15056544542312622,
                -0.1546553075313568,
                -0.03796253353357315,
                0.04435774311423302,
                0.11579398810863495,
                0.043458350002765656,
                0.005859384313225746,
                0.11922791600227356,
                -0.15885567665100098,
                -0.3177050054073334,
                -0.12622497975826263,
                -0.049968425184488297,
                -0.09245181083679199,
                -0.0693826824426651,
                -0.07860924303531647,
                0.0075536766089499,
                -0.2258066087961197,
                0.027829695492982864,
                0.021188460290431976,
                0.09939896315336227,
                0.010231568478047848,
                -0.12129279971122742,
                0.1838032752275467,
                0.08092808723449707,
                -0.33078768849372864,
                0.10814324021339417,
                0.08868890255689621,
                0.22356516122817993,
                0.17852385342121124,
                -0.012157277204096317,
                -0.024956505745649338,
                -0.17746134102344513,
                0.14047512412071228,
                -0.2243790328502655,
                0.1030687540769577,
                0.09611117094755173,
                0.05069661885499954,
                0.055723849684000015,
                -0.008983570151031017,
                -0.10751374065876007,
                0.05523383617401123,
                0.11523608863353729,
                -0.21681955456733704,
                0.007486972026526928,
                0.07088782638311386,
                -0.08721309900283813,
                -0.011464420706033707,
                -0.09871052205562592,
                0.15166445076465607,
                0.13839197158813477,
                -0.11525777727365494,
                -0.22768531739711761,
                0.09138356894254684,
                -0.21057230234146118,
                -0.0870068296790123,
                0.13706821203231812,
                -0.12504519522190094,
                -0.2023671269416809,
                -0.3472086191177368,
                0.015297451056540012,
                0.3264150619506836,
                0.13071414828300476,
                -0.2021198272705078,
                0.06769496947526932,
                -0.016810251399874687,
                -0.018989192321896553,
                0.16191303730010986,
                0.18588097393512726,
                0.08941562473773956,
                0.052250176668167114,
                -0.07608981430530548,
                0.06315618753433228,
                0.27524158358573914,
                -0.036571599543094635,
                -0.02455664426088333,
                0.2781546711921692,
                0.0013040732592344284,
                0.04809238389134407,
                0.03873707354068756,
                0.08632594347000122,
                -0.08558470755815506,
                0.018428854644298553,
                -0.14841362833976746,
                -0.0007518893107771873,
                0.01149732805788517,
                0.0578799732029438,
                -0.02434467524290085,
                0.12169237434864044,
                -0.1693141758441925,
                0.14844532310962677,
                -0.02607601322233677,
                -0.06377432495355606,
                0.033489469438791275,
                -0.03737640008330345,
                -0.11047475785017014,
                -0.057113610208034515,
                0.07047104835510254,
                -0.24293997883796692,
                0.1799888163805008,
                0.12404974550008774,
                0.0928773581981659,
                0.058583635836839676,
                0.07915414869785309,
                0.06149240583181381,
                -0.04775725305080414,
                -0.06966204941272736,
                -0.2869885563850403,
                0.020872199907898903,
                0.16181612014770508,
                -0.03913209214806557,
                0.13165491819381714,
                -0.027893729507923126
            ]
        ]
    },
    "hand": {
        "hand_count": 0,
        "hand_landmarks": []
    },
    "body": {
        "landmark_count": 33,
        "landmarks": [
            {
                "x": 0.5049046874046326,
                "y": 0.3517928719520569,
                "z": -1.484363317489624,
                "visibility": 0.9995635151863098
            },
            {
                "x": 0.5766991376876831,
                "y": 0.2975621223449707,
                "z": -1.417998194694519,
                "visibility": 0.9994470477104187
            },
            {
                "x": 0.6163568496704102,
                "y": 0.29692506790161133,
                "z": -1.4187308549880981,
                "visibility": 0.9993956089019775
            },
            {
                "x": 0.6464066505432129,
                "y": 0.29654431343078613,
                "z": -1.4199215173721313,
                "visibility": 0.9995090961456299
            },
            {
                "x": 0.4534932076931,
                "y": 0.29922330379486084,
                "z": -1.3581551313400269,
                "visibility": 0.9994693398475647
            },
            {
                "x": 0.42359399795532227,
                "y": 0.3004974126815796,
                "z": -1.3569252490997314,
                "visibility": 0.999405026435852
            },
            {
                "x": 0.4023977518081665,
                "y": 0.3019680976867676,
                "z": -1.357436180114746,
                "visibility": 0.9994699358940125
            },
            {
                "x": 0.6982935667037964,
                "y": 0.3229386806488037,
                "z": -0.8888982534408569,
                "visibility": 0.9995375871658325
            },
            {
                "x": 0.3958457410335541,
                "y": 0.3327658176422119,
                "z": -0.5587029457092285,
                "visibility": 0.9994655251502991
            },
            {
                "x": 0.5878154039382935,
                "y": 0.41705137491226196,
                "z": -1.2867289781570435,
                "visibility": 0.9998729228973389
            },
            {
                "x": 0.450930655002594,
                "y": 0.4230543375015259,
                "z": -1.1929985284805298,
                "visibility": 0.9998212456703186
            },
            {
                "x": 0.9291599988937378,
                "y": 0.6555631160736084,
                "z": -0.7322221994400024,
                "visibility": 0.9982301592826843
            },
            {
                "x": 0.24208849668502808,
                "y": 0.6530221700668335,
                "z": -0.08513133227825165,
                "visibility": 0.998963475227356
            },
            {
                "x": 1.0851154327392578,
                "y": 1.0044760704040527,
                "z": -0.6939517855644226,
                "visibility": 0.42356935143470764
            },
            {
                "x": 0.11426287889480591,
                "y": 0.8868403434753418,