{
    "face": {
        "face_count": 1,
        "face_embeddings": [
            [
                -0.07477258145809174,
                0.17061598598957062,
                0.012667566537857056,
                -0.06973160803318024,
                -0.17880526185035706,
                0.015231764875352383,
                -0.05723825469613075,
                -0.08515571057796478,
                0.16425316035747528,
                -0.15354812145233154,
                0.22971606254577637,
                -0.07738129049539566,
                -0.21558552980422974,
                -0.012038123793900013,
                -0.0495523177087307,
                0.2322283685207367,
                -0.15494820475578308,
                -0.21452659368515015,
                -0.03171420842409134,
                0.005165758542716503,
                0.11261925101280212,
                0.060517989099025726,
                -0.0391596220433712,
                0.05614152550697327,
                -0.15369822084903717,
                -0.36261358857154846,
                -0.10373624414205551,
                -0.015361088328063488,
                -0.0013938331976532936,
                -0.05191907286643982,
                -0.043936338275671005,
                0.04073305055499077,
                -0.2083951234817505,
                -0.04283350706100464,
                0.0767304077744484,
                0.10262516140937805,
                0.004780406132340431,
                -0.09069963544607162,
                0.13156788051128387,
                -0.04175820201635361,
                -0.31243059039115906,
                0.06655535846948624,
                0.1551574319601059,
                0.23417964577674866,
                0.18905702233314514,
                0.022026797756552696,
                -0.014575811102986336,
                -0.12879760563373566,
                0.08481808006763458,
                -0.13923755288124084,
                0.004247885197401047,
                0.14933794736862183,
                0.07048837095499039,
                0.08704102039337158,
                0.007833041250705719,
                -0.14521178603172302,
                0.02902146801352501,
                0.15042799711227417,
                -0.10696951299905777,
                -0.06616394221782684,
                0.08018177002668381,
                -0.04118036478757858,
                0.05342002585530281,
                -0.09868338704109192,
                0.2295330911874771,
                0.001039028400555253,
                -0.09452812373638153,
                -0.1958632469177246,
                0.13572263717651367,
                -0.15892553329467773,
                -0.0914326012134552,
                0.056133538484573364,
                -0.17595048248767853,
                -0.18443234264850616,
                -0.318678617477417,
                0.01268257386982441,
                0.3215620517730713,
                0.1438634991645813,
                -0.13585767149925232,
                0.13349649310112,
                0.037328578531742096,
                0.06025271862745285,
                0.07476826757192612,
                0.112237349152565,
                -0.017420567572116852,
                0.04101836681365967,
                -0.11357898265123367,
                0.044741906225681305,
                0.31630226969718933,
                -0.0585804283618927,
                0.002078138291835785,
                0.25305670499801636,
                -0.02437855303287506,
                0.055907681584358215,
                0.04886198043823242,
                0.05070141702890396,
                -0.06599877029657364,
                0.00686405785381794,
                -0.1691286563873291,
                0.008978035300970078,
                0.010110841132700443,
                -0.0326128713786602,
                -0.04030581936240196,
                0.17765899002552032,
                -0.19347654283046722,
                0.06364383548498154,
                -0.0360005646944046,
                0.057723045349121094,
                -0.05493375286459923,
                0.056553199887275696,
                -0.10127290338277817,
                -0.0606682114303112,
                0.13183578848838806,
                -0.18459835648536682,
                0.21164420247077942,
                0.17054003477096558,
                0.03811638429760933,
                0.09087781608104706,
                0.18900959193706512,
                0.039836905896663666,
                -0.0005192402750253677,
                -0.06861855834722519,
                -0.2246544510126114,
                -0.04629646986722946,
                0.13617143034934998,
                -0.09210467338562012,
                0.1181768849492073,
                0.036381736397743225
            ]
        ]
    },
    "hand": {
        "hand_count": 0,
        "hand_landmarks": []
    },
    "body": {
        "landmark_count": 33,
        "landmarks": [
            {
                "x": 0.6020588278770447,
                "y": 0.38699793815612793,
                "z": -1.774469017982483,
                "visibility": 0.9984939098358154
            },
            {
                "x": 0.5866219997406006,
                "y": 0.31021177768707275,
                "z": -1.670969843864441,
                "visibility": 0.9958618879318237
            },
            {
                "x": 0.6068753004074097,
                "y": 0.30613911151885986,
                "z": -1.6706607341766357,
                "visibility": 0.9969701766967773
            },
            {
                "x": 0.6268477439880371,
                "y": 0.3035212755203247,
                "z": -1.6715373992919922,
                "visibility": 0.9962958693504333
            },
            {
                "x": 0.5046063661575317,
                "y": 0.3299827575683594,
                "z": -1.7396258115768433,
                "visibility": 0.9958000779151917
            },
            {
                "x": 0.4617403745651245,
                "y": 0.34150704741477966,
                "z": -1.7389758825302124,
                "visibility": 0.9967545866966248
            },
            {
                "x": 0.41967594623565674,
                "y": 0.35545480251312256,
                "z": -1.7402243614196777,
                "visibility": 0.9958781003952026
            },
            {
                "x": 0.6148977279663086,
                "y": 0.34689974784851074,
                "z": -0.9829754829406738,
                "visibility": 0.9966548681259155
            },
            {
                "x": 0.33156973123550415,
                "y": 0.42511793971061707,
                "z": -1.2382088899612427,
                "visibility": 0.9969101548194885
            },
            {
                "x": 0.6496320962905884,
                "y": 0.4601348638534546,
                "z": -1.5056490898132324,
                "visibility": 0.9984142780303955
            },
            {
                "x": 0.5545531511306763,
                "y": 0.49406445026397705,
                "z": -1.5775123834609985,
                "visibility": 0.9983468055725098
            },
            {
                "x": 1.0565736293792725,
                "y": 0.7065491676330566,
                "z": -0.45164287090301514,
                "visibility": 0.9972346425056458
            },
            {
                "x": 0.18420523405075073,
                "y": 0.8842758536338806,
                "z": -1.0878432989120483,
                "visibility": 0.9983751773834229
            },
            {
                "x": 1.390129804611206,
                "y": 1.139779806137085,
                "z": 0.014470415189862251,
                "visibility": 0.11352112144231796
            },
            {
                "x": 0.1501033902168274,
                "y": 1.3588120937347412,