{
    "face": {
        "face_count": 1,
        "face_embeddings": [
            [
                -0.11300907284021378,
                0.12201425433158875,
                0.02659544348716736,
                -0.01902671717107296,
                -0.1374327391386032,
                -0.012835657224059105,
                -0.05593538284301758,
                -0.16632699966430664,
                0.1320493519306183,
                -0.11363020539283752,
                0.16357313096523285,
                -0.09340378642082214,
                -0.15585243701934814,
                -0.09099332243204117,
                -0.05945485830307007,
                0.25257056951522827,
                -0.18381182849407196,
                -0.1931624412536621,
                -0.017584597691893578,
                -0.010715721175074577,
                0.09134899824857712,
                0.024843495339155197,
                -0.035599734634160995,
                0.1065475195646286,
                -0.10900844633579254,
                -0.33080899715423584,
                -0.10907503217458725,
                -0.06268781423568726,
                0.07697505503892899,
                -0.046541474759578705,
                -0.10417452454566956,
                0.034860458225011826,
                -0.23877868056297302,
                -0.06294062733650208,
                0.042504243552684784,
                0.08552537858486176,
                0.009203312918543816,
                -0.10744952410459518,
                0.09995561838150024,
                -0.04467491805553436,
                -0.2774142622947693,
                0.05779308080673218,
                0.12678293883800507,
                0.1865353137254715,
                0.21796494722366333,
                0.07711438089609146,
                -0.006818763911724091,
                -0.16082382202148438,
                0.10140151530504227,
                -0.17225894331932068,
                0.03415928781032562,
                0.1095673069357872,
                0.013495080173015594,
                0.09212230145931244,
                0.001905970275402069,
                -0.1828351467847824,
                0.04800284281373024,
                0.11295740306377411,
                -0.1439928412437439,
                0.020244179293513298,
                0.06417838484048843,
                -0.05804078280925751,
                0.04266912862658501,
                -0.0318327434360981,
                0.21665892004966736,
                0.08447911590337753,
                -0.03823148459196091,
                -0.21005204319953918,
                0.1510598361492157,
                -0.2228899747133255,
                -0.07190763205289841,
                0.07931061834096909,
                -0.08150392770767212,
                -0.16992084681987762,
                -0.32966119050979614,
                0.003532763570547104,
                0.3815423250198364,
                0.17405633628368378,
                -0.1889651119709015,
                0.08217483758926392,
                0.020919963717460632,
                0.038123734295368195,
                0.2057413011789322,
                0.13467352092266083,
                -0.011797728948295116,
                -0.021924789994955063,
                -0.1289774477481842,
                -0.03502112627029419,
                0.30453988909721375,
                -0.004857370629906654,
                0.007645344361662865,
                0.2769772708415985,
                -0.0013882145285606384,
                0.02338475175201893,
                0.04908258840441704,
                0.07885005325078964,
                -0.06918643414974213,
                0.03471217676997185,
                -0.11232050508260727,
                -0.06058722734451294,
                0.07127384841442108,
                0.010755682364106178,
                -0.015975434333086014,
                0.17498013377189636,
                -0.1753528118133545,
                0.09248066693544388,
                -0.05035660043358803,
                0.054614730179309845,
                -0.014656903222203255,
                -0.005877859890460968,
                -0.07731261849403381,
                -0.021698733791708946,
                0.11985355615615845,
                -0.19103866815567017,
                0.230552077293396,
                0.1684119999408722,
                0.008071285672485828,
                0.10648896545171738,
                0.12418212741613388,
                0.09876848012208939,
                -0.01059526577591896,
                -0.10791027545928955,
                -0.1959894448518753,
                -0.028040049597620964,
                0.161345437169075,
                -0.11733800172805786,
                0.0981832891702652,
                0.029444316402077675
            ]
        ]
    },
    "hand": {
        "hand_count": 0,
        "hand_landmarks": []
    },
    "body": {
        "landmark_count": 33,
        "landmarks": [
            {
                "x": 0.44203799962997437,
                "y": 0.28211694955825806,
                "z": -1.6723365783691406,
                "visibility": 0.999632716178894
            },
            {
                "x": 0.5013483166694641,
                "y": 0.23482847213745117,
                "z": -1.5955675840377808,
                "visibility": 0.9991069436073303
            },
            {
                "x": 0.5356981754302979,
                "y": 0.2352108359336853,
                "z": -1.595845103263855,
                "visibility": 0.9991645812988281
            },
            {
                "x": 0.5619072318077087,
                "y": 0.236882746219635,
                "z": -1.5971262454986572,
                "visibility": 0.9991006851196289
            },
            {
                "x": 0.4032384753227234,
                "y": 0.23741155862808228,
                "z": -1.5470755100250244,
                "visibility": 0.9990429282188416
            },
            {
                "x": 0.37793397903442383,
                "y": 0.23912781476974487,
                "z": -1.5465419292449951,
                "visibility": 0.9990848302841187
            },
            {
                "x": 0.357527494430542,
                "y": 0.24150896072387695,
                "z": -1.5475095510482788,
                "visibility": 0.9990946054458618
            },
            {
                "x": 0.6272423267364502,
                "y": 0.2646093964576721,
                "z": -1.0376625061035156,
                "visibility": 0.9992367029190063
            },
            {
                "x": 0.359444797039032,
                "y": 0.2683560252189636,
                "z": -0.7659178972244263,
                "visibility": 0.9992175102233887
            },
            {
                "x": 0.5196196436882019,
                "y": 0.34540337324142456,
                "z": -1.4593178033828735,
                "visibility": 0.9998713731765747
            },
            {
                "x": 0.40846607089042664,
                "y": 0.3473714590072632,
                "z": -1.383439064025879,
                "visibility": 0.9998279809951782
            },
            {
                "x": 0.9177380204200745,
                "y": 0.6049233078956604,
                "z": -0.789527177810669,
                "visibility": 0.9989442229270935
            },
            {
                "x": 0.17202839255332947,
                "y": 0.5939503908157349,
                "z": -0.3810403347015381,
                "visibility": 0.9995657801628113
            },
            {
                "x": 1.1486527919769287,
                "y": 0.9370239973068237,
                "z": -0.7903771996498108,
                "visibility": 0.5726152658462524
            },
            {
                "x": -0.041565656661987305,
                "y": 0.9626359939575195,