{
    "face": {
        "face_count": 1,
        "face_embeddings": [
            [
                -0.14529010653495789,
                0.0910562127828598,
                0.0332421213388443,
                0.00849998090416193,
                -0.16539622843265533,
                0.02336404286324978,
                -0.0037627574056386948,
                -0.14551083743572235,
                0.13376198709011078,
                -0.11772859841585159,
                0.17000432312488556,
                -0.10007631033658981,
                -0.18703137338161469,
                -0.09718690812587738,
                -0.08461496233940125,
                0.1962808072566986,
                -0.15655061602592468,
                -0.17946507036685944,
                -0.007228551432490349,
                -0.009861164726316929,
                0.11344638466835022,
                0.0207614004611969,
                -0.008221042342483997,
                0.0799347534775734,
                -0.05882704257965088,
                -0.3757038414478302,
                -0.09160152077674866,
                -0.07580463588237762,
                0.024515286087989807,
                -0.06512840837240219,
                -0.05680729076266289,
                0.09522457420825958,
                -0.2080332338809967,
                -0.08520204573869705,
                0.0015437649562954903,
                0.07590433955192566,
                0.038691531866788864,
                -0.02473856508731842,
                0.14128002524375916,
                -0.024793041869997978,
                -0.24088993668556213,
                0.09096308797597885,
                0.15495416522026062,
                0.2357160598039627,
                0.1800142377614975,
                0.07889541238546371,
                -0.01575520634651184,
                -0.14186623692512512,
                0.12737685441970825,
                -0.13901104032993317,
                0.027402788400650024,
                0.14448393881320953,
                0.0946960300207138,
                0.05421309173107147,
                0.030625734478235245,
                -0.14337220788002014,
                0.02570546418428421,
                0.05099299177527428,
                -0.09528221935033798,
                0.025096576660871506,
                0.08948829770088196,
                -0.0111654382199049,
                0.03345198556780815,
                -0.046749867498874664,
                0.22134031355381012,
                0.035488247871398926,
                -0.03231681510806084,
                -0.20538367331027985,
                0.09524913132190704,
                -0.16574151813983917,
                -0.1131947934627533,
                0.07193963974714279,
                -0.14706462621688843,
                -0.10723450779914856,
                -0.28727346658706665,
                0.027037855237722397,
                0.39551493525505066,
                0.07297442853450775,
                -0.16222143173217773,
                0.09069202095270157,
                -0.04819732531905174,
                -0.00679780775681138,
                0.1321490854024887,
                0.12539376318454742,
                -0.01923977956175804,
                -0.02914711833000183,
                -0.11169108748435974,
                -0.022449936717748642,
                0.2337971180677414,
                -0.004467017948627472,
                -0.00713945459574461,
                0.22603371739387512,
                0.023777559399604797,
                0.035621754825115204,
                0.04440789297223091,
                0.04942340403795242,
                -0.09481512010097504,
                0.06772340834140778,
                -0.13555897772312164,
                -0.060002122074365616,
                0.03373187780380249,
                -0.015801742672920227,
                -0.0095105841755867,
                0.10913240164518356,
                -0.21811522543430328,
                0.0887717455625534,
                -0.062063075602054596,
                0.0685991495847702,
                0.003811000846326351,
                -0.004127988591790199,
                -0.10962432622909546,
                0.027033662423491478,
                0.1015418991446495,
                -0.22048979997634888,
                0.20846250653266907,
                0.12141045928001404,
                0.008556338027119637,
                0.0896124318242073,
                0.14003576338291168,
                0.0903390571475029,
                -0.007905532605946064,
                -0.0236047375947237,
                -0.18240265548229218,
                -0.037766728550195694,
                0.16435986757278442,
                -0.09237085282802582,
                0.06322258710861206,
                0.02640589326620102
            ]
        ]
    },
    "hand": {
        "hand_count": 0,
        "hand_landmarks": []
    },
    "body": {
        "landmark_count": 33,
        "landmarks": [
            {
                "x": 0.4801446199417114,
                "y": 0.4361673593521118,
                "z": -1.9163312911987305,
                "visibility": 0.9999370574951172
            },
            {
                "x": 0.5152509212493896,
                "y": 0.36021244525909424,
                "z": -1.842680811882019,
                "visibility": 0.9999109506607056
            },
            {
                "x": 0.5549185872077942,
                "y": 0.35494327545166016,
                "z": -1.8423652648925781,
                "visibility": 0.9999096393585205
            },
            {
                "x": 0.5908601880073547,
                "y": 0.35137343406677246,
                "z": -1.8422486782073975,
                "visibility": 0.99988853931427
            },
            {
                "x": 0.40757516026496887,
                "y": 0.38088536262512207,
                "z": -1.7807148694992065,
                "visibility": 0.9999010562896729
            },
            {
                "x": 0.3756709396839142,
                "y": 0.3885800838470459,
                "z": -1.7782596349716187,
                "visibility": 0.9998884201049805
            },
            {
                "x": 0.34936922788619995,
                "y": 0.39635372161865234,
                "z": -1.7787580490112305,
                "visibility": 0.9998784065246582
            },
            {
                "x": 0.6539528369903564,
                "y": 0.38290512561798096,
                "z": -1.121893286705017,
                "visibility": 0.9999048709869385
            },
            {
                "x": 0.3269878625869751,
                "y": 0.4401974678039551,
                "z": -0.8012889623641968,
                "visibility": 0.9999244213104248
            },
            {
                "x": 0.5741011500358582,
                "y": 0.5057516098022461,
                "z": -1.6415446996688843,
                "visibility": 0.9999411106109619
            },
            {
                "x": 0.44264593720436096,
                "y": 0.5267707109451294,
                "z": -1.551956057548523,
                "visibility": 0.9999483823776245
            },
            {
                "x": 1.0066112279891968,
                "y": 0.7586863040924072,
                "z": -0.8497382998466492,
                "visibility": 0.9958290457725525
            },
            {
                "x": 0.20330411195755005,
                "y": 0.8507043123245239,
                "z": -0.20874427258968353,
                "visibility": 0.9992015957832336
            },
            {
                "x": 1.2684885263442993,
                "y": 1.1714211702346802,
                "z": -1.7889955043792725,
                "visibility": 0.5942846536636353
            },
            {
                "x": 0.13071739673614502,
                "y": 1.3045220375061035,