{
    "face": {
        "face_count": 1,
        "face_embeddings": [
            [
                -0.10417763143777847,
                0.12276772409677505,
                -0.0014348137192428112,
                -0.043891601264476776,
                -0.15001896023750305,
                -0.030045539140701294,
                -0.06390240788459778,
                -0.10751747339963913,
                0.14164131879806519,
                -0.13397316634655,
                0.18980494141578674,
                -0.07751398533582687,
                -0.19399550557136536,
                -0.04466889053583145,
                -0.07370816916227341,
                0.23078519105911255,
                -0.1409834623336792,
                -0.152094304561615,
                -0.024867426604032516,
                0.036082372069358826,
                0.0891520231962204,
                0.03741913288831711,
                -0.004797504749149084,
                0.06858112663030624,
                -0.12540431320667267,
                -0.3378976881504059,
                -0.10291280597448349,
                -0.036255963146686554,
                0.010479732416570187,
                -0.03239574655890465,
                -0.03450712561607361,
                0.04568519443273544,
                -0.1987084001302719,
                -0.023714547976851463,
                0.049565695226192474,
                0.08965634554624557,
                -0.0015154748689383268,
                -0.06750957667827606,
                0.16156825423240662,
                -0.0068057747557759285,
                -0.3241533637046814,
                0.04269842430949211,
                0.10588733851909637,
                0.22324194014072418,
                0.18773524463176727,
                0.006321639753878117,
                0.03497631475329399,
                -0.15685664117336273,
                0.1347029209136963,
                -0.15169215202331543,
                0.011285197921097279,
                0.11502860486507416,
                0.02017081528902054,
                0.05244205892086029,
                0.028483733534812927,
                -0.1309669017791748,
                0.044127412140369415,
                0.17635969817638397,
                -0.10035950690507889,
                -0.007148983888328075,
                0.09394948929548264,
                0.0023913364857435226,
                0.03825358301401138,
                -0.05264957994222641,
                0.19443583488464355,
                0.030984221026301384,
                -0.07605619728565216,
                -0.2177736908197403,
                0.1517370492219925,
                -0.19747702777385712,
                -0.06692299991846085,
                0.13607147336006165,
                -0.1159609705209732,
                -0.18561901152133942,
                -0.31510093808174133,
                -0.02854764834046364,
                0.3701426684856415,
                0.13480167090892792,
                -0.14722788333892822,
                0.06878813356161118,
                -0.0004793370608240366,
                0.021580887958407402,
                0.17543432116508484,
                0.10811159759759903,
                0.0073882341384887695,
                0.003006751649081707,
                -0.1305655837059021,
                -0.03644939884543419,
                0.3573235273361206,
                -0.02290508523583412,
                -0.0062305205501616,
                0.243063285946846,
                0.025410093367099762,
                0.0330040380358696,
                0.026656776666641235,
                0.05179396644234657,
                -0.07311784476041794,
                0.00438658008351922,
                -0.14143747091293335,
                -0.030173400416970253,
                0.006211468484252691,
                -0.04655845835804939,
                -0.05586089938879013,
                0.15029571950435638,
                -0.1973949521780014,
                0.11506900191307068,
                -0.021446727216243744,
                0.06842131912708282,
                -0.03289192169904709,
                0.047482844442129135,
                -0.10283925384283066,
                -0.011819071136415005,
                0.12900254130363464,
                -0.17479637265205383,
                0.20875371992588043,
                0.13834014534950256,
                0.044123727828264236,
                0.0645371526479721,
                0.1576186567544937,
                0.057253241539001465,
                -0.0321626141667366,
                -0.0758940652012825,
                -0.1956052929162979,
                -0.05491948500275612,
                0.10658171772956848,
                -0.0956505835056305,
                0.10994940251111984,
                -0.0006926693022251129
            ]
        ]
    },
    "hand": {
        "hand_count": 0,
        "hand_landmarks": []
    },
    "body": {
        "landmark_count": 33,
        "landmarks": [
            {
                "x": 0.41055792570114136,
                "y": 0.35269486904144287,
                "z": -1.8775821924209595,
                "visibility": 0.9981995820999146
            },
            {
                "x": 0.4885658025741577,
                "y": 0.2977321147918701,
                "z": -1.8466607332229614,
                "visibility": 0.9964694976806641
            },
            {
                "x": 0.536639392375946,
                "y": 0.298761248588562,
                "z": -1.8467562198638916,
                "visibility": 0.9964485168457031
            },
            {
                "x": 0.5790011882781982,
                "y": 0.30134761333465576,
                "z": -1.8481347560882568,
                "visibility": 0.9962916374206543
            },
            {
                "x": 0.37213462591171265,
                "y": 0.3020983934402466,
                "z": -1.7548232078552246,
                "visibility": 0.9965576529502869
            },
            {
                "x": 0.34193509817123413,
                "y": 0.3053230047225952,
                "z": -1.7540102005004883,
                "visibility": 0.9968407154083252
            },
            {
                "x": 0.31830865144729614,
                "y": 0.3082613945007324,
                "z": -1.7552469968795776,
                "visibility": 0.9971693158149719
            },
            {
                "x": 0.6721319556236267,
                "y": 0.3535553216934204,
                "z": -1.3691604137420654,
                "visibility": 0.9960307478904724
            },
            {
                "x": 0.3304656147956848,
                "y": 0.35766541957855225,
                "z": -0.8848492503166199,
                "visibility": 0.9976404905319214
            },
            {
                "x": 0.5135055184364319,
                "y": 0.4382920265197754,
                "z": -1.6868418455123901,
                "visibility": 0.9991162419319153
            },
            {
                "x": 0.36720260977745056,
                "y": 0.4445377588272095,
                "z": -1.5466421842575073,
                "visibility": 0.999135434627533
            },
            {
                "x": 1.0484488010406494,
                "y": 0.7647234201431274,
                "z": -1.0792382955551147,
                "visibility": 0.9918940663337708
            },
            {
                "x": 0.10210734605789185,
                "y": 0.8063047528266907,
                "z": -0.5305652618408203,
                "visibility": 0.9980394244194031
            },
            {
                "x": 1.322789192199707,
                "y": 1.1838157176971436,
                "z": -1.279002070426941,
                "visibility": 0.20010626316070557
            },
            {
                "x": -0.16076737642288208,
                "y": 1.2199125289916992,