{
    "face": {
        "face_count": 1,
        "face_embeddings": [
            [
                -0.07491360604763031,
                0.07015172392129898,
                -0.0016107629053294659,
                -0.0395486019551754,
                -0.1982012838125229,
                -0.01497826911509037,
                -0.05277802795171738,
                -0.10202214121818542,
                0.15222656726837158,
                -0.16383053362369537,
                0.19323822855949402,
                -0.0523303784430027,
                -0.18080048263072968,
                -0.024914097040891647,
                -0.05836821720004082,
                0.20805951952934265,
                -0.156986266374588,
                -0.2009343057870865,
                -0.025678690522909164,
                0.009158273227512836,
                0.11081194877624512,
                0.09163122624158859,
                -0.015663649886846542,
                0.06886617094278336,
                -0.11791052669286728,
                -0.33220401406288147,
                -0.08844930678606033,
                -0.04401875287294388,
                0.022485245019197464,
                -0.047726523131132126,
                -0.05345733463764191,
                0.05130747705698013,
                -0.20123149454593658,
                -0.011621667072176933,
                0.07367204874753952,
                0.06439932435750961,
                0.025255369022488594,
                -0.06709165871143341,
                0.15529553592205048,
                0.03256268426775932,
                -0.33611029386520386,
                0.04302486777305603,
                0.07930373400449753,
                0.1966991424560547,
                0.18176628649234772,
                0.04692567512392998,
                -0.025766879320144653,
                -0.13748691976070404,
                0.11689932644367218,
                -0.14363053441047668,
                0.01933775097131729,
                0.13914811611175537,
                0.08400176465511322,
                0.0375593826174736,
                0.006973160430788994,
                -0.16544899344444275,
                0.03601010516285896,
                0.13944627344608307,
                -0.10048127919435501,
                -0.03344401717185974,
                0.07401585578918457,
                -0.05582273006439209,
                0.0672416090965271,
                -0.05430150777101517,
                0.2220873087644577,
                0.00204041157849133,
                -0.0523894727230072,
                -0.22023393213748932,
                0.14152148365974426,
                -0.17894816398620605,
                -0.13598300516605377,
                0.10635165125131607,
                -0.14612871408462524,
                -0.16241081058979034,
                -0.2959959805011749,
                -0.020503588020801544,
                0.3492705821990967,
                0.12813885509967804,
                -0.1693410724401474,
                0.08394581824541092,
                0.013989836908876896,
                0.06120787188410759,
                0.14003536105155945,
                0.12503087520599365,
                -0.009197104722261429,
                0.005946037359535694,
                -0.12889060378074646,
                -0.0453113429248333,
                0.30196449160575867,
                -0.04018918424844742,
                -0.026730649173259735,
                0.2545441687107086,
                -0.007231089286506176,
                0.08003995567560196,
                0.04536580294370651,
                0.006406782660633326,
                -0.04870368540287018,
                0.03388601541519165,
                -0.10448876023292542,
                -0.03420456126332283,
                0.01653420552611351,
                0.005804491229355335,
                -0.024830719456076622,
                0.17737223207950592,
                -0.1918068528175354,
                0.07674477249383926,
                -0.08039603382349014,
                0.048513803631067276,
                -0.034639209508895874,
                0.03653840720653534,
                -0.08367706835269928,
                -0.037973154336214066,
                0.09560738503932953,
                -0.2030525505542755,
                0.22112444043159485,
                0.16026286780834198,
                0.05104672536253929,
                0.09636808186769485,
                0.13696126639842987,
                0.038730688393116,
                -0.022327646613121033,
                -0.061499953269958496,
                -0.24205994606018066,
                -0.04304223507642746,
                0.1511889100074768,
                -0.10694873332977295,
                0.09843235462903976,
                0.017307979986071587
            ]
        ]
    },
    "hand": {
        "hand_count": 1,
        "hand_landmarks": [
            [
                {
                    "x": 0.18947471678256989,
                    "y": 0.29336774349212646,
                    "z": 2.885178389533394e-07,
                    "visibility": 0.0
                },
                {
                    "x": 0.22267447412014008,
                    "y": 0.27264028787612915,
                    "z": -0.02141268365085125,
                    "visibility": 0.0
                },
                {
                    "x": 0.2391015589237213,
                    "y": 0.24215000867843628,
                    "z": -0.03013698011636734,
                    "visibility": 0.0
                },
                {
                    "x": 0.24420781433582306,
                    "y": 0.2152419239282608,
                    "z": -0.03682631254196167,
                    "visibility": 0.0
                },
                {
                    "x": 0.25217384099960327,
                    "y": 0.1945488601922989,
                    "z": -0.04315005615353584,
                    "visibility": 0.0
                },
                {
                    "x": 0.19462531805038452,
                    "y": 0.20975610613822937,
                    "z": -0.019655268639326096,
                    "visibility": 0.0
                },
                {
                    "x": 0.19341592490673065,
                    "y": 0.17697536945343018,
                    "z": -0.03386932238936424,
                    "visibility": 0.0
                },
                {
                    "x": 0.19034336507320404,
                    "y": 0.15584120154380798,
                    "z": -0.04525807127356529,
                    "visibility": 0.0
                },
                {
                    "x": 0.1856909543275833,
                    "y": 0.13749465346336365,
                    "z": -0.054000601172447205,
                    "visibility": 0.0
                },
                {
                    "x": 0.1635669618844986,
                    "y": 0.2106921672821045,
                    "z": -0.019521439447999,
                    "visibility": 0.0
                },
                {
                    "x": 0.14869636297225952,
                    "y": 0.17590315639972687,
                    "z": -0.03315936028957367,
                    "visibility": 0.0
                },
                {
                    "x": 0.13823696970939636,
                    "y": 0.1533641219139099,
                    "z": -0.0446166917681694,
                    "visibility": 0.0
                },
                {
                    "x": 0.12738418579101562,
                    "y": 0.1345306932926178,
                    "z": -0.05257962644100189,
                    "visibility": 0.0
                },
                {
                    "x": 0.13831210136413574,
                    "y": 0.2192787081003189,
                    "z": -0.021870188415050507,