{
    "face": {
        "face_count": 1,
        "face_embeddings": [
            [
                -0.13275665044784546,
                0.08523589372634888,
                -0.017463376745581627,
                -0.06863052397966385,
                -0.14504237473011017,
                0.0037490003742277622,
                -0.0032565798610448837,
                -0.10762887448072433,
                0.1571897566318512,
                -0.15347830951213837,
                0.21403636038303375,
                -0.12664495408535004,
                -0.1834726333618164,
                -0.07037991285324097,
                -0.08349208533763885,
                0.2695220112800598,
                -0.14542004466056824,
                -0.16421325504779816,
                -0.0428103506565094,
                -0.002554934471845627,
                0.07344844192266464,
                0.03792589530348778,
                -0.02446845918893814,
                0.12074362486600876,
                -0.1021881103515625,
                -0.28944841027259827,
                -0.09877318888902664,
                -0.05838853865861893,
                0.006099400110542774,
                -0.08163433521986008,
                -0.03354407101869583,
                0.0834912657737732,
                -0.17779412865638733,
                -0.0687318667769432,
                0.059558283537626266,
                0.1430581659078598,
                -0.0016512570437043905,
                -0.05446293205022812,
                0.19812479615211487,
                -0.03471645712852478,
                -0.2957874536514282,
                0.09115807712078094,
                0.15896259248256683,
                0.2769812047481537,
                0.14102999866008759,
                0.06472960859537125,
                -0.047630466520786285,
                -0.15968430042266846,
                0.137848898768425,
                -0.14620716869831085,
                0.002757897600531578,
                0.10197559744119644,
                0.07231461256742477,
                0.03140045329928398,
                0.01771153137087822,
                -0.13580439984798431,
                0.06272544711828232,
                0.15245366096496582,
                -0.14763124287128448,
                -0.020557306706905365,
                0.07498730719089508,
                -0.06434904038906097,
                0.041684094816446304,
                -0.10967781394720078,
                0.22433415055274963,
                0.017396874725818634,
                -0.09900077432394028,
                -0.16166050732135773,
                0.12866637110710144,
                -0.16440044343471527,
                -0.0885053500533104,
                0.11130695790052414,
                -0.12480711936950684,
                -0.18465600907802582,
                -0.33661502599716187,
                -0.00510319322347641,
                0.3924400210380554,
                0.15600372850894928,
                -0.15108804404735565,
                0.10820222645998001,
                0.06863795220851898,
                -0.0026048077270388603,
                0.15939010679721832,
                0.19347527623176575,
                -0.008605511859059334,
                0.005769547075033188,
                -0.08527155965566635,
                -0.009236803278326988,
                0.25753435492515564,
                -0.023833945393562317,
                -0.006056159734725952,
                0.20370133221149445,
                0.015154343098402023,
                0.06603407859802246,
                -0.0017350288107991219,
                0.00904211774468422,
                -0.07958332449197769,
                0.02190634049475193,
                -0.15861159563064575,
                -0.01548939198255539,
                -0.0049574486911296844,
                0.009160594083368778,
                -0.01204984076321125,
                0.12131504714488983,
                -0.1814233809709549,
                0.10982752591371536,
                -0.02027996815741062,
                0.016411159187555313,
                -0.061771269887685776,
                0.04234767705202103,
                -0.0811387449502945,
                0.02623133920133114,
                0.12670059502124786,
                -0.21694886684417725,
                0.18707920610904694,
                0.15011093020439148,
                0.026814982295036316,
                0.09210789203643799,
                0.19884838163852692,
                0.0661294162273407,
                -0.004858383908867836,
                -0.036915719509124756,
                -0.24343731999397278,
                -0.040293868631124496,
                0.18666690587997437,
                -0.12728579342365265,
                0.2047194540500641,
                0.013244198635220528
            ]
        ]
    },
    "hand": {
        "hand_count": 0,
        "hand_landmarks": []
    },
    "body": {
        "landmark_count": 33,
        "landmarks": [
            {
                "x": 0.7072616815567017,
                "y": 0.47987377643585205,
                "z": -1.2944847345352173,
                "visibility": 0.9993788003921509
            },
            {
                "x": 0.7664523124694824,
                "y": 0.39171433448791504,
                "z": -1.1291754245758057,
                "visibility": 0.9994576573371887
            },
            {
                "x": 0.7935415506362915,
                "y": 0.3963134288787842,
                "z": -1.1299039125442505,
                "visibility": 0.9994441866874695
            },
            {
                "x": 0.8196491003036499,
                "y": 0.40053439140319824,
                "z": -1.1316643953323364,
                "visibility": 0.9995059967041016
            },
            {
                "x": 0.6524585485458374,
                "y": 0.36988914012908936,
                "z": -1.381516933441162,
                "visibility": 0.999548614025116
            },
            {
                "x": 0.586911678314209,
                "y": 0.35825037956237793,
                "z": -1.381065845489502,
                "visibility": 0.9995036125183105
            },
            {
                "x": 0.5129086971282959,
                "y": 0.34533870220184326,
                "z": -1.3822803497314453,
                "visibility": 0.9994685053825378
            },
            {
                "x": 0.738919734954834,
                "y": 0.40466418862342834,
                "z": -0.06583807617425919,
                "visibility": 0.9995961785316467
            },
            {
                "x": 0.31853151321411133,
                "y": 0.334509015083313,
                "z": -1.157788872718811,
                "visibility": 0.9997230172157288
            },
            {
                "x": 0.6724787950515747,
                "y": 0.5840675830841064,
                "z": -0.8563439846038818,
                "visibility": 0.9995193481445312
            },
            {
                "x": 0.5239685773849487,
                "y": 0.5648753643035889,
                "z": -1.1711642742156982,
                "visibility": 0.9996353387832642
            },
            {
                "x": 0.4669830799102783,
                "y": 0.8461575508117676,
                "z": 0.9178968071937561,
                "visibility": 0.9978592991828918
            },
            {
                "x": -0.1863458752632141,
                "y": 0.6704239845275879,
                "z": -1.5023772716522217,
                "visibility": 0.9984549283981323
            },
            {
                "x": 0.4427071809768677,
                "y": 1.5268234014511108,
                "z": 1.5177388191223145,
                "visibility": 0.0644603818655014
            },
            {
                "x": -0.9426916837692261,