{
    "face": {
        "face_count": 1,
        "face_embeddings": [
            [
                -0.09642824530601501,
                0.08368577063083649,
                -0.00977003201842308,
                0.006221660412847996,
                -0.14032599329948425,
                -0.04433279484510422,
                -0.00989723764359951,
                -0.10820429027080536,
                0.19737210869789124,
                -0.07429871708154678,
                0.18260036408901215,
                -0.08112050592899323,
                -0.16173700988292694,
                -0.10415147244930267,
                -0.06494312733411789,
                0.18561683595180511,
                -0.19249267876148224,
                -0.15493243932724,
                0.02039364166557789,
                -0.051736194640398026,
                0.10496491193771362,
                0.04467737302184105,
                0.0008595644030719995,
                0.08028466999530792,
                -0.09653747826814651,
                -0.3406817615032196,
                -0.06532728672027588,
                -0.13063819706439972,
                0.05204903706908226,
                -0.0749765932559967,
                -0.04964947700500488,
                0.058052338659763336,
                -0.21081626415252686,
                -0.10450956225395203,
                0.06151745095849037,
                0.09063725173473358,
                0.02091388776898384,
                -0.03277580067515373,
                0.1700015664100647,
                -0.026252318173646927,
                -0.2269344925880432,
                0.08725310117006302,
                0.09243464469909668,
                0.2428223192691803,
                0.174398273229599,
                0.09365057945251465,
                -0.035361383110284805,
                -0.15948443114757538,
                0.15064924955368042,
                -0.15669281780719757,
                0.00942675769329071,
                0.16952288150787354,
                0.04209054261445999,
                0.034792374819517136,
                -0.03733593225479126,
                -0.13459645211696625,
                0.046723589301109314,
                0.0762736052274704,
                -0.2157852202653885,
                0.04952520504593849,
                0.10927572846412659,
                -0.07383421808481216,
                0.006311625242233276,
                0.0093451626598835,
                0.22467026114463806,
                0.0726190060377121,
                -0.06534875184297562,
                -0.20508494973182678,
                0.11236930638551712,
                -0.25033488869667053,
                -0.10821184515953064,
                0.04960552603006363,
                -0.10864472389221191,
                -0.16445527970790863,
                -0.3009825348854065,
                -0.015762874856591225,
                0.3890187442302704,
                0.08481433987617493,
                -0.17347314953804016,
                0.09596148133277893,
                -0.02397335134446621,
                0.015371706336736679,
                0.1765340119600296,
                0.18199759721755981,
                0.005822431296110153,
                -0.025731787085533142,
                -0.13004060089588165,
                -0.02882719412446022,
                0.25674527883529663,
                -0.0273188054561615,
                -0.016134746372699738,
                0.2479555606842041,
                0.009025144390761852,
                0.09854080528020859,
                0.027768205851316452,
                0.04832780361175537,
                -0.088046133518219,
                0.04584527760744095,
                -0.11002369225025177,
                -0.02793097123503685,
                0.030537979677319527,
                0.011115672066807747,
                -0.004435396287590265,
                0.12906776368618011,
                -0.18839481472969055,
                0.11307111382484436,
                -0.05470651760697365,
                0.0398331955075264,
                -0.021648108959197998,
                -0.03037785366177559,
                -0.039887670427560806,
                -0.015812991186976433,
                0.11746829003095627,
                -0.20122253894805908,
                0.28536197543144226,
                0.1566350907087326,
                0.04509498551487923,
                0.12872152030467987,
                0.08953473716974258,
                0.04003985971212387,
                0.01817106455564499,
                -0.0545419305562973,
                -0.23059190809726715,
                -0.029856305569410324,
                0.05859978124499321,
                -0.104654461145401,
                0.08547952771186829,
                0.01279449462890625
            ]
        ]
    },
    "hand": {
        "hand_count": 0,
        "hand_landmarks": []
    },
    "body": {
        "landmark_count": 33,
        "landmarks": [
            {
                "x": 0.5763694643974304,
                "y": 0.4639681875705719,
                "z": -2.6636173725128174,
                "visibility": 0.9990515112876892
            },
            {
                "x": 0.6413701772689819,
                "y": 0.3687000274658203,
                "z": -2.4740006923675537,
                "visibility": 0.9975136518478394
            },
            {
                "x": 0.6843553781509399,
                "y": 0.36993324756622314,
                "z": -2.474865674972534,
                "visibility": 0.9980872273445129
            },
            {
                "x": 0.7253997921943665,
                "y": 0.3717629909515381,
                "z": -2.475497245788574,
                "visibility": 0.996816098690033
            },
            {
                "x": 0.47394096851348877,
                "y": 0.3656463623046875,
                "z": -2.5706000328063965,
                "visibility": 0.9983096122741699
            },
            {
                "x": 0.40933477878570557,
                "y": 0.3674365282058716,
                "z": -2.569822311401367,
                "visibility": 0.9989184141159058
            },
            {
                "x": 0.3504832983016968,
                "y": 0.3722574710845947,
                "z": -2.571486234664917,
                "visibility": 0.9985347986221313
            },
            {
                "x": 0.7584099173545837,
                "y": 0.41636061668395996,
                "z": -1.3478713035583496,
                "visibility": 0.9964603781700134
            },
            {
                "x": 0.2696995139122009,
                "y": 0.41750359535217285,
                "z": -1.7246547937393188,
                "visibility": 0.9995161294937134
            },
            {
                "x": 0.6551085114479065,
                "y": 0.5852066278457642,
                "z": -2.2258834838867188,
                "visibility": 0.9986146688461304
            },
            {
                "x": 0.46110624074935913,
                "y": 0.5911357402801514,
                "z": -2.3337628841400146,
                "visibility": 0.9995189905166626
            },
            {
                "x": 0.9533857107162476,
                "y": 0.9685230255126953,
                "z": -0.17492224276065826,
                "visibility": 0.9881532788276672
            },
            {
                "x": -0.08776013553142548,
                "y": 0.9781594276428223,
                "z": -1.558613896369934,
                "visibility": 0.9975345134735107
            },
            {
                "x": 1.1937496662139893,
                "y": 1.5544798374176025,
                "z": 0.4147723615169525,
                "visibility": 0.02150372602045536
            },
            {
                "x": -0.5521050095558167,
                "y": 1.6169424057006836,