{
    "face": {
        "face_count": 1,
        "face_embeddings": [
            [
                -0.13773396611213684,
                0.0866987332701683,
                0.002906413283199072,
                -0.032057423144578934,
                -0.11066596210002899,
                -0.014977928251028061,
                -0.05871833860874176,
                -0.14112308621406555,
                0.13551150262355804,
                -0.14323614537715912,
                0.18464750051498413,
                -0.05066092684864998,
                -0.12051059305667877,
                -0.1181710883975029,
                -0.06216665729880333,
                0.22477898001670837,
                -0.17104923725128174,
                -0.18572604656219482,
                -0.028199564665555954,
                0.011903367005288601,
                0.11148587614297867,
                0.005958643741905689,
                -0.008632142096757889,
                0.07930527627468109,
                -0.11305174231529236,
                -0.2796840965747833,
                -0.0673021748661995,
                -0.07974393665790558,
                0.04415960982441902,
                -0.04180886223912239,
                -0.053094033151865005,
                0.008183140307664871,
                -0.22117628157138824,
                -0.03543885052204132,
                0.024451177567243576,
                0.1255570948123932,
                -0.010289370082318783,
                -0.04517989978194237,
                0.16361312568187714,
                -0.07849068194627762,
                -0.3025570511817932,
                0.05867031216621399,
                0.13457369804382324,
                0.2177312672138214,
                0.25780484080314636,
                0.0772811770439148,
                -0.018878774717450142,
                -0.19824379682540894,
                0.15937788784503937,
                -0.20092777907848358,
                0.027825523167848587,
                0.12194763123989105,
                0.03516112640500069,
                0.07419905811548233,
                -0.011309606954455376,
                -0.15753072500228882,
                0.07650627940893173,
                0.08446542173624039,
                -0.13553807139396667,
                0.012152386829257011,
                0.072055384516716,
                -0.05704309418797493,
                0.03887297213077545,
                -0.03413597494363785,
                0.2701066732406616,
                0.03858543187379837,
                -0.10671168565750122,
                -0.1835627555847168,
                0.1371493637561798,
                -0.22528868913650513,
                -0.09811918437480927,
                0.09202184528112411,
                -0.10668684542179108,
                -0.2002173364162445,
                -0.37245693802833557,
                -0.02212253212928772,
                0.3749849498271942,
                0.1556241512298584,
                -0.16858550906181335,
                0.1364927440881729,
                0.007533552125096321,
                0.017516616731882095,
                0.16365663707256317,
                0.21134325861930847,
                -0.01576409488916397,
                0.023847322911024094,
                -0.12168615311384201,
                -0.0169404074549675,
                0.309270441532135,
                -0.04567835107445717,
                0.015013426542282104,
                0.2598937451839447,
                0.025813255459070206,
                0.048558447510004044,
                0.0185959804803133,
                0.08306568115949631,
                -0.07432341575622559,
                0.02599799819290638,
                -0.1585334986448288,
                -0.052571166306734085,
                0.058738917112350464,
                0.03349412605166435,
                0.02516566589474678,
                0.1607360690832138,
                -0.17977192997932434,
                0.1492006778717041,
                -0.06057578697800636,
                0.07039019465446472,
                -0.01556013710796833,
                -0.04401213303208351,
                -0.05459540709853172,
                -0.009192182682454586,
                0.10633675754070282,
                -0.1546558290719986,
                0.2302962988615036,
                0.1436503678560257,
                0.08268404752016068,
                0.1107487604022026,
                0.19674819707870483,
                0.08708774298429489,
                -0.007438521832227707,
                -0.03852252662181854,
                -0.23597849905490875,
                0.009441861882805824,
                0.11184564232826233,
                -0.10881788283586502,
                0.16198104619979858,
                0.057333026081323624
            ]
        ]
    },
    "hand": {
        "hand_count": 0,
        "hand_landmarks": []
    },
    "body": {
        "landmark_count": 33,
        "landmarks": [
            {
                "x": 0.6597592234611511,
                "y": 0.3420656621456146,
                "z": -1.2440972328186035,
                "visibility": 0.9989690780639648
            },
            {
                "x": 0.6833937764167786,
                "y": 0.2929835319519043,
                "z": -1.1343458890914917,
                "visibility": 0.9977745413780212
            },
            {
                "x": 0.7023782730102539,
                "y": 0.29909706115722656,
                "z": -1.1344212293624878,
                "visibility": 0.9978764057159424
            },
            {
                "x": 0.723136305809021,
                "y": 0.3057737350463867,
                "z": -1.1349155902862549,
                "visibility": 0.9978849291801453
            },
            {
                "x": 0.6074122786521912,
                "y": 0.27678096294403076,
                "z": -1.2524757385253906,
                "visibility": 0.9980311989784241
            },
            {
                "x": 0.568127453327179,
                "y": 0.2727384567260742,
                "z": -1.2523616552352905,
                "visibility": 0.9983038902282715
            },
            {
                "x": 0.5269482135772705,
                "y": 0.27034103870391846,
                "z": -1.253334403038025,
                "visibility": 0.9980704188346863
            },
            {
                "x": 0.6844105124473572,
                "y": 0.34188777208328247,
                "z": -0.5236271023750305,
                "visibility": 0.9974608421325684
            },
            {
                "x": 0.4170893132686615,
                "y": 0.29913151264190674,
                "z": -1.0089261531829834,
                "visibility": 0.9986924529075623
            },
            {
                "x": 0.6640734672546387,
                "y": 0.42950403690338135,
                "z": -1.0039868354797363,
                "visibility": 0.9983201622962952
            },
            {
                "x": 0.5734938979148865,
                "y": 0.4097929000854492,
                "z": -1.1457663774490356,
                "visibility": 0.9989486336708069
            },
            {
                "x": 0.569297730922699,
                "y": 0.703205943107605,
                "z": 0.12963807582855225,
                "visibility": 0.9910539984703064
            },
            {
                "x": 0.14769771695137024,
                "y": 0.5709776878356934,
                "z": -1.24399995803833,
                "visibility": 0.9936259984970093
            },
            {
                "x": 0.5744509696960449,
                "y": 1.1392111778259277,
                "z": 0.6086507439613342,
                "visibility": 0.042458172887563705
            },
            {
                "x": -0.16314545273780823,
                "y": 1.0630594491958618,