{
    "face": {
        "face_count": 1,
        "face_embeddings": [
            [
                -0.1360328644514084,
                -0.008567913435399532,
                0.015654705464839935,
                -0.07210444658994675,
                -0.11340955644845963,
                0.009681692346930504,
                -0.061030130833387375,
                -0.03740828111767769,
                0.14676140248775482,
                -0.1121460422873497,
                0.23910778760910034,
                -0.0796303078532219,
                -0.20229201018810272,
                -0.06962478160858154,
                -0.011538274586200714,
                0.16499146819114685,
                -0.1307125985622406,
                -0.13118933141231537,
                -0.05599541217088699,
                0.01326222624629736,
                0.007437143474817276,
                0.017637677490711212,
                -0.002529397141188383,
                0.11680499464273453,
                -0.16136080026626587,
                -0.29901063442230225,
                -0.06541866064071655,
                -0.07383523881435394,
                -0.03794098645448685,
                -0.10337898880243301,
                -0.024798674508929253,
                0.024167034775018692,
                -0.18538574874401093,
                -0.015881547704339027,
                0.08700521290302277,
                0.19305419921875,
                -0.01253434270620346,
                -0.025499701499938965,
                0.1954166293144226,
                0.014526751823723316,
                -0.2691695988178253,
                0.027073483914136887,
                0.05651546269655228,
                0.2779570519924164,
                0.15434925258159637,
                0.042655665427446365,
                -0.06293238699436188,
                -0.11791601777076721,
                0.18726135790348053,
                -0.20457853376865387,
                0.11692812293767929,
                0.15531276166439056,
                0.07306033372879028,
                0.0278437752276659,
                0.05528321489691734,
                -0.11901349574327469,
                0.05273814871907234,
                0.22940748929977417,
                -0.13158592581748962,
                -0.009665505960583687,
                0.023972969502210617,
                -0.014564292505383492,
                0.0320168063044548,
                -0.08140742778778076,
                0.20514395833015442,
                0.05889950320124626,
                -0.13209953904151917,
                -0.24269473552703857,
                0.10400719940662384,
                -0.12763452529907227,
                -0.12132120132446289,
                0.13534380495548248,
                -0.16563984751701355,
                -0.18401272594928741,
                -0.3824818730354309,
                0.05145092308521271,
                0.4168500602245331,
                0.10131370276212692,
                -0.20378203690052032,
                0.06859439611434937,
                -0.020682496950030327,
                -0.06682702898979187,
                0.0707969069480896,
                0.16750627756118774,
                0.011936459690332413,
                0.001964063383638859,
                -0.09016479551792145,
                -0.024653062224388123,
                0.2378162145614624,
                -0.010171299800276756,
                -0.01512519083917141,
                0.16522103548049927,
                0.005417181178927422,
                0.05476537346839905,
                0.001617820467799902,
                -0.011630790308117867,
                -0.10661585628986359,
                0.019086580723524094,
                -0.16473166644573212,
                -0.07779695838689804,
                -0.004843615926802158,
                0.04301562160253525,
                -0.012237416580319405,
                0.1558324098587036,
                -0.2505801022052765,
                0.17580223083496094,
                0.020728398114442825,
                -0.0385885126888752,
                0.005479808431118727,
                0.059213630855083466,
                -0.09606078267097473,
                -0.04242652282118797,
                0.1202511340379715,
                -0.3028394281864166,
                0.1931314468383789,
                0.14811564981937408,
                0.1785690039396286,
                0.08526265621185303,
                0.13723458349704742,
                0.0157364122569561,
                0.02837185561656952,
                0.05984574556350708,
                -0.21613465249538422,
                -0.02332543395459652,
                0.07310590893030167,
                -0.05575861409306526,
                0.08480751514434814,
                0.025465786457061768
            ]
        ]
    },
    "hand": {
        "hand_count": 0,
        "hand_landmarks": []
    },
    "body": {
        "landmark_count": 33,
        "landmarks": [
            {
                "x": 0.6241509318351746,
                "y": 0.33095431327819824,
                "z": -3.2894105911254883,
                "visibility": 0.9995027780532837
            },
            {
                "x": 0.642332911491394,
                "y": 0.2549222707748413,
                "z": -3.114523410797119,
                "visibility": 0.998793363571167
            },
            {
                "x": 0.6697041392326355,
                "y": 0.2519536018371582,
                "z": -3.1146974563598633,
                "visibility": 0.9989352822303772
            },
            {
                "x": 0.6974804401397705,
                "y": 0.24995958805084229,
                "z": -3.115527868270874,
                "visibility": 0.9985993504524231
            },
            {
                "x": 0.5392853617668152,
                "y": 0.2667551040649414,
                "z": -3.199908494949341,
                "visibility": 0.998988926410675
            },
            {
                "x": 0.49186238646507263,
                "y": 0.2724534273147583,
                "z": -3.2000739574432373,
                "visibility": 0.9991059899330139
            },
            {
                "x": 0.4454113245010376,
                "y": 0.27912771701812744,
                "z": -3.2013542652130127,
                "visibility": 0.9988852143287659
            },
            {
                "x": 0.7059903144836426,
                "y": 0.2830151319503784,
                "z": -2.061616897583008,
                "visibility": 0.9985191226005554
            },
            {
                "x": 0.35500389337539673,
                "y": 0.3172050714492798,
                "z": -2.391273260116577,
                "visibility": 0.9993615746498108
            },
            {
                "x": 0.6731976270675659,
                "y": 0.40371274948120117,
                "z": -2.890157461166382,
                "visibility": 0.9996331930160522
            },
            {
                "x": 0.5569871664047241,
                "y": 0.42262446880340576,
                "z": -2.985370397567749,
                "visibility": 0.999756395816803
            },
            {
                "x": 1.0373657941818237,
                "y": 0.7105306386947632,
                "z": -1.3109382390975952,
                "visibility": 0.9957089424133301
            },
            {
                "x": 0.016898155212402344,
                "y": 0.7595573663711548,
                "z": -2.00966739654541,
                "visibility": 0.9971631169319153
            },
            {
                "x": 1.2599050998687744,
                "y": 1.1690261363983154,
                "z": -1.1984294652938843,
                "visibility": 0.13863949477672577
            },
            {
                "x": -0.16080182790756226,
                "y": 1.2873005867004395,