{
    "face": {
        "face_count": 1,
        "face_embeddings": [
            [
                -0.08774297684431076,
                0.06329255551099777,
                -0.005509612150490284,
                -0.0743347629904747,
                -0.10648886859416962,
                -0.04818367213010788,
                -0.07584206759929657,
                -0.10362432897090912,
                0.1219310462474823,
                -0.09730703383684158,
                0.16930726170539856,
                -0.07662732154130936,
                -0.20824819803237915,
                -0.06085783243179321,
                -0.024245750159025192,
                0.1867274045944214,
                -0.18402957916259766,
                -0.18387693166732788,
                -0.017593199387192726,
                0.03882620856165886,
                0.0798344761133194,
                0.07103617489337921,
                0.03347231447696686,
                0.0857025757431984,
                -0.13884717226028442,
                -0.32248416543006897,
                -0.09077762067317963,
                -0.06603734195232391,
                -0.04028846323490143,
                -0.04092193767428398,
                -0.050040554255247116,
                0.029334139078855515,
                -0.20607726275920868,
                -0.012646302580833435,
                0.08231285214424133,
                0.11894311755895615,
                0.03291447460651398,
                -0.09657283127307892,
                0.18015176057815552,
                0.0011511947959661484,
                -0.3259524405002594,
                0.07554883509874344,
                0.07382092624902725,
                0.22342784702777863,
                0.16642054915428162,
                0.011737694032490253,
                -0.042658522725105286,
                -0.2044873684644699,
                0.1096307635307312,
                -0.13355480134487152,
                0.05145161971449852,
                0.15405812859535217,
                0.006116307340562344,
                0.002238153014332056,
                -0.020669400691986084,
                -0.11485158652067184,
                0.041541688144207,
                0.1317245066165924,
                -0.1437770426273346,
                -0.06530573964118958,
                0.07320284098386765,
                -0.020920325070619583,
                0.021210502833127975,
                -0.1226506307721138,
                0.18748155236244202,
                0.03981712833046913,
                -0.11138211190700531,
                -0.23536919057369232,
                0.0780828595161438,
                -0.18179622292518616,
                -0.13065364956855774,
                0.13317754864692688,
                -0.14840345084667206,
                -0.18751437962055206,
                -0.3441932797431946,
                -0.023536255583167076,
                0.3602018356323242,
                0.10209456831216812,
                -0.2136850506067276,
                0.08745506405830383,
                -0.018814846873283386,
                -0.0024815676733851433,
                0.167972132563591,
                0.19214153289794922,
                0.03197799250483513,
                0.04833086207509041,
                -0.11853332817554474,
                -0.005055868066847324,
                0.29720044136047363,
                -0.049337342381477356,
                -0.05291164293885231,
                0.21630369126796722,
                0.02644946426153183,
                0.10317883640527725,
                0.037903282791376114,
                0.034201402217149734,
                -0.04593738913536072,
                0.020693518221378326,
                -0.1842164248228073,
                -0.028528790920972824,
                0.016312122344970703,
                0.06485375761985779,
                -0.05595516040921211,
                0.1886001080274582,
                -0.15424802899360657,
                0.08501559495925903,
                0.02940879948437214,
                -0.02851971983909607,
                0.006462454795837402,
                0.02020406536757946,
                -0.0749482735991478,
                -0.10596606880426407,
                0.09460752457380295,
                -0.231178417801857,
                0.170537069439888,
                0.15230664610862732,
                0.10415459424257278,
                0.0776381641626358,
                0.12778931856155396,
                0.05384040251374245,
                -0.03617319464683533,
                -0.020266391336917877,
                -0.26626136898994446,
                0.005619870964437723,
                0.1474628746509552,
                -0.020489411428570747,
                0.1319132298231125,
                -0.004268365446478128
            ]
        ]
    },
    "hand": {
        "hand_count": 0,
        "hand_landmarks": []
    },
    "body": {
        "landmark_count": 33,
        "landmarks": [
            {
                "x": 0.6247516870498657,
                "y": 0.5174334049224854,
                "z": -2.654341459274292,
                "visibility": 0.9849860668182373
            },
            {
                "x": 0.6682637929916382,
                "y": 0.4048032760620117,
                "z": -2.427438735961914,
                "visibility": 0.9766002893447876
            },
            {
                "x": 0.7028612494468689,
                "y": 0.4184558391571045,
                "z": -2.4277827739715576,
                "visibility": 0.9776416420936584
            },
            {
                "x": 0.7398642301559448,
                "y": 0.43398094177246094,
                "z": -2.4275388717651367,
                "visibility": 0.9763123989105225
            },
            {
                "x": 0.5395056009292603,
                "y": 0.36889269948005676,
                "z": -2.534454584121704,
                "visibility": 0.9808046221733093
            },
            {
                "x": 0.4844435453414917,
                "y": 0.36493611335754395,
                "z": -2.5345606803894043,
                "visibility": 0.9815410375595093
            },
            {
                "x": 0.42692920565605164,
                "y": 0.36612915992736816,
                "z": -2.5354301929473877,
                "visibility": 0.9808925986289978
            },
            {
                "x": 0.7038857936859131,
                "y": 0.45284557342529297,
                "z": -1.0611275434494019,
                "visibility": 0.9698071479797363
            },
            {
                "x": 0.28795021772384644,
                "y": 0.42102718353271484,
                "z": -1.5245684385299683,
                "visibility": 0.9804671406745911
            },
            {
                "x": 0.6469172239303589,
                "y": 0.6609454154968262,
                "z": -2.1106231212615967,
                "visibility": 0.921211302280426
            },
            {
                "x": 0.5027974843978882,
                "y": 0.6383867263793945,
                "z": -2.2464730739593506,
                "visibility": 0.9298187494277954
            },
            {
                "x": 0.7894716858863831,
                "y": 0.8911006450653076,
                "z": -0.3262503445148468,
                "visibility": 0.6318807005882263
            },
            {
                "x": 0.010119035840034485,
                "y": 0.9385466575622559,
                "z": -1.1443182229995728,
                "visibility": 0.4742984175682068
            },
            {
                "x": 1.4142522811889648,
                "y": 0.865638017654419,
                "z": -1.1071906089782715,
                "visibility": 0.21143044531345367
            },
            {
                "x": -0.09693807363510132,
                "y": 0.9688961505889893,