{
    "face": {
        "face_count": 1,
        "face_embeddings": [
            [
                -0.08613468706607819,
                0.05132531374692917,
                0.01903114840388298,
                -0.1174616739153862,
                -0.10290601849555969,
                -0.04465121030807495,
                -0.09077772498130798,
                -0.10265575349330902,
                0.09201067686080933,
                -0.13407190144062042,
                0.23820802569389343,
                -0.10377410054206848,
                -0.20807009935379028,
                -0.07745380699634552,
                -0.03823905438184738,
                0.1972522735595703,
                -0.1399385780096054,
                -0.16470322012901306,
                -0.04705120623111725,
                0.05613952875137329,
                0.09377892315387726,
                0.05901571735739708,
                -0.013380322605371475,
                0.07213247567415237,
                -0.1585111916065216,
                -0.2895202934741974,
                -0.10173098742961884,
                0.0010961005464196205,
                -0.012645047158002853,
                -0.06732804328203201,
                -0.019559048116207123,
                -0.009353362023830414,
                -0.23031845688819885,
                0.012877102009952068,
                0.056623149663209915,
                0.12756258249282837,
                0.005507707595825195,
                -0.07343011349439621,
                0.14503176510334015,
                0.04314136505126953,
                -0.3128105103969574,
                0.061827726662158966,
                0.06465381383895874,
                0.21875731647014618,
                0.1498018354177475,
                0.048036057502031326,
                -0.0123647041618824,
                -0.19056075811386108,
                0.08846528083086014,
                -0.1803886592388153,
                0.0597379244863987,
                0.13632389903068542,
                0.009987514466047287,
                0.027038242667913437,
                -0.0010203858837485313,
                -0.1095324233174324,
                0.033018823713064194,
                0.1862444430589676,
                -0.14544424414634705,
                -0.004004013724625111,
                0.07854541391134262,
                -0.003841773606836796,
                -0.01417180709540844,
                -0.14894574880599976,
                0.1589968204498291,
                0.0333094485104084,
                -0.13366523385047913,
                -0.23400725424289703,
                0.0842881053686142,
                -0.18599778413772583,
                -0.13909906148910522,
                0.1405777484178543,
                -0.10987786948680878,
                -0.19620443880558014,
                -0.3634253740310669,
                -0.007312864996492863,
                0.3530251383781433,
                0.13226856291294098,
                -0.1988653838634491,
                0.082127645611763,
                0.03456791117787361,
                -0.0032138978131115437,
                0.14653798937797546,
                0.139389768242836,
                0.03704052418470383,
                0.06501825898885727,
                -0.0863574743270874,
                0.0035418178886175156,
                0.29281556606292725,
                -0.048765815794467926,
                0.003612656146287918,
                0.23449213802814484,
                -0.0006710486486554146,
                0.07948379963636398,
                0.0016326936893165112,
                0.02641022577881813,
                -0.039854079484939575,
                0.02194700762629509,
                -0.12323083728551865,
                -0.0209297314286232,
                0.02117272838950157,
                0.02204737812280655,
                -0.028549237176775932,
                0.13562996685504913,
                -0.16736844182014465,
                0.16634391248226166,
                0.01826891303062439,
                -0.01664702221751213,
                0.0028256280347704887,
                0.038296423852443695,
                -0.08780883252620697,
                -0.06117754057049751,
                0.11136774718761444,
                -0.2438214272260666,
                0.19446370005607605,
                0.18962593376636505,
                0.11934835463762283,
                0.05343940109014511,
                0.16757823526859283,
                0.06454120576381683,
                -0.014214687049388885,
                0.0017375806346535683,
                -0.22794535756111145,
                -0.038932643830776215,
                0.09383973479270935,
                -0.0792219266295433,
                0.13737425208091736,
                -0.00508745014667511
            ]
        ]
    },
    "hand": {
        "hand_count": 0,
        "hand_landmarks": []
    },
    "body": {
        "landmark_count": 33,
        "landmarks": [
            {
                "x": 0.4521641433238983,
                "y": 0.4096214771270752,
                "z": -3.0309431552886963,
                "visibility": 0.9992875456809998
            },
            {
                "x": 0.5369501113891602,
                "y": 0.34380221366882324,
                "z": -2.909658193588257,
                "visibility": 0.9984185695648193
            },
            {
                "x": 0.5867691040039062,
                "y": 0.3486536741256714,
                "z": -2.9105818271636963,
                "visibility": 0.9981817007064819
            },
            {
                "x": 0.6261736154556274,
                "y": 0.3535587787628174,
                "z": -2.9115588665008545,
                "visibility": 0.9980399012565613
            },
            {
                "x": 0.400125116109848,
                "y": 0.33316636085510254,
                "z": -2.9075522422790527,
                "visibility": 0.9985828399658203
            },
            {
                "x": 0.3636586666107178,
                "y": 0.3309941291809082,
                "z": -2.9064781665802,
                "visibility": 0.9984081387519836
            },
            {
                "x": 0.3350939452648163,
                "y": 0.3293290138244629,
                "z": -2.9076240062713623,
                "visibility": 0.9983572363853455
            },
            {
                "x": 0.6951943635940552,
                "y": 0.38061416149139404,
                "z": -1.9352771043777466,
                "visibility": 0.9979681372642517
            },
            {
                "x": 0.3185727298259735,
                "y": 0.35109496116638184,
                "z": -1.8633285760879517,
                "visibility": 0.9989132881164551
            },
            {
                "x": 0.5406331419944763,
                "y": 0.4879162311553955,
                "z": -2.6483004093170166,
                "visibility": 0.9996203184127808
            },
            {
                "x": 0.3772038221359253,
                "y": 0.47767019271850586,
                "z": -2.6309897899627686,
                "visibility": 0.9997062087059021
            },
            {
                "x": 0.9604383111000061,
                "y": 0.7583871483802795,
                "z": -1.2152581214904785,
                "visibility": 0.995497465133667
            },
            {
                "x": 0.03836020827293396,
                "y": 0.7215610146522522,
                "z": -1.2312424182891846,
                "visibility": 0.9944775700569153
            },
            {
                "x": 1.1432218551635742,
                "y": 1.1984665393829346,
                "z": -1.0432450771331787,
                "visibility": 0.15689384937286377
            },
            {
                "x": -0.2802480459213257,
                "y": 1.1989094018936157,