{
    "face": {
        "face_count": 1,
        "face_embeddings": [
            [
                -0.07185395807027817,
                -0.017168458551168442,
                -0.0069892266765236855,
                -0.07902082800865173,
                -0.06818936765193939,
                -0.04045942425727844,
                -0.06080116331577301,
                -0.11350779980421066,
                0.12526565790176392,
                -0.14748543500900269,
                0.18667691946029663,
                -0.12102466821670532,
                -0.14511169493198395,
                -0.08182336390018463,
                -0.04057444632053375,
                0.14495941996574402,
                -0.19071197509765625,
                -0.1448248326778412,
                -0.030256835743784904,
                0.030314898118376732,
                0.09673908352851868,
                -0.017447415739297867,
                -0.032980166375637054,
                0.0902741327881813,
                -0.14785721898078918,
                -0.27965494990348816,
                -0.09115942567586899,
                -0.062412820756435394,
                0.012857291847467422,
                -0.06983466446399689,
                -0.028163474053144455,
                0.015784604474902153,
                -0.20690728724002838,
                -0.012554844841361046,
                0.020010197535157204,
                0.1290002465248108,
                0.02360176295042038,
                -0.0682973861694336,
                0.20397266745567322,
                -0.015899337828159332,
                -0.26843756437301636,
                0.0662589967250824,
                0.030149810016155243,
                0.21735627949237823,
                0.14626935124397278,
                0.05505843833088875,
                -0.03919786587357521,
                -0.17159679532051086,
                0.1805245578289032,
                -0.12447486817836761,
                0.07132221758365631,
                0.1513509750366211,
                0.0548342727124691,
                0.013969345018267632,
                0.011617036536335945,
                -0.10602109134197235,
                0.060329172760248184,
                0.1836557239294052,
                -0.17311938107013702,
                -0.0012916463892906904,
                0.0540027879178524,
                -0.033407069742679596,
                0.03662490472197533,
                -0.10541436821222305,
                0.16607898473739624,
                0.050637830048799515,
                -0.06511124223470688,
                -0.2188224494457245,
                0.14697220921516418,
                -0.16902515292167664,
                -0.0935509204864502,
                0.10838965326547623,
                -0.12788617610931396,
                -0.1795954406261444,
                -0.32636892795562744,
                -0.01657526195049286,
                0.3675712049007416,
                0.11981379240751266,
                -0.20637020468711853,
                0.07302948832511902,
                0.01001470535993576,
                -0.04154876992106438,
                0.20617952942848206,
                0.1637895256280899,
                0.03135862946510315,
                0.023804251104593277,
                -0.08601447194814682,
                -0.016522804275155067,
                0.24673357605934143,
                -0.012100044637918472,
                -0.01912102848291397,
                0.156712144613266,
                0.01566815748810768,
                0.013709327206015587,
                0.025285236537456512,
                -0.0377642996609211,
                -0.08525261282920837,
                0.06038692966103554,
                -0.1325598508119583,
                -0.036728717386722565,
                0.026231136173009872,
                0.04256843030452728,
                -0.012091899290680885,
                0.15995560586452484,
                -0.16272509098052979,
                0.1446092426776886,
                -0.003606247715651989,
                -0.03189585357904434,
                0.005811299663037062,
                0.017909379675984383,
                -0.06370899826288223,
                -0.0649704858660698,
                0.11235654354095459,
                -0.2437017858028412,
                0.14758452773094177,
                0.13019204139709473,
                0.09841429442167282,
                0.09150529652833939,
                0.07392856478691101,
                0.10176059603691101,
                -0.027987051755189896,
                0.029112452641129494,
                -0.27632930874824524,
                0.00025015120627358556,
                0.09779227524995804,
                -0.025582745671272278,
                0.14178140461444855,
                -0.004281280096620321
            ]
        ]
    },
    "hand": {
        "hand_count": 1,
        "hand_landmarks": [
            [
                {
                    "x": 0.2262292355298996,
                    "y": 0.5621222257614136,
                    "z": 5.534337219614827e-07,
                    "visibility": 0.0
                },
                {
                    "x": 0.30186042189598083,
                    "y": 0.5373907089233398,
                    "z": -0.015619558282196522,
                    "visibility": 0.0
                },
                {
                    "x": 0.31238818168640137,
                    "y": 0.4896092414855957,
                    "z": -0.010868900455534458,
                    "visibility": 0.0
                },
                {
                    "x": 0.30522024631500244,
                    "y": 0.45384055376052856,
                    "z": -0.0060709272511303425,
                    "visibility": 0.0
                },
                {
                    "x": 0.30895984172821045,
                    "y": 0.4253281354904175,
                    "z": -0.0014728300739079714,
                    "visibility": 0.0
                },
                {
                    "x": 0.25909239053726196,
                    "y": 0.442486435174942,
                    "z": 0.011380008421838284,
                    "visibility": 0.0
                },
                {
                    "x": 0.25186046957969666,
                    "y": 0.393501341342926,
                    "z": 0.005725253839045763,
                    "visibility": 0.0
                },
                {
                    "x": 0.24612808227539062,
                    "y": 0.36096522212028503,
                    "z": -0.004216483328491449,
                    "visibility": 0.0
                },
                {
                    "x": 0.23911455273628235,
                    "y": 0.3335437774658203,
                    "z": -0.013411653228104115,
                    "visibility": 0.0
                },
                {
                    "x": 0.2187681794166565,
                    "y": 0.440189391374588,
                    "z": 0.006111829075962305,
                    "visibility": 0.0
                },
                {
                    "x": 0.2110053449869156,
                    "y": 0.3860286772251129,
                    "z": 0.0005298542091622949,
                    "visibility": 0.0
                },
                {
                    "x": 0.20764869451522827,
                    "y": 0.3475082516670227,
                    "z": -0.014473672024905682,
                    "visibility": 0.0
                },
                {
                    "x": 0.2042316496372223,
                    "y": 0.3173433244228363,
                    "z": -0.026151688769459724,
                    "visibility": 0.0
                },
                {
                    "x": 0.180459663271904,
                    "y": 0.44699159264564514,
                    "z": -0.003678264794871211,