{
    "face": {
        "face_count": 1,
        "face_embeddings": [
            [
                -0.08417244255542755,
                0.06599149107933044,
                -0.013662442564964294,
                -0.07166311889886856,
                -0.09111082553863525,
                -0.03851914405822754,
                -0.04813278838992119,
                -0.05612430348992348,
                0.14721471071243286,
                -0.1075921356678009,
                0.2282780259847641,
                -0.12418755888938904,
                -0.16524960100650787,
                0.015927599743008614,
                -0.019841637462377548,
                0.17722676694393158,
                -0.14615200459957123,
                -0.155172199010849,
                -0.03510203957557678,
                0.04690634831786156,
                0.10095727443695068,
                0.08013944327831268,
                -0.033554647117853165,
                0.1506182998418808,
                -0.16552117466926575,
                -0.28463608026504517,
                -0.09173846989870071,
                -0.06244306266307831,
                -0.026422373950481415,
                -0.04665603116154671,
                -0.03790564835071564,
                0.028634121641516685,
                -0.2037653774023056,
                -0.043993547558784485,
                0.1192462295293808,
                0.14398203790187836,
                0.022923484444618225,
                -0.08624724298715591,
                0.18582293391227722,
                0.029555274173617363,
                -0.3081459403038025,
                0.0949535071849823,
                0.1148441731929779,
                0.26430660486221313,
                0.1522125005722046,
                0.04063235595822334,
                -0.016173718497157097,
                -0.17506930232048035,
                0.1297621876001358,
                -0.19941814243793488,
                0.061524245887994766,
                0.13336937129497528,
                0.07652832567691803,
                0.03391345590353012,
                0.026433108374476433,
                -0.12112443894147873,
                0.060269009321928024,
                0.14907847344875336,
                -0.18907447159290314,
                -0.03709854185581207,
                0.10587451606988907,
                -0.0015118066221475601,
                0.031946711242198944,
                -0.13284164667129517,
                0.17287851870059967,
                0.04587794095277786,
                -0.11054234206676483,
                -0.21484261751174927,
                0.09288296103477478,
                -0.20168745517730713,
                -0.12674279510974884,
                0.18003153800964355,
                -0.11459139734506607,
                -0.20648802816867828,
                -0.3443962335586548,
                0.00924911629408598,
                0.37928229570388794,
                0.1611257791519165,
                -0.16868367791175842,
                0.11583006381988525,
                0.044913601130247116,
                -0.0045728725381195545,
                0.0934419110417366,
                0.1656341552734375,
                0.024093864485621452,
                0.05882297083735466,
                -0.08835005760192871,
                0.028044087812304497,
                0.2854975461959839,
                -0.0031238291412591934,
                0.005017080344259739,
                0.198317289352417,
                0.011437459848821163,
                0.022751733660697937,
                0.03611334413290024,
                0.05691060051321983,
                -0.08089280128479004,
                -0.023528093472123146,
                -0.1480174958705902,
                -0.02107352577149868,
                -0.02557368576526642,
                0.06955623626708984,
                -0.04259832575917244,
                0.16519522666931152,
                -0.24772362411022186,
                0.15400901436805725,
                -0.06586629152297974,
                -0.0902494266629219,
                -0.05756605789065361,
                0.01607579179108143,
                -0.018210390582680702,
                0.006924482062458992,
                0.09767045825719833,
                -0.26131319999694824,
                0.10231434553861618,
                0.10785632580518723,
                0.07673041522502899,
                0.08613723516464233,
                0.07342682778835297,
                0.0390678234398365,
                -0.02997257187962532,
                -0.01366927195340395,
                -0.28297364711761475,
                -0.07112103700637817,
                0.09428983926773071,
                -0.06890822947025299,
                0.14467944204807281,
                -0.020419036969542503
            ]
        ]
    },
    "hand": {
        "hand_count": 0,
        "hand_landmarks": []
    },
    "body": {
        "landmark_count": 33,
        "landmarks": [
            {
                "x": 0.4321550130844116,
                "y": 0.3340505361557007,
                "z": -2.538109540939331,
                "visibility": 0.999468982219696
            },
            {
                "x": 0.49215397238731384,
                "y": 0.25863170623779297,
                "z": -2.394885540008545,
                "visibility": 0.9990789890289307
            },
            {
                "x": 0.5377966165542603,
                "y": 0.25884127616882324,
                "z": -2.3958990573883057,
                "visibility": 0.9990326166152954
            },
            {
                "x": 0.5744239091873169,
                "y": 0.2610846757888794,
                "z": -2.396878957748413,
                "visibility": 0.9990214109420776
            },
            {
                "x": 0.376081645488739,
                "y": 0.2635185718536377,
                "z": -2.360767364501953,
                "visibility": 0.9990624785423279
            },
            {
                "x": 0.3442475199699402,
                "y": 0.26609647274017334,
                "z": -2.359741449356079,
                "visibility": 0.9990237951278687
            },
            {
                "x": 0.3163938522338867,
                "y": 0.2698777914047241,
                "z": -2.3613734245300293,
                "visibility": 0.998940646648407
            },
            {
                "x": 0.6387906670570374,
                "y": 0.30384981632232666,
                "z": -1.4760034084320068,
                "visibility": 0.9988725781440735
            },
            {
                "x": 0.3079414367675781,
                "y": 0.31949126720428467,
                "z": -1.2734670639038086,
                "visibility": 0.9986624717712402
            },
            {
                "x": 0.5264303684234619,
                "y": 0.421522855758667,
                "z": -2.205498456954956,
                "visibility": 0.9997695088386536
            },
            {
                "x": 0.39222246408462524,
                "y": 0.4220764636993408,
                "z": -2.1481971740722656,
                "visibility": 0.9996776580810547
            },
            {
                "x": 0.9614800214767456,
                "y": 0.7047690749168396,
                "z": -1.069716215133667,
                "visibility": 0.9966931343078613
            },
            {
                "x": 0.14744693040847778,
                "y": 0.8115220069885254,
                "z": -0.6819226145744324,
                "visibility": 0.9975637197494507
            },
            {
                "x": 1.2764122486114502,
                "y": 1.2280006408691406,
                "z": -1.0263357162475586,
                "visibility": 0.2553773820400238
            },
            {
                "x": -0.3845350742340088,
                "y": 1.1561657190322876,