{
    "face": {
        "face_count": 1,
        "face_embeddings": [
            [
                -0.029879195615649223,
                0.045923370867967606,
                0.02538144960999489,
                -0.07336920499801636,
                -0.12085813283920288,
                -0.03015189804136753,
                -0.06456655263900757,
                -0.0402163602411747,
                0.14566032588481903,
                -0.08366262912750244,
                0.24678100645542145,
                -0.08263126015663147,
                -0.16516171395778656,
                -0.05217385292053223,
                -0.038192328065633774,
                0.1875070333480835,
                -0.20694133639335632,
                -0.17142580449581146,
                -0.045676104724407196,
                0.048418618738651276,
                0.08071764558553696,
                0.03514014184474945,
                -0.015223749913275242,
                0.0707409456372261,
                -0.1472170054912567,
                -0.31793108582496643,
                -0.061807889491319656,
                -0.0604306235909462,
                -0.007856063544750214,
                -0.08718175441026688,
                -0.021276254206895828,
                0.014908267185091972,
                -0.21660642325878143,
                -0.03717305138707161,
                0.08913356065750122,
                0.07599522173404694,
                -0.015625277534127235,
                -0.07603944092988968,
                0.1857571005821228,
                0.046711817383766174,
                -0.30898213386535645,
                0.08073902130126953,
                0.0672675147652626,
                0.243787944316864,
                0.12234638631343842,
                0.08094585686922073,
                -0.03686339780688286,
                -0.17127129435539246,
                0.16064584255218506,
                -0.16260500252246857,
                0.05482257902622223,
                0.16337920725345612,
                0.023987317457795143,
                0.046255923807621,
                -0.003740508109331131,
                -0.11991704255342484,
                0.04228116571903229,
                0.15611180663108826,
                -0.17772629857063293,
                -0.020904604345560074,
                0.06355923414230347,
                -0.02608337253332138,
                0.016187697649002075,
                -0.14716273546218872,
                0.18669143319129944,
                0.026602065190672874,
                -0.09813860803842545,
                -0.22798489034175873,
                0.07815393805503845,
                -0.1443619728088379,
                -0.12892699241638184,
                0.1301252394914627,
                -0.10693664848804474,
                -0.18121662735939026,
                -0.31403207778930664,
                -0.003856218419969082,
                0.361555278301239,
                0.09547888487577438,
                -0.20819798111915588,
                0.05562255531549454,
                0.01920442096889019,
                -0.04064313322305679,
                0.08902329206466675,
                0.17305560410022736,
                -0.0001656319946050644,
                0.11997964233160019,
                -0.10767839848995209,
                -0.032948728650808334,
                0.2571852207183838,
                -0.04589204490184784,
                0.017569074407219887,
                0.2363617718219757,
                0.005255364812910557,
                0.05789811909198761,
                0.044687844812870026,
                0.00012387719471007586,
                -0.11198662221431732,
                0.020200680941343307,
                -0.18363654613494873,
                -0.09200619161128998,
                0.014894058927893639,
                0.04802899807691574,
                -0.03561243414878845,
                0.1215369701385498,
                -0.17061077058315277,
                0.14051097631454468,
                -0.011966370046138763,
                -0.03498990833759308,
                -0.03610696643590927,
                0.02198663353919983,
                -0.04344025254249573,
                -0.09623296558856964,
                0.10106197744607925,
                -0.21750466525554657,
                0.1587408483028412,
                0.13663659989833832,
                0.15842227637767792,
                0.08545520156621933,
                0.12779103219509125,
                0.04114421084523201,
                -0.062217842787504196,
                -0.0013239169493317604,
                -0.22495153546333313,
                -0.021522648632526398,
                0.10143695771694183,
                -0.03068096935749054,
                0.12798723578453064,
                -0.023845849558711052
            ]
        ]
    },
    "hand": {
        "hand_count": 0,
        "hand_landmarks": []
    },
    "body": {
        "landmark_count": 33,
        "landmarks": [
            {
                "x": 0.6700694561004639,
                "y": 0.4363391399383545,
                "z": -1.8916761875152588,
                "visibility": 0.998055100440979
            },
            {
                "x": 0.6623234748840332,
                "y": 0.36227548122406006,
                "z": -1.7550864219665527,
                "visibility": 0.9982774257659912
            },
            {
                "x": 0.6808165311813354,
                "y": 0.35933470726013184,
                "z": -1.7562428712844849,
                "visibility": 0.9979597330093384
            },
            {
                "x": 0.6999388933181763,
                "y": 0.3563653230667114,
                "z": -1.7574268579483032,
                "visibility": 0.9979777932167053
            },
            {
                "x": 0.5751352310180664,
                "y": 0.3657569885253906,
                "z": -1.8082308769226074,
                "visibility": 0.9984350800514221
            },
            {
                "x": 0.5270689725875854,
                "y": 0.3686469793319702,
                "z": -1.8076030015945435,
                "visibility": 0.9982719421386719
            },
            {
                "x": 0.47777459025382996,
                "y": 0.3736135959625244,
                "z": -1.808218002319336,
                "visibility": 0.9985014200210571
            },
            {
                "x": 0.6790204048156738,
                "y": 0.36466145515441895,
                "z": -0.7921953201293945,
                "visibility": 0.9987403750419617
            },
            {
                "x": 0.36626002192497253,
                "y": 0.402254581451416,
                "z": -0.9728561043739319,
                "visibility": 0.9992388486862183
            },
            {
                "x": 0.6935232281684875,
                "y": 0.5006372928619385,
                "z": -1.514230728149414,
                "visibility": 0.9989799857139587
            },
            {
                "x": 0.5941818952560425,
                "y": 0.5103660821914673,
                "z": -1.5722202062606812,
                "visibility": 0.999112069606781
            },
            {
                "x": 0.869185209274292,
                "y": 0.6768314838409424,
                "z": -0.2861570417881012,
                "visibility": 0.9946119785308838
            },
            {
                "x": 0.12850403785705566,
                "y": 0.7520949840545654,
                "z": -0.6402645111083984,
                "visibility": 0.9917516112327576
            },
            {
                "x": 1.2600913047790527,
                "y": 1.0409433841705322,
                "z": -0.9904950857162476,
                "visibility": 0.18547412753105164
            },
            {
                "x": -0.25878751277923584,