{
    "face": {
        "face_count": 1,
        "face_embeddings": [
            [
                -0.12241722643375397,
                0.020269926637411118,
                0.02338600903749466,
                -0.10138525813817978,
                -0.08558850735425949,
                -0.04061950370669365,
                -0.08353129029273987,
                -0.08537214994430542,
                0.1443970501422882,
                -0.16066032648086548,
                0.23646292090415955,
                -0.09938392788171768,
                -0.20410849153995514,
                -0.031976502388715744,
                -0.04023372381925583,
                0.16448529064655304,
                -0.17526915669441223,
                -0.10670146346092224,
                -0.037717804312705994,
                0.06439530849456787,
                0.11209368705749512,
                0.017449989914894104,
                -0.013246895745396614,
                0.06569454818964005,
                -0.10931068658828735,
                -0.31757456064224243,
                -0.1262933313846588,
                -0.02775464951992035,
                -0.03625724837183952,
                -0.0662831962108612,
                -0.010161379352211952,
                -0.015116374008357525,
                -0.16198964416980743,
                -0.0032245535403490067,
                0.07610921561717987,
                0.11932314932346344,
                0.021247928962111473,
                -0.06804924458265305,
                0.13263362646102905,
                0.002686922438442707,
                -0.304938942193985,
                0.04762399196624756,
                0.06711751222610474,
                0.22368641197681427,
                0.16691212356090546,
                0.0471278615295887,
                -0.04645301029086113,
                -0.15670521557331085,
                0.17774903774261475,
                -0.20421458780765533,
                0.04429606720805168,
                0.13455350697040558,
                0.03353525325655937,
                0.04847189038991928,
                0.0415339469909668,
                -0.10162899643182755,
                0.07496413588523865,
                0.1965358704328537,
                -0.11508552730083466,
                -0.015810327604413033,
                0.10617437213659286,
                -0.054693713784217834,
                0.02995084598660469,
                -0.07053260505199432,
                0.18967559933662415,
                0.0564715750515461,
                -0.14149461686611176,
                -0.2680915296077728,
                0.07000260800123215,
                -0.1578948199748993,
                -0.09764956682920456,
                0.12603893876075745,
                -0.1556359976530075,
                -0.18889868259429932,
                -0.2921258211135864,
                0.014606509357690811,
                0.37478744983673096,
                0.11875727772712708,
                -0.16906023025512695,
                0.099713996052742,
                -0.05960159748792648,
                0.017988136038184166,
                0.11004141718149185,
                0.1667834222316742,
                0.054732732474803925,
                0.04733756184577942,
                -0.10533203929662704,
                -0.05496620759367943,
                0.2608834207057953,
                -0.05591737478971481,
                0.014211395755410194,
                0.25472378730773926,
                -0.014842858538031578,
                0.06478818506002426,
                0.017157886177301407,
                -0.014546026475727558,
                -0.10513603687286377,
                0.004483560100197792,
                -0.1237265095114708,
                -0.0727112665772438,
                0.011369898915290833,
                0.019499195739626884,
                -0.015989404171705246,
                0.1284637153148651,
                -0.2199501097202301,
                0.17365171015262604,
                -0.03664125129580498,
                0.037072788923978806,
                0.03939204663038254,
                0.012767920270562172,
                -0.036559853702783585,
                -0.04364713281393051,
                0.08433114737272263,
                -0.2692236602306366,
                0.1750095933675766,
                0.14506036043167114,
                0.16475878655910492,
                0.08558693528175354,
                0.12469848990440369,
                0.05300968885421753,
                0.002921119797974825,
                0.0386180505156517,
                -0.20294998586177826,
                -0.011809611693024635,
                0.057203829288482666,
                -0.02919197641313076,
                0.06420833617448807,
                -0.03980156406760216
            ]
        ]
    },
    "hand": {
        "hand_count": 0,
        "hand_landmarks": []
    },
    "body": {
        "landmark_count": 33,
        "landmarks": [
            {
                "x": 0.6000729203224182,
                "y": 0.38137388229370117,
                "z": -2.2332963943481445,
                "visibility": 0.9999399185180664
            },
            {
                "x": 0.6313166618347168,
                "y": 0.30864882469177246,
                "z": -2.0859546661376953,
                "visibility": 0.9999139308929443
            },
            {
                "x": 0.663174033164978,
                "y": 0.30910566449165344,
                "z": -2.0862154960632324,
                "visibility": 0.9998669624328613
            },
            {
                "x": 0.6945152878761292,
                "y": 0.3113574981689453,
                "z": -2.0871212482452393,
                "visibility": 0.9999003410339355
            },
            {
                "x": 0.5116808414459229,
                "y": 0.3130682706832886,
                "z": -2.0839061737060547,
                "visibility": 0.9999212026596069
            },
            {
                "x": 0.4602646231651306,
                "y": 0.3175842761993408,
                "z": -2.0829856395721436,
                "visibility": 0.9998866319656372
            },
            {
                "x": 0.41123872995376587,
                "y": 0.32441282272338867,
                "z": -2.083772659301758,
                "visibility": 0.9999207258224487
            },
            {
                "x": 0.7143887281417847,
                "y": 0.3588920831680298,
                "z": -1.2081055641174316,
                "visibility": 0.9998698234558105
            },
            {
                "x": 0.3246959149837494,
                "y": 0.3782801628112793,
                "z": -1.1437798738479614,
                "visibility": 0.9999316930770874
            },
            {
                "x": 0.6482769250869751,
                "y": 0.4666808843612671,
                "z": -1.9116568565368652,
                "visibility": 0.9999762773513794
            },
            {
                "x": 0.5170113444328308,
                "y": 0.4688100814819336,
                "z": -1.894822597503662,
                "visibility": 0.9999755620956421
            },
            {
                "x": 0.9926719069480896,
                "y": 0.8047035336494446,
                "z": -0.7493453025817871,
                "visibility": 0.9979312419891357
            },
            {
                "x": 0.11425460129976273,
                "y": 0.8241682648658752,
                "z": -0.7964702844619751,
                "visibility": 0.9991318583488464
            },
            {
                "x": 1.3624989986419678,
                "y": 1.288278579711914,
                "z": -0.9346749782562256,
                "visibility": 0.3536643385887146
            },
            {
                "x": -0.07199233770370483,
                "y": 1.3096755743026733,