{
    "face": {
        "face_count": 1,
        "face_embeddings": [
            [
                -0.08444709330797195,
                0.035848066210746765,
                -0.018650155514478683,
                -0.07780048996210098,
                -0.08681333065032959,
                -0.007558498997241259,
                -0.06393060088157654,
                -0.09861753135919571,
                0.13745394349098206,
                -0.10332556068897247,
                0.1610802561044693,
                -0.07412494719028473,
                -0.22358594834804535,
                -0.01991918310523033,
                -0.043384432792663574,
                0.14302988350391388,
                -0.14959457516670227,
                -0.15146169066429138,
                -0.037995316088199615,
                0.020362500101327896,
                0.08542657643556595,
                0.03494491055607796,
                -0.02416824735701084,
                0.09300057590007782,
                -0.17454062402248383,
                -0.2912781238555908,
                -0.10392370074987411,
                -0.039663247764110565,
                -0.03254637494683266,
                -0.05244070664048195,
                0.0018952293321490288,
                0.04114101827144623,
                -0.216096431016922,
                0.008426565676927567,
                0.0876341387629509,
                0.1308732032775879,
                0.05584421381354332,
                -0.036880798637866974,
                0.19464997947216034,
                0.020438645035028458,
                -0.2646813988685608,
                0.08191665261983871,
                0.07345639169216156,
                0.24460186064243317,
                0.1450081318616867,
                0.028674952685832977,
                -0.011907154694199562,
                -0.1981300413608551,
                0.1655861735343933,
                -0.1526796668767929,
                0.05541824549436569,
                0.1730564534664154,
                0.031497396528720856,
                0.052855633199214935,
                -0.019635368138551712,
                -0.13534048199653625,
                0.0710577741265297,
                0.14665092527866364,
                -0.12811891734600067,
                0.00407027080655098,
                0.0833321139216423,
                -0.03239301219582558,
                -0.007652771193534136,
                -0.06421147286891937,
                0.19308912754058838,
                0.02533041685819626,
                -0.11468343436717987,
                -0.2658599615097046,
                0.10544008016586304,
                -0.1798391491174698,
                -0.10826137661933899,
                0.12468314915895462,
                -0.15347829461097717,
                -0.15727713704109192,
                -0.34375521540641785,
                0.0030372776091098785,
                0.37889763712882996,
                0.11123792827129364,
                -0.22885802388191223,
                0.12282399833202362,
                -0.06374560296535492,
                0.01979650929570198,
                0.1505756378173828,
                0.1567879617214203,
                0.01198854111135006,
                0.055000703781843185,
                -0.09543471038341522,
                0.01847349852323532,
                0.3110441267490387,
                -0.017643246799707413,
                -0.02119859866797924,
                0.22796176373958588,
                0.05019822716712952,
                0.09459828585386276,
                0.038741327822208405,
                0.017843926325440407,
                -0.08033065497875214,
                -0.02178303338587284,
                -0.157521590590477,
                -0.04956209659576416,
                0.03364536911249161,
                0.06904904544353485,
                0.0015769542660564184,
                0.18095515668392181,
                -0.22121776640415192,
                0.18239642679691315,
                0.00047480477951467037,
                -0.004347557667642832,
                0.016070958226919174,
                0.04558729752898216,
                -0.07596401125192642,
                -0.05707531422376633,
                0.120867058634758,
                -0.2720603346824646,
                0.17921486496925354,
                0.12572920322418213,
                0.10757184773683548,
                0.05698084831237793,
                0.1267390102148056,
                0.06508596241474152,
                -0.020355388522148132,
                0.027640970423817635,
                -0.23417915403842926,
                -0.011835350655019283,
                0.0986943393945694,
                -0.039659664034843445,
                0.10341868549585342,
                -0.012212537229061127
            ]
        ]
    },
    "hand": {
        "hand_count": 0,
        "hand_landmarks": []
    },
    "body": {
        "landmark_count": 33,
        "landmarks": [
            {
                "x": 0.5862435698509216,
                "y": 0.3830221891403198,
                "z": -1.9931477308273315,
                "visibility": 0.9998239874839783
            },
            {
                "x": 0.5959607362747192,
                "y": 0.3004007339477539,
                "z": -1.86922287940979,
                "visibility": 0.9996417760848999
            },
            {
                "x": 0.6300024390220642,
                "y": 0.29559338092803955,
                "z": -1.8689043521881104,
                "visibility": 0.9996591806411743
            },
            {
                "x": 0.661479651927948,
                "y": 0.29276371002197266,
                "z": -1.8698127269744873,
                "visibility": 0.9996144771575928
            },
            {
                "x": 0.45993614196777344,
                "y": 0.32182347774505615,
                "z": -1.860706090927124,
                "visibility": 0.9996533393859863
            },
            {
                "x": 0.40655219554901123,
                "y": 0.3321305513381958,
                "z": -1.8599644899368286,
                "visibility": 0.9996778964996338
            },
            {
                "x": 0.3563438057899475,
                "y": 0.3456094264984131,
                "z": -1.8610905408859253,
                "visibility": 0.9996799230575562
            },
            {
                "x": 0.7051782011985779,
                "y": 0.32413482666015625,
                "z": -1.0780538320541382,
                "visibility": 0.9996351003646851
            },
            {
                "x": 0.2988659143447876,
                "y": 0.4010812044143677,
                "z": -0.9701595306396484,
                "visibility": 0.999785840511322
            },
            {
                "x": 0.6857328414916992,
                "y": 0.4575854241847992,
                "z": -1.6936533451080322,
                "visibility": 0.9997996687889099
            },
            {
                "x": 0.5404472947120667,
                "y": 0.4857698678970337,
                "z": -1.6628928184509277,
                "visibility": 0.9998295307159424
            },
            {
                "x": 1.1218935251235962,
                "y": 0.7313538193702698,
                "z": -0.6627482771873474,
                "visibility": 0.9980522394180298
            },
            {
                "x": 0.11591547727584839,
                "y": 0.884372353553772,
                "z": -0.7456936240196228,
                "visibility": 0.9992183446884155
            },
            {
                "x": 1.726475477218628,
                "y": 1.1814030408859253,
                "z": -0.6973304748535156,
                "visibility": 0.15516549348831177
            },
            {
                "x": -0.012041211128234863,
                "y": 1.4303369522094727,