{
    "face": {
        "face_count": 1,
        "face_embeddings": [
            [
                -0.11230112612247467,
                0.011181801557540894,
                0.007165806833654642,
                -0.04050135985016823,
                -0.068474180996418,
                -0.07731891423463821,
                -0.0676017701625824,
                -0.1158071905374527,
                0.10583790391683578,
                -0.1255342811346054,
                0.2528831362724304,
                -0.08011320233345032,
                -0.20719395577907562,
                -0.08150089532136917,
                -0.05647958070039749,
                0.17017653584480286,
                -0.15554003417491913,
                -0.15024404227733612,
                -0.044390082359313965,
                0.025580450892448425,
                0.12491041421890259,
                0.02638682723045349,
                0.008500726893544197,
                0.0665939599275589,
                -0.20072904229164124,
                -0.28079789876937866,
                -0.10161521285772324,
                -0.022869853302836418,
                -0.02587113529443741,
                -0.07582876086235046,
                -0.0043983012437820435,
                -0.03188009560108185,
                -0.2147579789161682,
                -0.014307329431176186,
                0.09228099137544632,
                0.09876637160778046,
                0.03928668797016144,
                -0.05629689246416092,
                0.18375790119171143,
                0.02676425501704216,
                -0.3066283166408539,
                0.04035741463303566,
                0.118294358253479,
                0.2328415811061859,
                0.1334744095802307,
                0.041110992431640625,
                -0.031539950519800186,
                -0.20648914575576782,
                0.14810805022716522,
                -0.16173671185970306,
                0.045530058443546295,
                0.13470964133739471,
                0.062024157494306564,
                0.013442885130643845,
                0.03296654671430588,
                -0.09759937971830368,
                0.04528716579079628,
                0.18416957557201385,
                -0.15600576996803284,
                -0.00873526930809021,
                0.08949922770261765,
                -0.009557165205478668,
                -0.017145849764347076,
                -0.10325463116168976,
                0.16734088957309723,
                0.02058039791882038,
                -0.137213796377182,
                -0.2539964020252228,
                0.0928659439086914,
                -0.17724500596523285,
                -0.12757420539855957,
                0.1314576119184494,
                -0.08990413695573807,
                -0.20714916288852692,
                -0.35539308190345764,
                -0.018015779554843903,
                0.3703862726688385,
                0.09380119293928146,
                -0.21169216930866241,
                0.1265241950750351,
                -0.008144363760948181,
                -0.026234058663249016,
                0.11991234123706818,
                0.15504133701324463,
                0.024289874359965324,
                0.10024858266115189,
                -0.10653039813041687,
                -0.027006875723600388,
                0.2713449001312256,
                -0.030232176184654236,
                0.01724715530872345,
                0.21190610527992249,
                0.002309112809598446,
                0.05078476667404175,
                0.051908545196056366,
                0.0176477562636137,
                -0.1532839834690094,
                0.017982181161642075,
                -0.15102113783359528,
                -0.07347284257411957,
                0.020677680149674416,
                0.04650658369064331,
                0.012505589053034782,
                0.11632299423217773,
                -0.18203583359718323,
                0.16990558803081512,
                -0.008699700236320496,
                -0.0423177033662796,
                0.00673880847170949,
                0.018686756491661072,
                -0.07798966765403748,
                -0.060659173876047134,
                0.059425611048936844,
                -0.26923519372940063,
                0.17816013097763062,
                0.1210421472787857,
                0.13535408675670624,
                0.07928191125392914,
                0.1569795161485672,
                0.05028238892555237,
                -0.014719825237989426,
                0.07114926725625992,
                -0.2079174816608429,
                -0.03730209916830063,
                0.06753145158290863,
                -0.10365761816501617,
                0.14483529329299927,
                -0.046033866703510284
            ]
        ]
    },
    "hand": {
        "hand_count": 0,
        "hand_landmarks": []
    },
    "body": {
        "landmark_count": 33,
        "landmarks": [
            {
                "x": 0.4802275002002716,
                "y": 0.48517823219299316,
                "z": -2.219194173812866,
                "visibility": 0.999376118183136
            },
            {
                "x": 0.5456944704055786,
                "y": 0.4014427661895752,
                "z": -2.1244325637817383,
                "visibility": 0.998700737953186
            },
            {
                "x": 0.5973337292671204,
                "y": 0.3991287648677826,
                "z": -2.1246190071105957,
                "visibility": 0.9989604949951172
            },
            {
                "x": 0.6407853364944458,
                "y": 0.3983708620071411,
                "z": -2.1251070499420166,
                "visibility": 0.9982282519340515
            },
            {
                "x": 0.4143337607383728,
                "y": 0.40643635392189026,
                "z": -2.0727314949035645,
                "visibility": 0.9987745881080627
            },
            {
                "x": 0.3806377649307251,
                "y": 0.40872856974601746,
                "z": -2.071237325668335,
                "visibility": 0.9991232752799988
            },
            {
                "x": 0.3527560234069824,
                "y": 0.4115767478942871,
                "z": -2.072033405303955,
                "visibility": 0.998936116695404
            },
            {
                "x": 0.7400736808776855,
                "y": 0.42659857869148254,
                "z": -1.3794392347335815,
                "visibility": 0.9986960291862488
            },
            {
                "x": 0.3598592281341553,
                "y": 0.44745227694511414,
                "z": -1.0927914381027222,
                "visibility": 0.9991825222969055
            },
            {
                "x": 0.594742476940155,
                "y": 0.5635253190994263,
                "z": -1.9363709688186646,
                "visibility": 0.9993721842765808
            },
            {
                "x": 0.4425628185272217,
                "y": 0.5726059675216675,
                "z": -1.8552615642547607,
                "visibility": 0.9995856881141663
            },
            {
                "x": 1.0874558687210083,
                "y": 0.8494306206703186,
                "z": -0.9906356334686279,
                "visibility": 0.9831507802009583
            },
            {
                "x": 0.17570030689239502,
                "y": 0.9177602529525757,
                "z": -0.5966233015060425,
                "visibility": 0.9976025223731995
            },
            {
                "x": 1.4113948345184326,
                "y": 1.3758679628372192,
                "z": -1.5376886129379272,
                "visibility": 0.11806564033031464
            },
            {
                "x": 0.05047637224197388,
                "y": 1.4889456033706665,