{
    "face": {
        "face_count": 1,
        "face_embeddings": [
            [
                -0.07608290761709213,
                0.01406447310000658,
                -0.02194690890610218,
                -0.08443915843963623,
                -0.10625376552343369,
                -0.0008623981848359108,
                -0.09889756888151169,
                -0.07743894308805466,
                0.16680791974067688,
                -0.05554221197962761,
                0.20264381170272827,
                -0.08274327218532562,
                -0.16403381526470184,
                -0.09011117368936539,
                -0.08459951728582382,
                0.1884520947933197,
                -0.17894238233566284,
                -0.15681637823581696,
                -0.013071552850306034,
                0.026575349271297455,
                0.08450713008642197,
                0.013575379736721516,
                -0.03606702387332916,
                0.09163988381624222,
                -0.1533312350511551,
                -0.29471448063850403,
                -0.03486879914999008,
                -0.05238901078701019,
                -0.02344786748290062,
                -0.06556980311870575,
                -0.016063667833805084,
                0.059230245649814606,
                -0.2587133049964905,
                -0.04540007561445236,
                0.07507621496915817,
                0.16215825080871582,
                0.022833190858364105,
                -0.06957105547189713,
                0.19682587683200836,
                0.03147410601377487,
                -0.2807726263999939,
                0.0657535269856453,
                0.06385955214500427,
                0.2053137570619583,
                0.15447065234184265,
                0.04731960594654083,
                -0.027474474161863327,
                -0.1721513569355011,
                0.16121216118335724,
                -0.1493590772151947,
                0.05101379007101059,
                0.17536570131778717,
                0.05430862680077553,
                0.012616822496056557,
                -0.04294871538877487,
                -0.1511656939983368,
                0.05406549572944641,
                0.1520482301712036,
                -0.14546646177768707,
                -0.025570571422576904,
                0.06962209939956665,
                -0.048864200711250305,
                -0.002440504729747772,
                -0.10215862840414047,
                0.17914637923240662,
                0.04318517446517944,
                -0.07696831971406937,
                -0.22632816433906555,
                0.12388228625059128,
                -0.1263161152601242,
                -0.10623878240585327,
                0.11252272874116898,
                -0.12152022868394852,
                -0.18462644517421722,
                -0.35520288348197937,
                -0.003656551241874695,
                0.3747645318508148,
                0.09347697347402573,
                -0.23710598051548004,
                0.08691856265068054,
                0.0023600365966558456,
                0.005112159065902233,
                0.14259177446365356,
                0.15689216554164886,
                0.01814519241452217,
                0.06600965559482574,
                -0.09572938084602356,
                -0.033896926790475845,
                0.27729368209838867,
                0.007773059420287609,
                -0.021068550646305084,
                0.1916520893573761,
                0.017740502953529358,
                0.06879176199436188,
                0.04186186194419861,
                -0.0020871292799711227,
                -0.050266098231077194,
                0.03345835581421852,
                -0.15896548330783844,
                -0.05682773143053055,
                0.03338294476270676,
                0.05621183663606644,
                0.001723134657368064,
                0.14159050583839417,
                -0.18657967448234558,
                0.12032639235258102,
                0.004353711381554604,
                -0.011621955782175064,
                -0.0020414083264768124,
                0.00956735946238041,
                -0.06299079954624176,
                -0.04956967011094093,
                0.14024339616298676,
                -0.22119951248168945,
                0.19714133441448212,
                0.1173461526632309,
                0.13385693728923798,
                0.10688568651676178,
                0.1652822494506836,
                0.07833407819271088,
                -0.02608477883040905,
                -0.004511316306889057,
                -0.2367302030324936,
                -0.018966645002365112,
                0.08486218750476837,
                -0.0506417378783226,
                0.16074278950691223,
                0.014049920253455639
            ]
        ]
    },
    "hand": {
        "hand_count": 0,
        "hand_landmarks": []
    },
    "body": {
        "landmark_count": 33,
        "landmarks": [
            {
                "x": 0.5639762282371521,
                "y": 0.5806242227554321,
                "z": -1.9227278232574463,
                "visibility": 0.9917798638343811
            },
            {
                "x": 0.5801948308944702,
                "y": 0.4835813045501709,
                "z": -1.8150638341903687,
                "visibility": 0.990522563457489
            },
            {
                "x": 0.6006020307540894,
                "y": 0.48218071460723877,
                "z": -1.8157567977905273,
                "visibility": 0.9905856251716614
            },
            {
                "x": 0.6217633485794067,
                "y": 0.4812968969345093,
                "z": -1.8160748481750488,
                "visibility": 0.988365650177002
            },
            {
                "x": 0.5057996511459351,
                "y": 0.4912475347518921,
                "z": -1.8363405466079712,
                "visibility": 0.9922834038734436
            },
            {
                "x": 0.4720899760723114,
                "y": 0.4968390464782715,
                "z": -1.8363546133041382,
                "visibility": 0.993489146232605
            },
            {
                "x": 0.4398221969604492,
                "y": 0.5037038326263428,
                "z": -1.837172508239746,
                "visibility": 0.9941530823707581
            },
            {
                "x": 0.6367774605751038,
                "y": 0.5216491222381592,
                "z": -1.0216779708862305,
                "visibility": 0.9925485253334045
            },
            {
                "x": 0.3785187602043152,
                "y": 0.5551284551620483,
                "z": -1.0903973579406738,
                "visibility": 0.9955908060073853
            },
            {
                "x": 0.6022548079490662,
                "y": 0.6901477575302124,
                "z": -1.6081316471099854,
                "visibility": 0.9927162528038025
            },
            {
                "x": 0.5135581493377686,
                "y": 0.7025710344314575,
                "z": -1.6293953657150269,
                "visibility": 0.9949683547019958
            },
            {
                "x": 0.8855115175247192,
                "y": 0.982653021812439,
                "z": -0.4652741551399231,
                "visibility": 0.9105675220489502
            },
            {
                "x": 0.2164524644613266,
                "y": 1.0498757362365723,
                "z": -0.6700610518455505,
                "visibility": 0.9434763789176941
            },
            {
                "x": 1.1790869235992432,
                "y": 1.2493276596069336,
                "z": -0.8461799025535583,
                "visibility": 0.11436896026134491
            },
            {
                "x": 0.14992958307266235,
                "y": 1.6156048774719238,