{
    "face": {
        "face_count": 1,
        "face_embeddings": [
            [
                -0.008758323267102242,
                0.04273767024278641,
                0.03173718601465225,
                -0.015467692166566849,
                -0.09523843973875046,
                -0.027596399188041687,
                -0.13314269483089447,
                -0.11630886793136597,
                0.08570455014705658,
                -0.1105099767446518,
                0.1938738226890564,
                -0.023141440004110336,
                -0.15872184932231903,
                -0.10829867422580719,
                -0.004890443757176399,
                0.15273138880729675,
                -0.12366358190774918,
                -0.21916259825229645,
                -0.017882846295833588,
                0.02859114110469818,
                0.091562919318676,
                0.013780515640974045,
                0.010293577797710896,
                0.04236993193626404,
                -0.11502629518508911,
                -0.2974487841129303,
                -0.09684665501117706,
                -0.07035142183303833,
                0.016122715547680855,
                -0.05683029443025589,
                -0.09183243662118912,
                0.0401749461889267,
                -0.1980465203523636,
                -0.013012174516916275,
                0.10098116099834442,
                0.07856979221105576,
                0.03431622311472893,
                -0.04533690959215164,
                0.1861058622598648,
                0.027405068278312683,
                -0.2608652114868164,
                0.11036235839128494,
                -0.003026174381375313,
                0.20811600983142853,
                0.17291247844696045,
                0.028939170762896538,
                0.01673242822289467,
                -0.17153678834438324,
                0.15771734714508057,
                -0.10065580159425735,
                0.09757830947637558,
                0.18634697794914246,
                0.14647135138511658,
                0.03459140658378601,
                0.004443132318556309,
                -0.14971914887428284,
                0.034827619791030884,
                0.12795205414295197,
                -0.1453351080417633,
                0.028712181374430656,
                0.059689320623874664,
                -0.04297780990600586,
                -0.01216962467879057,
                -0.13413022458553314,
                0.15327511727809906,
                0.033930763602256775,
                -0.11076997220516205,
                -0.2423284947872162,
                0.07642713189125061,
                -0.13245604932308197,
                -0.12623310089111328,
                0.09828459471464157,
                -0.1898791640996933,
                -0.16924001276493073,
                -0.33216190338134766,
                -0.010010628029704094,
                0.362935334444046,
                0.11510705947875977,
                -0.3081696331501007,
                0.06572769582271576,
                0.017659449949860573,
                0.01909971795976162,
                0.11539341509342194,
                0.16753551363945007,
                -0.01133748795837164,
                0.06055028364062309,
                -0.0856579914689064,
                -0.053264133632183075,
                0.225721538066864,
                -0.03047953173518181,
                -0.06881280243396759,
                0.17747341096401215,
                -0.009656718000769615,
                0.12934894859790802,
                0.051918838173151016,
                0.0040288763120770454,
                -0.019116923213005066,
                -0.0168592669069767,
                -0.1479022353887558,
                -0.046973519027233124,
                -0.08272597193717957,
                0.002395586110651493,
                -0.06017462909221649,
                0.12245410680770874,
                -0.12982530891895294,
                0.12664352357387543,
                -0.013761001639068127,
                0.03540831804275513,
                -0.057778239250183105,
                0.052941642701625824,
                -0.09154024720191956,
                -0.07343678921461105,
                0.0814865455031395,
                -0.2566657066345215,
                0.18535658717155457,
                0.1719001829624176,
                0.12106024473905563,
                0.08516162633895874,
                0.11778589338064194,
                0.08445616066455841,
                -0.037125248461961746,
                -0.0025723502039909363,
                -0.22099246084690094,
                -0.04675750806927681,
                0.1044950857758522,
                -0.016387516632676125,
                0.0945645123720169,
                0.006849504075944424
            ]
        ]
    },
    "hand": {
        "hand_count": 0,
        "hand_landmarks": []
    },
    "body": {
        "landmark_count": 33,
        "landmarks": [
            {
                "x": 0.5851013660430908,
                "y": 0.4808471202850342,
                "z": -2.725804090499878,
                "visibility": 0.9789837002754211
            },
            {
                "x": 0.6511582732200623,
                "y": 0.3676285743713379,
                "z": -2.6557507514953613,
                "visibility": 0.9695995450019836
            },
            {
                "x": 0.7154183983802795,
                "y": 0.3598766326904297,
                "z": -2.6570804119110107,
                "visibility": 0.9700873494148254
            },
            {
                "x": 0.7709637880325317,
                "y": 0.35184192657470703,
                "z": -2.65922212600708,
                "visibility": 0.9702070355415344
            },
            {
                "x": 0.46582305431365967,
                "y": 0.38254427909851074,
                "z": -2.666795492172241,
                "visibility": 0.9713269472122192
            },
            {
                "x": 0.40951576828956604,
                "y": 0.38603925704956055,
                "z": -2.6657400131225586,
                "visibility": 0.9721449613571167
            },
            {
                "x": 0.360437273979187,
                "y": 0.388110876083374,
                "z": -2.6677470207214355,
                "visibility": 0.9714277386665344
            },
            {
                "x": 0.8204469680786133,
                "y": 0.3612079620361328,
                "z": -1.5658196210861206,
                "visibility": 0.9797749519348145
            },
            {
                "x": 0.3053175210952759,
                "y": 0.4044802188873291,
                "z": -1.554746389389038,
                "visibility": 0.9857683777809143
            },
            {
                "x": 0.7030189037322998,
                "y": 0.602044939994812,
                "z": -2.257841110229492,
                "visibility": 0.9910358190536499
            },
            {
                "x": 0.5003716945648193,
                "y": 0.6027705669403076,
                "z": -2.2576370239257812,
                "visibility": 0.9908648133277893
            },
            {
                "x": 1.3273602724075317,
                "y": 0.7716201543807983,
                "z": -0.5454472303390503,
                "visibility": 0.9809641242027283
            },
            {
                "x": 0.1495983898639679,
                "y": 0.7731294631958008,
                "z": -1.053785800933838,
                "visibility": 0.9866657853126526
            },
            {
                "x": 1.6727519035339355,
                "y": 1.319326400756836,
                "z": -0.14633357524871826,
                "visibility": 0.07158763706684113
            },
            {
                "x": -0.21068193018436432,
                "y": 1.2488322257995605,