{
    "face": {
        "face_count": 1,
        "face_embeddings": [
            [
                -0.12289726734161377,
                0.017446953803300858,
                0.06034423038363457,
                0.004567848984152079,
                -0.10392621159553528,
                -0.06436295807361603,
                -0.10054968297481537,
                -0.1399194300174713,
                0.03609321266412735,
                -0.05172571539878845,
                0.18943127989768982,
                -0.01818537712097168,
                -0.15383200347423553,
                -0.16268464922904968,
                -0.01973150111734867,
                0.18272076547145844,
                -0.14274555444717407,
                -0.1995774507522583,
                -0.022903291508555412,
                -0.01937169022858143,
                0.058974739164114,
                0.020167503505945206,
                0.05662880837917328,
                0.05842073634266853,
                -0.12820446491241455,
                -0.3329853415489197,
                -0.08230366557836533,
                -0.11159687489271164,
                0.02025715820491314,
                0.03148506209254265,
                -0.07564157247543335,
                0.052767712622880936,
                -0.21888288855552673,
                -0.03582108020782471,
                0.11584486812353134,
                0.08255137503147125,
                0.06519421190023422,
                -0.05630534142255783,
                0.19845521450042725,
                0.017858583480119705,
                -0.24324870109558105,
                0.05238918215036392,
                0.058623865246772766,
                0.23289862275123596,
                0.1571255326271057,
                0.05808693543076515,
                0.046035073697566986,
                -0.12726782262325287,
                0.2041051834821701,
                -0.11930620670318604,
                0.1277214139699936,
                0.16481775045394897,
                0.10139073431491852,
                -0.016270432621240616,
                0.05350511893630028,
                -0.15494558215141296,
                0.06332621723413467,
                0.1265232264995575,
                -0.14424340426921844,
                0.013838173821568489,
                0.03410091623663902,
                0.004979586228728294,
                0.00011921301484107971,
                -0.1094164252281189,
                0.16479074954986572,
                0.04847895726561546,
                -0.04276701807975769,
                -0.22184182703495026,
                0.16087187826633453,
                -0.09421870857477188,
                -0.07237114012241364,
                0.10336759686470032,
                -0.2216639518737793,
                -0.15692339837551117,
                -0.33018162846565247,
                -0.00228768028318882,
                0.36021319031715393,
                0.1194482147693634,
                -0.24115586280822754,
                0.05651908740401268,
                -0.012557760812342167,
                0.023787930607795715,
                0.14515314996242523,
                0.1251804083585739,
                0.005287205800414085,
                0.03845914825797081,
                -0.12199102342128754,
                -0.0473448671400547,
                0.24254077672958374,
                -0.028847549110651016,
                -0.04923885315656662,
                0.2177753895521164,
                0.032365359365940094,
                0.051168009638786316,
                0.04193111136555672,
                -0.018496084958314896,
                -0.05645744875073433,
                0.016014564782381058,
                -0.16869276762008667,
                -0.06684739887714386,
                0.003976395353674889,
                0.07033029198646545,
                0.000667292159050703,
                0.13079707324504852,
                -0.16801489889621735,
                0.036072537302970886,
                -0.024500513449311256,
                0.0384800061583519,
                -0.061746422201395035,
                -0.004664302803575993,
                -0.09694232791662216,
                -0.0747927725315094,
                0.047435957938432693,
                -0.18570467829704285,
                0.1883876472711563,
                0.15476197004318237,
                0.09439066052436829,
                0.08006388694047928,
                0.10078861564397812,
                0.022036094218492508,
                -0.01758207380771637,
                -0.041733987629413605,
                -0.1972057819366455,
                -0.03736715018749237,
                0.14953361451625824,
                -0.04064017906785011,
                0.061334867030382156,
                0.03227769583463669
            ]
        ]
    },
    "hand": {
        "hand_count": 0,
        "hand_landmarks": []
    },
    "body": {
        "landmark_count": 33,
        "landmarks": [
            {
                "x": 0.4498739242553711,
                "y": 0.4088307321071625,
                "z": -2.161137342453003,
                "visibility": 0.999748170375824
            },
            {
                "x": 0.509262204170227,
                "y": 0.3383678197860718,
                "z": -2.0874717235565186,
                "visibility": 0.9995593428611755
            },
            {
                "x": 0.5510118007659912,
                "y": 0.3327915668487549,
                "z": -2.0879628658294678,
                "visibility": 0.9995908141136169
            },
            {
                "x": 0.5848528146743774,
                "y": 0.3289825916290283,
                "z": -2.0893170833587646,
                "visibility": 0.9995492100715637
            },
            {
                "x": 0.38830721378326416,
                "y": 0.35546040534973145,
                "z": -1.9948519468307495,
                "visibility": 0.9994727969169617
            },
            {
                "x": 0.35716187953948975,
                "y": 0.36026012897491455,
                "z": -1.993388056755066,
                "visibility": 0.9994895458221436
            },
            {
                "x": 0.33238333463668823,
                "y": 0.3646070957183838,
                "z": -1.9942421913146973,
                "visibility": 0.9994426369667053
            },
            {
                "x": 0.6697145700454712,
                "y": 0.3496936559677124,
                "z": -1.3791745901107788,
                "visibility": 0.9996623992919922
            },
            {
                "x": 0.345994770526886,
                "y": 0.39624783396720886,
                "z": -0.8995628952980042,
                "visibility": 0.999546468257904
            },
            {
                "x": 0.5676400661468506,
                "y": 0.472866415977478,
                "z": -1.8874915838241577,
                "visibility": 0.9998999834060669
            },
            {
                "x": 0.42775672674179077,
                "y": 0.48977336287498474,
                "z": -1.751839280128479,
                "visibility": 0.9998421669006348
            },
            {
                "x": 1.0368902683258057,
                "y": 0.7030487060546875,
                "z": -1.119896411895752,
                "visibility": 0.9980663657188416
            },
            {
                "x": 0.27121150493621826,
                "y": 0.7920902371406555,
                "z": -0.1605854332447052,
                "visibility": 0.9993009567260742
            },
            {
                "x": 1.4251326322555542,
                "y": 1.094578742980957,
                "z": -1.2204129695892334,
                "visibility": 0.355342835187912
            },
            {
                "x": 0.26355159282684326,
                "y": 1.147887110710144,