{
    "face": {
        "face_count": 1,
        "face_embeddings": [
            [
                -0.07943863421678543,
                0.02015123888850212,
                0.003426752984523773,
                -0.013186302036046982,
                -0.11833589524030685,
                -0.08076628297567368,
                -0.08586359769105911,
                -0.1252964287996292,
                0.08767524361610413,
                -0.1009741872549057,
                0.16492903232574463,
                -0.04301631078124046,
                -0.1368030309677124,
                -0.1313888430595398,
                -0.047262467443943024,
                0.20430295169353485,
                -0.14259740710258484,
                -0.2147476077079773,
                -0.057393770664930344,
                -0.003897865302860737,
                0.09165727347135544,
                0.0020080571994185448,
                -0.0028691673651337624,
                0.06108049303293228,
                -0.12794074416160583,
                -0.26263368129730225,
                -0.07081524282693863,
                -0.054592590779066086,
                -0.022010192275047302,
                -0.005329898092895746,
                -0.1034618616104126,
                0.03306436538696289,
                -0.20658333599567413,
                -0.11120583862066269,
                0.11129721254110336,
                0.13092872500419617,
                0.019581148400902748,
                -0.09485991299152374,
                0.18989424407482147,
                0.013408765196800232,
                -0.2544511556625366,
                0.07204370200634003,
                0.08509756624698639,
                0.2180599719285965,
                0.19121433794498444,
                0.025694936513900757,
                0.009392733685672283,
                -0.1701757162809372,
                0.14773476123809814,
                -0.15185387432575226,
                0.09073376655578613,
                0.13762731850147247,
                0.13714052736759186,
                0.03346267342567444,
                0.00011733360588550568,
                -0.16774001717567444,
                0.05431755632162094,
                0.12633153796195984,
                -0.1318090558052063,
                -0.02578437700867653,
                0.05796801298856735,
                -0.013358723372220993,
                -0.021251007914543152,
                -0.11769494414329529,
                0.16012506186962128,
                0.04958687722682953,
                -0.08319226652383804,
                -0.20748664438724518,
                0.12664763629436493,
                -0.11450693011283875,
                -0.10218577086925507,
                0.08048462867736816,
                -0.16186721622943878,
                -0.18586361408233643,
                -0.33524540066719055,
                -0.021319573745131493,
                0.3948200047016144,
                0.1210295706987381,
                -0.2493140697479248,
                0.03681940212845802,
                -0.015225289389491081,
                0.004180319607257843,
                0.11832176148891449,
                0.12096763402223587,
                0.011531408876180649,
                0.04888927564024925,
                -0.10417768359184265,
                -0.014889526180922985,
                0.24448637664318085,
                -0.03221452981233597,
                -0.06965398788452148,
                0.17432397603988647,
                0.046216756105422974,
                0.056415118277072906,
                0.05667976662516594,
                0.023823043331503868,
                -0.030301451683044434,
                0.049036432057619095,
                -0.17681822180747986,
                -0.04556404799222946,
                0.03475610166788101,
                0.009755072183907032,
                -0.011378705501556396,
                0.12950390577316284,
                -0.14798541367053986,
                0.08058469742536545,
                -0.00311029190197587,
                0.022615116089582443,
                -0.0445837676525116,
                -0.016749657690525055,
                -0.12859302759170532,
                -0.04550157114863396,
                0.10368888825178146,
                -0.1747753918170929,
                0.1608107089996338,
                0.1750606745481491,
                0.1003953069448471,
                0.09804632514715195,
                0.1491931527853012,
                0.04484717547893524,
                -0.0006880536675453186,
                -0.0334535576403141,
                -0.23547768592834473,
                -0.028518125414848328,
                0.10598468035459518,
                -0.025642380118370056,
                0.13573679327964783,
                0.05719535052776337
            ]
        ]
    },
    "hand": {
        "hand_count": 1,
        "hand_landmarks": [
            [
                {
                    "x": 0.7442615628242493,
                    "y": 0.8496463894844055,
                    "z": -6.244760584195319e-07,
                    "visibility": 0.0
                },
                {
                    "x": 0.6989099383354187,
                    "y": 0.8175889253616333,
                    "z": -0.00414535216987133,
                    "visibility": 0.0
                },
                {
                    "x": 0.6606400609016418,
                    "y": 0.7378028035163879,
                    "z": -0.005782215856015682,
                    "visibility": 0.0
                },
                {
                    "x": 0.6433079838752747,
                    "y": 0.6709463596343994,
                    "z": -0.012585967779159546,
                    "visibility": 0.0
                },
                {
                    "x": 0.6402784585952759,
                    "y": 0.613097071647644,
                    "z": -0.017040718346834183,
                    "visibility": 0.0
                },
                {
                    "x": 0.6871581077575684,
                    "y": 0.649232029914856,
                    "z": 0.017967181280255318,
                    "visibility": 0.0
                },
                {
                    "x": 0.6670366525650024,
                    "y": 0.5776176452636719,
                    "z": -0.007865962572395802,
                    "visibility": 0.0
                },
                {
                    "x": 0.6468247771263123,
                    "y": 0.6023563742637634,
                    "z": -0.022760381922125816,
                    "visibility": 0.0
                },
                {
                    "x": 0.6423376798629761,
                    "y": 0.6389462351799011,
                    "z": -0.02810719609260559,
                    "visibility": 0.0
                },
                {
                    "x": 0.7133844494819641,
                    "y": 0.6461873650550842,
                    "z": 0.008582871407270432,
                    "visibility": 0.0
                },
                {
                    "x": 0.6786380410194397,
                    "y": 0.5868128538131714,
                    "z": -0.01978335715830326,
                    "visibility": 0.0
                },
                {
                    "x": 0.6632396578788757,
                    "y": 0.6499211192131042,
                    "z": -0.02718975953757763,
                    "visibility": 0.0
                },
                {
                    "x": 0.6716521382331848,
                    "y": 0.6958492994308472,
                    "z": -0.023334205150604248,
                    "visibility": 0.0
                },
                {
                    "x": 0.7425407767295837,
                    "y": 0.6519016027450562,
                    "z": -0.005878789350390434,