{
    "face": {
        "face_count": 1,
        "face_embeddings": [
            [
                -0.07619551569223404,
                -0.006339697167277336,
                0.05845393240451813,
                0.016701191663742065,
                -0.12908564507961273,
                -0.06530153751373291,
                -0.11336759477853775,
                -0.13307934999465942,
                0.056505829095840454,
                -0.09609907865524292,
                0.21175871789455414,
                -0.021759139373898506,
                -0.16805464029312134,
                -0.08253712952136993,
                -0.007446152623742819,
                0.209931418299675,
                -0.173543319106102,
                -0.2049502581357956,
                -0.023610621690750122,
                0.0092476736754179,
                0.09871985018253326,
                -0.01420181430876255,
                -4.914350574836135e-05,
                0.08729970455169678,
                -0.1247633621096611,
                -0.31183844804763794,
                -0.10787242650985718,
                -0.12184571474790573,
                0.03416641801595688,
                -0.013856743462383747,
                -0.11320161819458008,
                0.013100873678922653,
                -0.20834027230739594,
                -0.028319619596004486,
                0.08968587219715118,
                0.05870369076728821,
                0.06182558462023735,
                -0.07204374670982361,
                0.18905408680438995,
                0.013701771385967731,
                -0.2902090549468994,
                0.131601944565773,
                0.07825581729412079,
                0.19475027918815613,
                0.15154272317886353,
                0.047876544296741486,
                0.03855779021978378,
                -0.1330089122056961,
                0.16295820474624634,
                -0.1512228101491928,
                0.1125413104891777,
                0.1381658911705017,
                0.1653384566307068,
                0.019675396382808685,
                0.02599881775677204,
                -0.18496179580688477,
                0.02931186743080616,
                0.14793305099010468,
                -0.1914873570203781,
                0.08526735752820969,
                0.052173104137182236,
                -0.04833526164293289,
                0.019950827583670616,
                -0.09849738329648972,
                0.21490158140659332,
                0.10834469646215439,
                -0.09175974875688553,
                -0.21547934412956238,
                0.12586164474487305,
                -0.11667395383119583,
                -0.10607247054576874,
                0.07822616398334503,
                -0.20597925782203674,
                -0.15280437469482422,
                -0.35922595858573914,
                0.0032529495656490326,
                0.41775020956993103,
                0.08981968462467194,
                -0.2651882469654083,
                0.07863706350326538,
                -0.02158227749168873,
                0.005554627627134323,
                0.09696298092603683,
                0.15973655879497528,
                0.009267430752515793,
                0.02267727069556713,
                -0.1043485552072525,
                -0.02859429642558098,
                0.2361776977777481,
                -0.03568289801478386,
                -0.0016249613836407661,
                0.21699604392051697,
                -0.0006427867338061333,
                0.07276678085327148,
                0.028307339176535606,
                0.027920227497816086,
                -0.08161713182926178,
                -0.04486508294939995,
                -0.12386410683393478,
                -0.08563866466283798,
                -0.05711134523153305,
                0.03356943652033806,
                0.0036257528699934483,
                0.12411676347255707,
                -0.16849583387374878,
                0.03537730872631073,
                -0.04403221607208252,
                0.007173594087362289,
                -0.04700467735528946,
                0.07407775521278381,
                -0.07231410592794418,
                -0.08350517600774765,
                0.04697705805301666,
                -0.23272670805454254,
                0.22150330245494843,
                0.1649235039949417,
                0.09231395274400711,
                0.0629509761929512,
                0.07170053571462631,
                0.05017991364002228,
                -0.039059657603502274,
                -0.019967518746852875,
                -0.213298961520195,
                -0.018686778843402863,
                0.1329517364501953,
                -0.048865072429180145,
                0.08830966055393219,
                0.041989766061306
            ]
        ]
    },
    "hand": {
        "hand_count": 1,
        "hand_landmarks": [
            [
                {
                    "x": 0.7538573145866394,
                    "y": 0.9568089246749878,
                    "z": -2.98181781488438e-08,
                    "visibility": 0.0
                },
                {
                    "x": 0.6884955167770386,
                    "y": 0.9279716610908508,
                    "z": 0.02080424875020981,
                    "visibility": 0.0
                },
                {
                    "x": 0.6089361906051636,
                    "y": 0.9271731972694397,
                    "z": 0.016375664621591568,
                    "visibility": 0.0
                },
                {
                    "x": 0.5502398014068604,
                    "y": 0.9380039572715759,
                    "z": 0.008462687954306602,
                    "visibility": 0.0
                },
                {
                    "x": 0.5178119540214539,
                    "y": 0.9591928124427795,
                    "z": -0.0024246119428426027,
                    "visibility": 0.0
                },
                {
                    "x": 0.5546978116035461,
                    "y": 0.9221327900886536,
                    "z": -0.045352399349212646,
                    "visibility": 0.0
                },
                {
                    "x": 0.4474131464958191,
                    "y": 0.9432634711265564,
                    "z": -0.074142225086689,
                    "visibility": 0.0
                },
                {
                    "x": 0.4036429524421692,
                    "y": 0.9764493703842163,
                    "z": -0.08299223333597183,
                    "visibility": 0.0
                },
                {
                    "x": 0.38915401697158813,
                    "y": 1.0013861656188965,
                    "z": -0.0843474343419075,
                    "visibility": 0.0
                },
                {
                    "x": 0.5718647241592407,
                    "y": 0.9395334720611572,
                    "z": -0.07006391137838364,
                    "visibility": 0.0
                },
                {
                    "x": 0.4507482647895813,
                    "y": 0.9628604650497437,
                    "z": -0.10068316757678986,
                    "visibility": 0.0
                },
                {
                    "x": 0.4132824242115021,
                    "y": 1.0030343532562256,
                    "z": -0.10248354822397232,
                    "visibility": 0.0
                },
                {
                    "x": 0.4098656177520752,
                    "y": 1.0297608375549316,
                    "z": -0.09913686662912369,
                    "visibility": 0.0
                },
                {
                    "x": 0.6046602129936218,
                    "y": 0.9666097164154053,
                    "z": -0.09017452597618103,