{
    "face": {
        "face_count": 1,
        "face_embeddings": [
            [
                -0.07569359242916107,
                0.03615406155586243,
                0.07936243712902069,
                -0.040448594838380814,
                -0.09962231665849686,
                -0.10416563600301743,
                -0.09204714000225067,
                -0.08675769716501236,
                0.06735102832317352,
                -0.10033968091011047,
                0.2068706601858139,
                -0.0243570264428854,
                -0.1682066172361374,
                -0.06428159773349762,
                0.02933201938867569,
                0.15057487785816193,
                -0.1111728698015213,
                -0.14921163022518158,
                -0.0795092061161995,
                0.015465930104255676,
                0.08943574875593185,
                -0.004074938595294952,
                0.00920502096414566,
                0.06518176943063736,
                -0.12157290428876877,
                -0.2843475341796875,
                -0.11457864195108414,
                -0.01862533576786518,
                -0.02799072116613388,
                0.0019652291666716337,
                -0.09667139500379562,
                0.007906798273324966,
                -0.2172153890132904,
                -0.10413286089897156,
                0.08131394535303116,
                0.09709469974040985,
                0.005378201603889465,
                -0.10013524442911148,
                0.16995736956596375,
                0.012598804198205471,
                -0.2977798581123352,
                0.06757959723472595,
                0.07584837079048157,
                0.22010421752929688,
                0.196506530046463,
                0.04383315145969391,
                0.022678231820464134,
                -0.09837336838245392,
                0.1564461588859558,
                -0.17067676782608032,
                0.10045987367630005,
                0.16572600603103638,
                0.13273847103118896,
                0.027460450306534767,
                0.010964920744299889,
                -0.1389685571193695,
                0.03460044041275978,
                0.1955520361661911,
                -0.1485065519809723,
                -0.01274469867348671,
                0.0674242302775383,
                -0.014713656157255173,
                -0.0010151760652661324,
                -0.11108213663101196,
                0.17342031002044678,
                0.14160579442977905,
                -0.12603604793548584,
                -0.20280052721500397,
                0.12682883441448212,
                -0.10369095951318741,
                -0.09903261065483093,
                0.09409976005554199,
                -0.2347107231616974,
                -0.17742063105106354,
                -0.3380712568759918,
                -0.009227490052580833,
                0.35947102308273315,
                0.07901705056428909,
                -0.22560277581214905,
                -0.005634147208184004,
                -0.05441560596227646,
                0.05211016535758972,
                0.11415158957242966,
                0.12851695716381073,
                0.0310381893068552,
                0.029340457171201706,
                -0.08194832503795624,
                0.0014375252649188042,
                0.2673674523830414,
                -0.03439054638147354,
                -0.07892850041389465,
                0.17746978998184204,
                0.039133865386247635,
                0.03613261505961418,
                0.01985715515911579,
                0.05389464646577835,
                -0.03707773983478546,
                -0.018052473664283752,
                -0.21094457805156708,
                -0.016006197780370712,
                -0.007264227606356144,
                0.03538911044597626,
                -0.05284668877720833,
                0.1646108627319336,
                -0.1713823825120926,
                0.0847194492816925,
                0.028246046975255013,
                0.029438331723213196,
                -0.03890740126371384,
                0.0013923977967351675,
                -0.10475881397724152,
                -0.07087823003530502,
                0.056856196373701096,
                -0.18144311010837555,
                0.19018156826496124,
                0.1807069629430771,
                0.06306949257850647,
                0.0436553955078125,
                0.10350223630666733,
                0.014036976732313633,
                0.012315395288169384,
                -0.044431935995817184,
                -0.21696533262729645,
                -0.05613900348544121,
                0.10757365077733994,
                0.0003426293842494488,
                0.10958674550056458,
                0.009979240596294403
            ]
        ]
    },
    "hand": {
        "hand_count": 0,
        "hand_landmarks": []
    },
    "body": {
        "landmark_count": 33,
        "landmarks": [
            {
                "x": 0.4566629230976105,
                "y": 0.4181697368621826,
                "z": -2.2799789905548096,
                "visibility": 0.9986165761947632
            },
            {
                "x": 0.5272195935249329,
                "y": 0.3363797664642334,
                "z": -2.154846668243408,
                "visibility": 0.997711181640625
            },
            {
                "x": 0.5795143246650696,
                "y": 0.3373067378997803,
                "z": -2.1555335521698,
                "visibility": 0.9978760480880737
            },
            {
                "x": 0.6272809505462646,
                "y": 0.3397667407989502,
                "z": -2.1571812629699707,
                "visibility": 0.9979594945907593
            },
            {
                "x": 0.39616137742996216,
                "y": 0.33954668045043945,
                "z": -2.1071207523345947,
                "visibility": 0.9976029992103577
            },
            {
                "x": 0.36123985052108765,
                "y": 0.3418506383895874,
                "z": -2.105503797531128,
                "visibility": 0.9976657629013062
            },
            {
                "x": 0.333163857460022,
                "y": 0.3452354669570923,
                "z": -2.106670618057251,
                "visibility": 0.9977693557739258
            },
            {
                "x": 0.7001424431800842,
                "y": 0.3776170015335083,
                "z": -1.2600458860397339,
                "visibility": 0.9975505471229553
            },
            {
                "x": 0.3257570266723633,
                "y": 0.38027846813201904,
                "z": -0.9916870594024658,
                "visibility": 0.9980694651603699
            },
            {
                "x": 0.5678887367248535,
                "y": 0.5026167631149292,
                "z": -1.9467456340789795,
                "visibility": 0.9992726445198059
            },
            {
                "x": 0.39978089928627014,
                "y": 0.5017738342285156,
                "z": -1.8693370819091797,
                "visibility": 0.9991757273674011
            },
            {
                "x": 1.088839054107666,
                "y": 0.8574210405349731,
                "z": -0.8269476294517517,
                "visibility": 0.994300365447998
            },
            {
                "x": 0.10094654560089111,
                "y": 0.8627690076828003,
                "z": -0.473794549703598,
                "visibility": 0.9977235198020935
            },
            {
                "x": 1.2711962461471558,
                "y": 1.3747307062149048,
                "z": -0.9544684886932373,
                "visibility": 0.14444059133529663
            },
            {
                "x": -0.12298178672790527,
                "y": 1.3441479206085205,