{
    "face": {
        "face_count": 1,
        "face_embeddings": [
            [
                -0.08316617459058762,
                0.06535352021455765,
                0.01836971938610077,
                -0.012829608283936977,
                -0.15358126163482666,
                -0.07691236585378647,
                -0.13825079798698425,
                -0.14268939197063446,
                0.03775704279541969,
                -0.07907469570636749,
                0.21588139235973358,
                0.004682030063122511,
                -0.1542031168937683,
                -0.14748646318912506,
                -0.029352746903896332,
                0.1710606962442398,
                -0.11203698813915253,
                -0.2081713080406189,
                -0.055173780769109726,
                0.01924271509051323,
                0.06098740175366402,
                -0.0006682899547740817,
                0.03081432357430458,
                0.056678108870983124,
                -0.1703118085861206,
                -0.31852197647094727,
                -0.1153900995850563,
                -0.06453175097703934,
                -0.03507601469755173,
                -0.04379115626215935,
                -0.07572534680366516,
                0.0583869107067585,
                -0.1948055624961853,
                -0.06024082750082016,
                0.11455373466014862,
                0.06057897210121155,
                0.08489248901605606,
                -0.04618450999259949,
                0.20616039633750916,
                0.021822359412908554,
                -0.2551339864730835,
                0.08895213156938553,
                0.08438168466091156,
                0.23992101848125458,
                0.21922366321086884,
                0.013593466952443123,
                0.09006494283676147,
                -0.1254357546567917,
                0.20440325140953064,
                -0.09691040217876434,
                0.09359169006347656,
                0.14558513462543488,
                0.15972767770290375,
                -0.012418420985341072,
                0.03911484777927399,
                -0.1720084697008133,
                0.01485910639166832,
                0.1647375524044037,
                -0.12709127366542816,
                -0.026311339810490608,
                0.04176567494869232,
                0.0239972323179245,
                -0.046084657311439514,
                -0.11018591374158859,
                0.16273990273475647,
                0.066665418446064,
                -0.08355138450860977,
                -0.2509118616580963,
                0.16099151968955994,
                -0.0938912034034729,
                -0.07787728309631348,
                0.08737125247716904,
                -0.2594672739505768,
                -0.15830890834331512,
                -0.3539145886898041,
                0.009535915218293667,
                0.37785211205482483,
                0.11798499524593353,
                -0.2515491247177124,
                0.05997305363416672,
                -0.014174137264490128,
                0.05679894983768463,
                0.06605714559555054,
                0.07567470520734787,
                -0.022758131846785545,
                0.03190374746918678,
                -0.10183848440647125,
                -0.0014388179406523705,
                0.23878851532936096,
                -0.009877209551632404,
                -0.06455928087234497,
                0.15063150227069855,
                0.03336077928543091,
                0.06285734474658966,
                0.061358217149972916,
                0.007453983649611473,
                -0.06387165933847427,
                0.008806667290627956,
                -0.15415294468402863,
                -0.006015050690621138,
                -0.03208246827125549,
                0.02858409658074379,
                0.00993497483432293,
                0.1613871455192566,
                -0.1361045390367508,
                0.06587942689657211,
                -0.03591916710138321,
                0.05201306939125061,
                -0.0989825651049614,
                0.06123092398047447,
                -0.1056852787733078,
                -0.07137090712785721,
                0.04722066596150398,
                -0.2079644501209259,
                0.17653343081474304,
                0.1401369273662567,
                0.04784082993865013,
                0.0670027807354927,
                0.12144546210765839,
                0.05301690846681595,
                -0.024184685200452805,
                0.023930927738547325,
                -0.179068922996521,
                -0.061145491898059845,
                0.11867941170930862,
                -0.044863175600767136,
                0.1176772490143776,
                0.018543101847171783
            ]
        ]
    },
    "hand": {
        "hand_count": 0,
        "hand_landmarks": []
    },
    "body": {
        "landmark_count": 33,
        "landmarks": [
            {
                "x": 0.6044262051582336,
                "y": 0.40785539150238037,
                "z": -1.7909862995147705,
                "visibility": 0.9992892742156982
            },
            {
                "x": 0.6326267123222351,
                "y": 0.32852259278297424,
                "z": -1.6786041259765625,
                "visibility": 0.9986299276351929
            },
            {
                "x": 0.6661715507507324,
                "y": 0.32535144686698914,
                "z": -1.6788116693496704,
                "visibility": 0.9986037611961365
            },
            {
                "x": 0.6979445815086365,
                "y": 0.3229168653488159,
                "z": -1.680228352546692,
                "visibility": 0.9985155463218689
            },
            {
                "x": 0.5162308216094971,
                "y": 0.3416401147842407,
                "z": -1.6927883625030518,
                "visibility": 0.998979389667511
            },
            {
                "x": 0.4707302451133728,
                "y": 0.34843316674232483,
                "z": -1.6920160055160522,
                "visibility": 0.9990711212158203
            },
            {
                "x": 0.4266430139541626,
                "y": 0.35633108019828796,
                "z": -1.6933003664016724,
                "visibility": 0.9992037415504456
            },
            {
                "x": 0.7246811985969543,
                "y": 0.3521331548690796,
                "z": -0.976457953453064,
                "visibility": 0.9986202716827393
            },
            {
                "x": 0.3644452691078186,
                "y": 0.39319753646850586,
                "z": -0.9729587435722351,
                "visibility": 0.9995637536048889
            },
            {
                "x": 0.6657804846763611,
                "y": 0.48338639736175537,
                "z": -1.5194249153137207,
                "visibility": 0.9995939135551453
            },
            {
                "x": 0.5354224443435669,
                "y": 0.501234769821167,
                "z": -1.52054762840271,
                "visibility": 0.9997426867485046
            },
            {
                "x": 1.0520638227462769,
                "y": 0.8251882791519165,
                "z": -0.5554924011230469,
                "visibility": 0.994270920753479
            },
            {
                "x": 0.13066813349723816,
                "y": 0.8456920385360718,
                "z": -0.841912567615509,
                "visibility": 0.9990637898445129
            },
            {
                "x": 1.3318793773651123,
                "y": 1.3138692378997803,
                "z": -0.35460591316223145,
                "visibility": 0.08747821301221848
            },
            {
                "x": -0.18023282289505005,
                "y": 1.3542007207870483,