{
    "face": {
        "face_count": 1,
        "face_embeddings": [
            [
                -0.1178634986281395,
                0.004244621843099594,
                0.009240051731467247,
                -0.031020721420645714,
                -0.11725930869579315,
                -0.06081465259194374,
                -0.0830644890666008,
                -0.11899179965257645,
                0.09346308559179306,
                -0.07775773853063583,
                0.17674125730991364,
                -0.03509107977151871,
                -0.1577308028936386,
                -0.0823657363653183,
                -0.04394090920686722,
                0.1514957845211029,
                -0.13023996353149414,
                -0.18180032074451447,
                -0.07788126170635223,
                0.011686760000884533,
                0.07938726991415024,
                0.012273600324988365,
                0.007340274751186371,
                0.04875853657722473,
                -0.06113341823220253,
                -0.3054659962654114,
                -0.09771566092967987,
                -0.0805656909942627,
                -0.02596060372889042,
                -0.019625317305326462,
                -0.053899135440588,
                0.03356165066361427,
                -0.21680757403373718,
                -0.07360845059156418,
                0.10723698139190674,
                0.10936278849840164,
                0.04167075827717781,
                -0.07560772448778152,
                0.1923082023859024,
                0.0074996985495090485,
                -0.2677861750125885,
                0.0719279944896698,
                0.08160392940044403,
                0.22434286773204803,
                0.16584338247776031,
                0.04764612019062042,
                0.006916589103639126,
                -0.15411299467086792,
                0.17372936010360718,
                -0.1119767501950264,
                0.061472851783037186,
                0.17641593515872955,
                0.12295005470514297,
                -0.003377237357199192,
                0.0398438423871994,
                -0.16780683398246765,
                0.06450217962265015,
                0.11614294350147247,
                -0.10710745304822922,
                -0.0222911573946476,
                0.07401604950428009,
                -0.002917223609983921,
                -0.002100517973303795,
                -0.12117847800254822,
                0.18792937695980072,
                0.059654198586940765,
                -0.07682797312736511,
                -0.24541081488132477,
                0.12269339710474014,
                -0.12442895770072937,
                -0.08990631997585297,
                0.11032357811927795,
                -0.22340108454227448,
                -0.17198219895362854,
                -0.31254518032073975,
                -0.024782495573163033,
                0.38595959544181824,
                0.0963888093829155,
                -0.23312291502952576,
                0.04950820654630661,
                -0.05854284390807152,
                0.031923335045576096,
                0.121615469455719,
                0.13945074379444122,
                0.005214305594563484,
                0.0747787356376648,
                -0.1172250434756279,
                -0.05747438222169876,
                0.2665170133113861,
                -0.02328583225607872,
                -0.059452369809150696,
                0.16830118000507355,
                0.029243435710668564,
                0.03804061561822891,
                0.040222056210041046,
                -0.02769259549677372,
                -0.04171526059508324,
                -0.013343959115445614,
                -0.1925477385520935,
                -0.06056645140051842,
                -0.03433828428387642,
                0.03060598112642765,
                -0.028802121058106422,
                0.14096152782440186,
                -0.16603973507881165,
                0.029009787365794182,
                -0.026458026841282845,
                0.023863498121500015,
                -0.07865826040506363,
                -0.0038975889328867197,
                -0.08821588009595871,
                -0.05810101702809334,
                0.08166380971670151,
                -0.2012060135602951,
                0.16959229111671448,
                0.15537172555923462,
                0.0951114296913147,
                0.07000093162059784,
                0.1196550726890564,
                0.05537572503089905,
                -0.03252844512462616,
                0.0076803406700491905,
                -0.22134770452976227,
                -0.03462684527039528,
                0.09049450606107712,
                0.012428121641278267,
                0.08851756155490875,
                0.007051727268844843
            ]
        ]
    },
    "hand": {
        "hand_count": 1,
        "hand_landmarks": [
            [
                {
                    "x": 0.3369884490966797,
                    "y": 0.8442589640617371,
                    "z": -1.1721819248577958e-07,
                    "visibility": 0.0
                },
                {
                    "x": 0.31837624311447144,
                    "y": 0.810459554195404,
                    "z": -0.03502111881971359,
                    "visibility": 0.0
                },
                {
                    "x": 0.31720322370529175,
                    "y": 0.7679129838943481,
                    "z": -0.06928619742393494,
                    "visibility": 0.0
                },
                {
                    "x": 0.32869774103164673,
                    "y": 0.7285700440406799,
                    "z": -0.09941846877336502,
                    "visibility": 0.0
                },
                {
                    "x": 0.34536105394363403,
                    "y": 0.7001243829727173,
                    "z": -0.12808512151241302,
                    "visibility": 0.0
                },
                {
                    "x": 0.291867733001709,
                    "y": 0.8069062829017639,
                    "z": -0.08722973614931107,
                    "visibility": 0.0
                },
                {
                    "x": 0.34625861048698425,
                    "y": 0.752623438835144,
                    "z": -0.12990109622478485,
                    "visibility": 0.0
                },
                {
                    "x": 0.37142181396484375,
                    "y": 0.7283017635345459,
                    "z": -0.15310023725032806,
                    "visibility": 0.0
                },
                {
                    "x": 0.38137298822402954,
                    "y": 0.7161602973937988,
                    "z": -0.1644192337989807,
                    "visibility": 0.0
                },
                {
                    "x": 0.3297962248325348,
                    "y": 0.8291069865226746,
                    "z": -0.08647333830595016,
                    "visibility": 0.0
                },
                {
                    "x": 0.3823220133781433,
                    "y": 0.7652047872543335,
                    "z": -0.11099176108837128,
                    "visibility": 0.0
                },
                {
                    "x": 0.3794417381286621,
                    "y": 0.7694802284240723,
                    "z": -0.10895349085330963,
                    "visibility": 0.0
                },
                {
                    "x": 0.3659976124763489,
                    "y": 0.7863371968269348,
                    "z": -0.11109969764947891,
                    "visibility": 0.0
                },
                {
                    "x": 0.3688580393791199,
                    "y": 0.8428041338920593,
                    "z": -0.08695327490568161,