{
    "face": {
        "face_count": 1,
        "face_embeddings": [
            [
                -0.10077689588069916,
                0.018958285450935364,
                0.02674722857773304,
                -0.04372168332338333,
                -0.11321500688791275,
                -0.07469573616981506,
                -0.12147930264472961,
                -0.11364880949258804,
                0.06588353216648102,
                -0.09186719357967377,
                0.18611174821853638,
                -0.04789867252111435,
                -0.18531431257724762,
                -0.09472143650054932,
                0.00040260981768369675,
                0.16002531349658966,
                -0.14640897512435913,
                -0.18871577084064484,
                -0.02183973602950573,
                0.028840184211730957,
                0.08377497643232346,
                0.01936856471002102,
                0.007338614668697119,
                0.0660666972398758,
                -0.15023665130138397,
                -0.31480616331100464,
                -0.10438346117734909,
                -0.10003255307674408,
                -0.0529555082321167,
                0.018475065007805824,
                -0.04684395343065262,
                0.027923263609409332,
                -0.19296909868717194,
                -0.047659583389759064,
                0.08536723256111145,
                0.08529887348413467,
                0.052747342735528946,
                -0.0441991426050663,
                0.18963758647441864,
                0.02805480919778347,
                -0.2906908690929413,
                0.09239853918552399,
                0.07766023278236389,
                0.21351967751979828,
                0.1267860382795334,
                0.08228404819965363,
                0.019586389884352684,
                -0.13570506870746613,
                0.1426326334476471,
                -0.15128549933433533,
                0.12052696943283081,
                0.16071383655071259,
                0.12799733877182007,
                -0.02498915232717991,
                0.03343653678894043,
                -0.1504620909690857,
                0.0500965416431427,
                0.12327287346124649,
                -0.18963421881198883,
                0.01606464385986328,
                0.05925213545560837,
                0.016429468989372253,
                -0.02252206951379776,
                -0.10340840369462967,
                0.20912107825279236,
                0.11481749266386032,
                -0.10722705721855164,
                -0.18158885836601257,
                0.11664469540119171,
                -0.11600395292043686,
                -0.12627699971199036,
                0.09306623041629791,
                -0.19593733549118042,
                -0.173964723944664,
                -0.3392195403575897,
                -0.008013008162379265,
                0.3617762327194214,
                0.06948874145746231,
                -0.2553252577781677,
                0.05302417650818825,
                -0.003102664602920413,
                0.014850832521915436,
                0.12433464080095291,
                0.13503015041351318,
                -0.01014707237482071,
                0.0319262333214283,
                -0.08032182604074478,
                -0.03664182499051094,
                0.24369840323925018,
                -0.030065901577472687,
                -0.044452693313360214,
                0.20223073661327362,
                0.03564766049385071,
                0.059549421072006226,
                0.04916249215602875,
                0.023964103311300278,
                -0.041090965270996094,
                -0.03617623448371887,
                -0.15891055762767792,
                -0.051736049354076385,
                0.0415208637714386,
                0.04175058752298355,
                -0.04020686820149422,
                0.13261495530605316,
                -0.1839229166507721,
                0.06117761507630348,
                -0.00613688537850976,
                -0.020224135369062424,
                -0.025511236861348152,
                0.03773218393325806,
                -0.09496452659368515,
                -0.08564833551645279,
                0.08229359984397888,
                -0.19895440340042114,
                0.18598757684230804,
                0.14173339307308197,
                0.06041131541132927,
                0.07047748565673828,
                0.11906103789806366,
                0.03026706352829933,
                -0.030462857335805893,
                -0.007799558341503143,
                -0.22598007321357727,
                -0.06382867693901062,
                0.14431488513946533,
                -0.031136326491832733,
                0.11645568162202835,
                0.020084809511899948
            ]
        ]
    },
    "hand": {
        "hand_count": 1,
        "hand_landmarks": [
            [
                {
                    "x": 0.31127557158470154,
                    "y": 0.9128857851028442,
                    "z": -6.52276881396574e-08,
                    "visibility": 0.0
                },
                {
                    "x": 0.31527552008628845,
                    "y": 0.8580654263496399,
                    "z": 0.008613099344074726,
                    "visibility": 0.0
                },
                {
                    "x": 0.3534505367279053,
                    "y": 0.7955451011657715,
                    "z": -0.00868254154920578,
                    "visibility": 0.0
                },
                {
                    "x": 0.412963330745697,
                    "y": 0.7562730312347412,
                    "z": -0.03275993838906288,
                    "visibility": 0.0
                },
                {
                    "x": 0.47312748432159424,
                    "y": 0.7347167730331421,
                    "z": -0.05477578938007355,
                    "visibility": 0.0
                },
                {
                    "x": 0.3204141855239868,
                    "y": 0.7541900277137756,
                    "z": -0.04998777434229851,
                    "visibility": 0.0
                },
                {
                    "x": 0.4088618755340576,
                    "y": 0.6834432482719421,
                    "z": -0.09066686034202576,
                    "visibility": 0.0
                },
                {
                    "x": 0.48660755157470703,
                    "y": 0.6990157961845398,
                    "z": -0.09881313145160675,
                    "visibility": 0.0
                },
                {
                    "x": 0.5188789963722229,
                    "y": 0.7272447347640991,
                    "z": -0.09365135431289673,
                    "visibility": 0.0
                },
                {
                    "x": 0.32300183176994324,
                    "y": 0.7663638591766357,
                    "z": -0.07353697717189789,
                    "visibility": 0.0
                },
                {
                    "x": 0.47938624024391174,
                    "y": 0.7207042574882507,
                    "z": -0.11120979487895966,
                    "visibility": 0.0
                },
                {
                    "x": 0.5418142080307007,
                    "y": 0.7627193331718445,
                    "z": -0.10018549114465714,
                    "visibility": 0.0
                },
                {
                    "x": 0.5469506978988647,
                    "y": 0.7979474067687988,
                    "z": -0.08098828792572021,
                    "visibility": 0.0
                },
                {
                    "x": 0.3433588743209839,
                    "y": 0.7920783162117004,
                    "z": -0.09626957029104233,