{
    "face": {
        "face_count": 1,
        "face_embeddings": [
            [
                -0.11663319915533066,
                0.11221352964639664,
                0.056658897548913956,
                -0.08303199708461761,
                -0.1368502825498581,
                0.014654514379799366,
                -0.02312701754271984,
                -0.11843378096818924,
                0.18929216265678406,
                -0.1792355626821518,
                0.16523407399654388,
                -0.11460114270448685,
                -0.2656745910644531,
                0.031436484307050705,
                -0.09319833666086197,
                0.2844042181968689,
                -0.11297276616096497,
                -0.19208747148513794,
                -0.09597349166870117,
                0.0030354689806699753,
                0.07609172910451889,
                0.0362665057182312,
                -0.03990066796541214,
                0.07259184122085571,
                -0.11083050072193146,
                -0.33727458119392395,
                -0.11801078170537949,
                -0.002665981650352478,
                -0.10298579186201096,
                -0.06855105608701706,
                -0.011367904022336006,
                0.039916764944791794,
                -0.1949668675661087,
                -0.010530449450016022,
                0.02421422302722931,
                0.11752629280090332,
                0.0142472293227911,
                -0.14658036828041077,
                0.13931912183761597,
                -0.02079698257148266,
                -0.34693270921707153,
                0.06169195473194122,
                0.17316970229148865,
                0.2070424109697342,
                0.137537881731987,
                -0.024277793243527412,
                0.008004853501915932,
                -0.16539208590984344,
                0.11151038855314255,
                -0.12508243322372437,
                0.0021502505987882614,
                0.09428330510854721,
                0.10609404742717743,
                0.08424871414899826,
                0.012543320655822754,
                -0.1676400601863861,
                0.0816611722111702,
                0.13444261252880096,
                -0.1545088142156601,
                -0.045670684427022934,
                0.10862506926059723,
                -0.07128533720970154,
                0.009626057930290699,
                -0.07681863009929657,
                0.13252633810043335,
                0.08783809840679169,
                -0.057874344289302826,
                -0.26720255613327026,
                0.1668214350938797,
                -0.2116609811782837,
                -0.06887965649366379,
                0.0784188061952591,
                -0.1661495715379715,
                -0.21221818029880524,
                -0.3484724760055542,
                -0.029414016753435135,
                0.2915823757648468,
                0.16911552846431732,
                -0.16756829619407654,
                0.0746697336435318,
                0.06379356235265732,
                0.0481179878115654,
                0.07853265851736069,
                0.20439493656158447,
                0.019330469891428947,
                0.07361500710248947,
                -0.10128164291381836,
                0.025384001433849335,
                0.2955750823020935,
                -0.04497422277927399,
                -0.026644622907042503,
                0.23583315312862396,
                0.044470831751823425,
                -0.030320219695568085,
                0.007514139171689749,
                0.0349392369389534,
                -0.08270415663719177,
                0.021327488124370575,
                -0.18102096021175385,
                0.008129170164465904,
                -0.03253612667322159,
                0.027919959276914597,
                -0.05142558738589287,
                0.11540556699037552,
                -0.19139476120471954,
                0.12912417948246002,
                -0.043136902153491974,
                -0.014161892235279083,
                -0.11044064909219742,
                0.02616184391081333,
                -0.06744100153446198,
                -0.012054234743118286,
                0.1472795456647873,
                -0.15359656512737274,
                0.1359899938106537,
                0.18460407853126526,
                0.04229169338941574,
                0.08527067303657532,
                0.13866670429706573,
                0.09254518896341324,
                0.01906127668917179,
                -0.03311862424015999,
                -0.236245259642601,
                -0.04826626926660538,
                0.11310440301895142,
                -0.08723292499780655,
                0.12188480794429779,
                0.05010472983121872
            ]
        ]
    },
    "hand": {
        "hand_count": 1,
        "hand_landmarks": [
            [
                {
                    "x": 0.0907343178987503,
                    "y": 0.7680699229240417,
                    "z": -1.83703335210339e-07,
                    "visibility": 0.0
                },
                {
                    "x": 0.1460598260164261,
                    "y": 0.7079894542694092,
                    "z": 0.018219320103526115,
                    "visibility": 0.0
                },
                {
                    "x": 0.13450054824352264,
                    "y": 0.652059018611908,
                    "z": 0.02136012353003025,
                    "visibility": 0.0
                },
                {
                    "x": 0.1241195797920227,
                    "y": 0.6149867177009583,
                    "z": 0.013586622662842274,
                    "visibility": 0.0
                },
                {
                    "x": 0.1054215282201767,
                    "y": 0.5869805216789246,
                    "z": 0.010609139688313007,
                    "visibility": 0.0
                },
                {
                    "x": 0.018471989780664444,
                    "y": 0.6255657076835632,
                    "z": 0.022938739508390427,
                    "visibility": 0.0
                },
                {
                    "x": 0.037300217896699905,
                    "y": 0.5657881498336792,
                    "z": -0.008681422099471092,
                    "visibility": 0.0
                },
                {
                    "x": 0.09607068449258804,
                    "y": 0.5670332312583923,
                    "z": -0.030014265328645706,
                    "visibility": 0.0
                },
                {
                    "x": 0.12077762186527252,
                    "y": 0.5883715748786926,
                    "z": -0.03846852108836174,
                    "visibility": 0.0
                },
                {
                    "x": 0.00692019984126091,
                    "y": 0.6337139010429382,
                    "z": -0.0023133668582886457,
                    "visibility": 0.0
                },
                {
                    "x": 0.04590732976794243,
                    "y": 0.5645228624343872,
                    "z": -0.02936001680791378,
                    "visibility": 0.0
                },
                {
                    "x": 0.10534755885601044,
                    "y": 0.5766072869300842,
                    "z": -0.03634538874030113,
                    "visibility": 0.0
                },
                {
                    "x": 0.11592832207679749,
                    "y": 0.6029728055000305,
                    "z": -0.035723648965358734,
                    "visibility": 0.0
                },
                {
                    "x": 0.012042751535773277,
                    "y": 0.645513117313385,
                    "z": -0.030794430524110794,