{
    "face": {
        "face_count": 1,
        "face_embeddings": [
            [
                -0.05797692760825157,
                0.08575201034545898,
                0.010871884413063526,
                -0.083145372569561,
                -0.06780031323432922,
                -0.03584956005215645,
                -0.11032627522945404,
                -0.09147270023822784,
                0.11841268837451935,
                -0.07364073395729065,
                0.16035299003124237,
                -0.050007499754428864,
                -0.23245534300804138,
                -0.10728427767753601,
                -0.10328179597854614,
                0.1830962747335434,
                -0.1548745483160019,
                -0.19014744460582733,
                -0.02576662227511406,
                0.006321904249489307,
                0.10502791404724121,
                0.03472400829195976,
                -0.028095338493585587,
                0.07000807672739029,
                -0.14074824750423431,
                -0.28966230154037476,
                -0.10289058834314346,
                -0.017286356538534164,
                -0.034511081874370575,
                -0.05226440727710724,
                -0.06802210211753845,
                0.0723361223936081,
                -0.2080375850200653,
                -0.029865311458706856,
                0.05390366539359093,
                0.12353499233722687,
                0.010415421798825264,
                -0.09001573920249939,
                0.16939382255077362,
                0.035480085760354996,
                -0.23584724962711334,
                0.09304478019475937,
                0.07532267272472382,
                0.22487077116966248,
                0.18307176232337952,
                0.007235832512378693,
                0.044788867235183716,
                -0.17798800766468048,
                0.14826631546020508,
                -0.15572665631771088,
                0.0625540241599083,
                0.20859549939632416,
                0.08523427695035934,
                0.06656505167484283,
                -0.0052085816860198975,
                -0.1538057029247284,
                0.01045164279639721,
                0.14020000398159027,
                -0.1009889766573906,
                -0.003689082805067301,
                0.055595170706510544,
                -0.025388898327946663,
                -0.03789810463786125,
                -0.12263616919517517,
                0.1743212193250656,
                0.08485221862792969,
                -0.1221100240945816,
                -0.25571584701538086,
                0.1711578667163849,
                -0.1417260468006134,
                -0.1315828412771225,
                0.0912773460149765,
                -0.1507924348115921,
                -0.12418244034051895,
                -0.32784703373908997,
                0.028539355844259262,
                0.3370743989944458,
                0.07559847831726074,
                -0.21659252047538757,
                0.10412848740816116,
                -0.04836084321141243,
                0.023619676008820534,
                0.08986794948577881,
                0.11697132140398026,
                -0.0523640438914299,
                0.055808618664741516,
                -0.10330932587385178,
                -0.009025920182466507,
                0.29416292905807495,
                -0.004312282428145409,
                -0.06627319008111954,
                0.1675972044467926,
                0.04153037816286087,
                0.10579277575016022,
                0.07936105877161026,
                0.041379328817129135,
                -0.04819778352975845,
                0.0077646756544709206,
                -0.16845495998859406,
                0.006318488158285618,
                0.04079039394855499,
                -0.03252364695072174,
                -0.06006273627281189,
                0.15071602165699005,
                -0.09947571158409119,
                0.121938057243824,
                0.014421654865145683,
                0.026268035173416138,
                -0.024465475231409073,
                0.03503260016441345,
                -0.1440853625535965,
                -0.039795275777578354,
                0.12185114622116089,
                -0.22081856429576874,
                0.22754746675491333,
                0.1039089784026146,
                0.1033751592040062,
                0.059174545109272,
                0.1882907897233963,
                0.1102624386548996,
                -0.027804167941212654,
                -0.03918086364865303,
                -0.19479835033416748,
                -0.06626500189304352,
                0.13632848858833313,
                -0.022774919867515564,
                0.11479349434375763,
                0.019145304337143898
            ]
        ]
    },
    "hand": {
        "hand_count": 0,
        "hand_landmarks": []
    },
    "body": {
        "landmark_count": 33,
        "landmarks": [
            {
                "x": 0.5070512890815735,
                "y": 0.3427366018295288,
                "z": -2.3769333362579346,
                "visibility": 0.9995192289352417
            },
            {
                "x": 0.5618672966957092,
                "y": 0.2830994129180908,
                "z": -2.249271869659424,
                "visibility": 0.9991368651390076
            },
            {
                "x": 0.5948766469955444,
                "y": 0.28262197971343994,
                "z": -2.2500100135803223,
                "visibility": 0.9989514350891113
            },
            {
                "x": 0.6244737505912781,
                "y": 0.2845379114151001,
                "z": -2.251075029373169,
                "visibility": 0.9989566802978516
            },
            {
                "x": 0.44493377208709717,
                "y": 0.2893640995025635,
                "z": -2.2505269050598145,
                "visibility": 0.9993079900741577
            },
            {
                "x": 0.4028566777706146,
                "y": 0.29481959342956543,
                "z": -2.2494728565216064,
                "visibility": 0.9992581009864807
            },
            {
                "x": 0.3710344433784485,
                "y": 0.3005620241165161,
                "z": -2.2504775524139404,
                "visibility": 0.9993245601654053
            },
            {
                "x": 0.6751938462257385,
                "y": 0.31991708278656006,
                "z": -1.3866544961929321,
                "visibility": 0.9989863038063049
            },
            {
                "x": 0.3346840739250183,
                "y": 0.3378181457519531,
                "z": -1.3195630311965942,
                "visibility": 0.9995133876800537
            },
            {
                "x": 0.5862461924552917,
                "y": 0.4160487651824951,
                "z": -2.052414655685425,
                "visibility": 0.9998335838317871
            },
            {
                "x": 0.4493763744831085,
                "y": 0.42153871059417725,
                "z": -2.035038709640503,
                "visibility": 0.9998434782028198
            },
            {
                "x": 0.971687912940979,
                "y": 0.6773359179496765,
                "z": -0.8421826958656311,
                "visibility": 0.9969182014465332
            },
            {
                "x": 0.11598294973373413,
                "y": 0.7139642238616943,
                "z": -0.9849967956542969,
                "visibility": 0.997735857963562
            },
            {
                "x": 1.2765957117080688,
                "y": 1.0238361358642578,
                "z": -0.8645216822624207,
                "visibility": 0.21163615584373474
            },
            {
                "x": -0.05066606402397156,
                "y": 1.1649879217147827,