{
    "face": {
        "face_count": 1,
        "face_embeddings": [
            [
                -0.03019646368920803,
                0.05990804731845856,
                0.03191778063774109,
                -0.09005982428789139,
                -0.0752066969871521,
                -0.0029181954450905323,
                -0.10827086865901947,
                -0.09743340313434601,
                0.12431252002716064,
                -0.10957108438014984,
                0.18009765446186066,
                -0.08695835620164871,
                -0.23670156300067902,
                -0.10864478349685669,
                -0.08178213983774185,
                0.2065764218568802,
                -0.15943188965320587,
                -0.19137254357337952,
                -0.04560171067714691,
                0.005119462497532368,
                0.10447569191455841,
                0.012001018971204758,
                -0.015225473791360855,
                0.06727319210767746,
                -0.16129262745380402,
                -0.3233702480792999,
                -0.10002109408378601,
                -0.057684965431690216,
                -0.05450019612908363,
                -0.039979465305805206,
                -0.09580527245998383,
                0.05676070600748062,
                -0.20951858162879944,
                -0.024136783555150032,
                0.01939098909497261,
                0.09022951871156693,
                0.007426202297210693,
                -0.09078764915466309,
                0.15655142068862915,
                0.035335712134838104,
                -0.2231311798095703,
                0.11952558904886246,
                0.0499248132109642,
                0.20422245562076569,
                0.21514174342155457,
                0.03824726119637489,
                0.05832824110984802,
                -0.16747425496578217,
                0.14199112355709076,
                -0.15772122144699097,
                0.03374149650335312,
                0.20508217811584473,
                0.0894232988357544,
                0.05833403021097183,
                -0.014167957939207554,
                -0.09922947734594345,
                0.012873208150267601,
                0.12216468155384064,
                -0.1182216927409172,
                0.030537154525518417,
                0.08503322303295135,
                -0.017059028148651123,
                -0.040676310658454895,
                -0.12318114191293716,
                0.20381230115890503,
                0.0836736187338829,
                -0.1492951214313507,
                -0.21020402014255524,
                0.14441309869289398,
                -0.14749453961849213,
                -0.13764183223247528,
                0.02279878966510296,
                -0.1916564702987671,
                -0.14341384172439575,
                -0.32763946056365967,
                0.027955535799264908,
                0.35224980115890503,
                0.0796341598033905,
                -0.2442089021205902,
                0.08368140459060669,
                -0.027778198942542076,
                0.045701298862695694,
                0.11309625208377838,
                0.14133498072624207,
                -0.03744487091898918,
                0.023461133241653442,
                -0.08458507061004639,
                0.005338250659406185,
                0.2788753807544708,
                -0.04080013930797577,
                -0.034384310245513916,
                0.2087562382221222,
                0.014727985486388206,
                0.0917729064822197,
                0.05433839559555054,
                0.049346841871738434,
                -0.0488748624920845,
                0.02832769602537155,
                -0.13529230654239655,
                0.041184455156326294,
                0.04720418527722359,
                -0.021661315113306046,
                -0.03227650374174118,
                0.12102767080068588,
                -0.07685280591249466,
                0.11754011362791061,
                -0.03045753203332424,
                0.04667779058218002,
                0.001798856072127819,
                0.03884304687380791,
                -0.1574917435646057,
                -0.06890984624624252,
                0.12572860717773438,
                -0.19011874496936798,
                0.19006188213825226,
                0.1332390159368515,
                0.0823812484741211,
                0.03815598040819168,
                0.18402153253555298,
                0.13914895057678223,
                -0.026455741375684738,
                0.01749868132174015,
                -0.22138524055480957,
                -0.06317641586065292,
                0.13825421035289764,
                -0.015558375976979733,
                0.11766097694635391,
                0.01930391974747181
            ]
        ]
    },
    "hand": {
        "hand_count": 0,
        "hand_landmarks": []
    },
    "body": {
        "landmark_count": 33,
        "landmarks": [
            {
                "x": 0.38794922828674316,
                "y": 0.31216204166412354,
                "z": -1.2885410785675049,
                "visibility": 0.999603807926178
            },
            {
                "x": 0.4341137409210205,
                "y": 0.25582611560821533,
                "z": -1.2459899187088013,
                "visibility": 0.9994809031486511
            },
            {
                "x": 0.46533435583114624,
                "y": 0.2542257308959961,
                "z": -1.2465192079544067,
                "visibility": 0.9994503855705261
            },
            {
                "x": 0.4950871765613556,
                "y": 0.25415265560150146,
                "z": -1.2471050024032593,
                "visibility": 0.9994896650314331
            },
            {
                "x": 0.3698578476905823,
                "y": 0.2608177661895752,
                "z": -1.1690723896026611,
                "visibility": 0.999308705329895
            },
            {
                "x": 0.3549755811691284,
                "y": 0.26244938373565674,
                "z": -1.168088674545288,
                "visibility": 0.999194324016571
            },
            {
                "x": 0.3443952798843384,
                "y": 0.2634793519973755,
                "z": -1.1687347888946533,
                "visibility": 0.9992051720619202
            },
            {
                "x": 0.5545579195022583,
                "y": 0.28119170665740967,
                "z": -0.8438096046447754,
                "visibility": 0.999517560005188
            },
            {
                "x": 0.36622506380081177,
                "y": 0.2939244508743286,
                "z": -0.4714972972869873,
                "visibility": 0.9989198446273804
            },
            {
                "x": 0.45358917117118835,
                "y": 0.37687695026397705,
                "z": -1.1376781463623047,
                "visibility": 0.9997870326042175
            },
            {
                "x": 0.376941442489624,
                "y": 0.38277292251586914,
                "z": -1.029815673828125,
                "visibility": 0.9996556043624878
            },
            {
                "x": 0.7755829691886902,
                "y": 0.6482239961624146,
                "z": -0.7606359720230103,
                "visibility": 0.9971925616264343
            },
            {
                "x": 0.291390597820282,
                "y": 0.6552270650863647,
                "z": -0.014286264777183533,
                "visibility": 0.9967034459114075
            },
            {
                "x": 0.7958263158798218,
                "y": 1.0289034843444824,
                "z": -1.0070173740386963,
                "visibility": 0.4100234806537628
            },
            {
                "x": 0.26547032594680786,
                "y": 1.0128707885742188,