{
    "face": {
        "face_count": 1,
        "face_embeddings": [
            [
                -0.04038027301430702,
                0.0728146880865097,
                0.06617514044046402,
                -0.07514437288045883,
                -0.0772741362452507,
                -0.018227821215987206,
                -0.06882209330797195,
                -0.07089457660913467,
                0.1571437120437622,
                -0.06955032050609589,
                0.18589772284030914,
                -0.048023521900177,
                -0.24962586164474487,
                -0.018469996750354767,
                -0.05303678661584854,
                0.2115589827299118,
                -0.12033132463693619,
                -0.14961430430412292,
                -0.05451945960521698,
                0.015922099351882935,
                0.09080421179533005,
                0.043130453675985336,
                -0.022612906992435455,
                0.0193740576505661,
                -0.07977946102619171,
                -0.2823531925678253,
                -0.12893126904964447,
                -0.025902649387717247,
                -0.05674782022833824,
                -0.08363651484251022,
                -0.07367386668920517,
                0.016691336408257484,
                -0.17838270962238312,
                -0.02611207216978073,
                0.04917169362306595,
                0.0521586574614048,
                -0.01818542554974556,
                -0.08965706825256348,
                0.13875927031040192,
                0.025472452864050865,
                -0.2657920718193054,
                0.12446752190589905,
                0.06710895895957947,
                0.17656680941581726,
                0.15894156694412231,
                0.043795909732580185,
                0.00429936870932579,
                -0.1936931610107422,
                0.09957166016101837,
                -0.136474147439003,
                0.045418426394462585,
                0.17537392675876617,
                0.09654916822910309,
                0.08567743748426437,
                -0.026332087814807892,
                -0.14464843273162842,
                0.013386093080043793,
                0.15153899788856506,
                -0.15891514718532562,
                0.020339811220765114,
                0.09798543155193329,
                -0.049269288778305054,
                -0.012204717844724655,
                -0.12443039566278458,
                0.17508083581924438,
                0.08488348126411438,
                -0.15463362634181976,
                -0.20258818566799164,
                0.08677968382835388,
                -0.12495918571949005,
                -0.09317675232887268,
                0.060338519513607025,
                -0.18157345056533813,
                -0.20156538486480713,
                -0.28471308946609497,
                0.05061360076069832,
                0.369806170463562,
                0.0796506479382515,
                -0.20676954090595245,
                0.07594012469053268,
                -0.038293756544589996,
                0.024152368307113647,
                0.05777086317539215,
                0.14604225754737854,
                -0.03541431203484535,
                0.048948436975479126,
                -0.05271679908037186,
                -0.012653963640332222,
                0.252090722322464,
                -0.05557543784379959,
                -0.019917184486985207,
                0.20107263326644897,
                -0.01227139588445425,
                0.11711131036281586,
                0.002579446416348219,
                0.04163763299584389,
                -0.01860008016228676,
                3.2735057175159454e-05,
                -0.12823471426963806,
                -0.004235675558447838,
                -0.05763177573680878,
                -0.06363353133201599,
                -0.03904379531741142,
                0.09299641847610474,
                -0.12788699567317963,
                0.1313602477312088,
                0.03009800799190998,
                0.023152334615588188,
                -0.04034923389554024,
                0.06624142080545425,
                -0.07437040656805038,
                -0.05491321161389351,
                0.12509438395500183,
                -0.23378440737724304,
                0.24166889488697052,
                0.16605152189731598,
                0.09170914441347122,
                0.07261235266923904,
                0.12111796438694,
                0.13897618651390076,
                -0.029597770422697067,
                -0.011726461350917816,
                -0.18838736414909363,
                -0.016862552613019943,
                0.13105280697345734,
                -0.003985476680099964,
                0.12586799263954163,
                0.03396075963973999
            ]
        ]
    },
    "hand": {
        "hand_count": 0,
        "hand_landmarks": []
    },
    "body": {
        "landmark_count": 33,
        "landmarks": [
            {
                "x": 0.5737566351890564,
                "y": 0.547781229019165,
                "z": -3.195338249206543,
                "visibility": 0.9985847473144531
            },
            {
                "x": 0.644219160079956,
                "y": 0.41643619537353516,
                "z": -3.052478313446045,
                "visibility": 0.9979488253593445
            },
            {
                "x": 0.6860963106155396,
                "y": 0.42095327377319336,
                "z": -3.053196430206299,
                "visibility": 0.9979028701782227
            },
            {
                "x": 0.7280237674713135,
                "y": 0.4259157180786133,
                "z": -3.0539443492889404,
                "visibility": 0.9974492192268372
            },
            {
                "x": 0.5102927684783936,
                "y": 0.40094757080078125,
                "z": -3.0808539390563965,
                "visibility": 0.9981855750083923
            },
            {
                "x": 0.4561034142971039,
                "y": 0.39614248275756836,
                "z": -3.080012798309326,
                "visibility": 0.9983882904052734
            },
            {
                "x": 0.40463218092918396,
                "y": 0.3933064937591553,
                "z": -3.081029176712036,
                "visibility": 0.9984128475189209
            },
            {
                "x": 0.7809840440750122,
                "y": 0.4657425880432129,
                "z": -1.867339849472046,
                "visibility": 0.997707724571228
            },
            {
                "x": 0.31829169392585754,
                "y": 0.41717764735221863,
                "z": -1.965516448020935,
                "visibility": 0.9991230368614197
            },
            {
                "x": 0.6337941884994507,
                "y": 0.6652504205703735,
                "z": -2.7222933769226074,
                "visibility": 0.9989281296730042
            },
            {
                "x": 0.4770353436470032,
                "y": 0.6510369777679443,
                "z": -2.7517611980438232,
                "visibility": 0.9993738532066345
            },
            {
                "x": 0.9365205764770508,
                "y": 0.9774471521377563,
                "z": -0.8883429765701294,
                "visibility": 0.9906190633773804
            },
            {
                "x": 0.013484358787536621,
                "y": 0.9217355847358704,
                "z": -1.229360818862915,
                "visibility": 0.9951081871986389
            },
            {
                "x": 1.1675878763198853,
                "y": 1.6104927062988281,
                "z": -0.8083199262619019,
                "visibility": 0.0807742103934288
            },
            {
                "x": -0.1825830042362213,
                "y": 1.6474896669387817,