{
    "face": {
        "face_count": 1,
        "face_embeddings": [
            [
                -0.0608329176902771,
                0.0936720222234726,
                0.0194808691740036,
                -0.058744583278894424,
                -0.08637665957212448,
                0.003828716930001974,
                -0.11753606051206589,
                -0.1085205227136612,
                0.08980516344308853,
                -0.06194717064499855,
                0.14110209047794342,
                -0.054566919803619385,
                -0.23638631403446198,
                -0.1057739183306694,
                -0.09893596172332764,
                0.1657351702451706,
                -0.15707151591777802,
                -0.20254865288734436,
                -0.00596822053194046,
                -0.005124748684465885,
                0.0558495931327343,
                0.013151279650628567,
                -0.0022876360453665257,
                0.0770452693104744,
                -0.1434246301651001,
                -0.30609583854675293,
                -0.08428441733121872,
                -0.04360619932413101,
                -0.045174289494752884,
                -0.03736259043216705,
                -0.08971762657165527,
                0.061761945486068726,
                -0.2524927854537964,
                -0.03565523773431778,
                0.04985235631465912,
                0.11366035044193268,
                -0.00230769463814795,
                -0.06874822080135345,
                0.15643291175365448,
                0.00864560715854168,
                -0.18844600021839142,
                0.09500759840011597,
                0.07460806518793106,
                0.2186693251132965,
                0.17144007980823517,
                0.05274059623479843,
                0.0507160909473896,
                -0.16581986844539642,
                0.08888763189315796,
                -0.10829120129346848,
                0.06752244383096695,
                0.2290489375591278,
                0.07265674322843552,
                0.040758054703474045,
                -0.04131671413779259,
                -0.19181422889232635,
                0.0061631109565496445,
                0.09028184413909912,
                -0.08274897187948227,
                0.02073768712580204,
                0.062164366245269775,
                0.001125464215874672,
                -0.043173886835575104,
                -0.12036538124084473,
                0.19839079678058624,
                0.06342318654060364,
                -0.11660950630903244,
                -0.24130871891975403,
                0.17009477317333221,
                -0.1363220512866974,
                -0.09470956027507782,
                0.054619528353214264,
                -0.16624978184700012,
                -0.15595869719982147,
                -0.2879248857498169,
                0.037995319813489914,
                0.3417769968509674,
                0.10308775305747986,
                -0.2071375846862793,
                0.10793500393629074,
                -0.04308203235268593,
                0.014633706770837307,
                0.07343567907810211,
                0.13742877542972565,
                -0.056576091796159744,
                0.06341499835252762,
                -0.08144693821668625,
                0.031521521508693695,
                0.24872919917106628,
                0.011378873139619827,
                -0.06610298156738281,
                0.15456274151802063,
                0.020220352336764336,
                0.08105874806642532,
                0.07286622375249863,
                0.016584554687142372,
                -0.04859018698334694,
                0.053263384848833084,
                -0.1669834554195404,
                0.02794438973069191,
                0.022452741861343384,
                -0.037158265709877014,
                -0.035282570868730545,
                0.14433710277080536,
                -0.08850554376840591,
                0.10314776748418808,
                0.003940771799534559,
                0.021146699786186218,
                -0.03610168769955635,
                0.04930216819047928,
                -0.16230398416519165,
                -0.05242399498820305,
                0.13474152982234955,
                -0.23624981939792633,
                0.23898594081401825,
                0.1276959776878357,
                0.10534216463565826,
                0.0810016319155693,
                0.19633759558200836,
                0.1309209167957306,
                0.01174238882958889,
                -0.008752559311687946,
                -0.22189626097679138,
                -0.06718853116035461,
                0.12274450063705444,
                -0.055758602917194366,
                0.1429489701986313,
                0.04769424349069595
            ]
        ]
    },
    "hand": {
        "hand_count": 0,
        "hand_landmarks": []
    },
    "body": {
        "landmark_count": 33,
        "landmarks": [
            {
                "x": 0.6664557456970215,
                "y": 0.44208741188049316,
                "z": -0.9809117317199707,
                "visibility": 0.999685525894165
            },
            {
                "x": 0.7064713835716248,
                "y": 0.38425466418266296,
                "z": -0.9015147089958191,
                "visibility": 0.9989674091339111
            },
            {
                "x": 0.7265065312385559,
                "y": 0.3939307928085327,
                "z": -0.9015371799468994,
                "visibility": 0.9992509484291077
            },
            {
                "x": 0.7454769015312195,
                "y": 0.40342700481414795,
                "z": -0.9014416933059692,
                "visibility": 0.9988131523132324
            },
            {
                "x": 0.6447968482971191,
                "y": 0.3577057123184204,
                "z": -0.9549972414970398,
                "visibility": 0.9993358254432678
            },
            {
                "x": 0.6183657050132751,
                "y": 0.34919455647468567,
                "z": -0.9548792839050293,
                "visibility": 0.9996073842048645
            },
            {
                "x": 0.5928577184677124,
                "y": 0.34513962268829346,
                "z": -0.9555395245552063,
                "visibility": 0.9993906021118164
            },
            {
                "x": 0.7566204071044922,
                "y": 0.4479426145553589,
                "z": -0.45964694023132324,
                "visibility": 0.9985560774803162
            },
            {
                "x": 0.547992467880249,
                "y": 0.377527117729187,
                "z": -0.6802551746368408,
                "visibility": 0.9997643828392029
            },
            {
                "x": 0.6791965961456299,
                "y": 0.5505948066711426,
                "z": -0.8113857507705688,
                "visibility": 0.9993880987167358
            },
            {
                "x": 0.6016352772712708,
                "y": 0.5231339931488037,
                "z": -0.8752515316009521,
                "visibility": 0.9997555613517761
            },
            {
                "x": 0.8172210454940796,
                "y": 0.9330521821975708,
                "z": -0.020582692697644234,
                "visibility": 0.9966875910758972
            },
            {
                "x": 0.32072797417640686,
                "y": 0.8546056747436523,
                "z": -0.6672277450561523,
                "visibility": 0.9995741248130798
            },
            {
                "x": 0.9068814516067505,
                "y": 1.46928071975708,
                "z": 0.25850197672843933,
                "visibility": 0.04006868600845337
            },
            {
                "x": 0.26540690660476685,
                "y": 1.377968192100525,