{
    "face": {
        "face_count": 1,
        "face_embeddings": [
            [
                -0.06742682307958603,
                0.06638533622026443,
                -0.018791090697050095,
                -0.10487706959247589,
                -0.09609479457139969,
                -0.04388858750462532,
                -0.09018614143133163,
                -0.09260910749435425,
                0.11061351001262665,
                -0.10832947492599487,
                0.23480334877967834,
                -0.09707774221897125,
                -0.22064903378486633,
                -0.08633460849523544,
                -0.06588423997163773,
                0.16586916148662567,
                -0.15310703217983246,
                -0.16849839687347412,
                -0.04525679349899292,
                -0.008248964324593544,
                0.09404180943965912,
                0.032023318111896515,
                -0.025137539952993393,
                0.08000829815864563,
                -0.1071699783205986,
                -0.26734933257102966,
                -0.11460912227630615,
                -0.040289171040058136,
                -0.028018591925501823,
                -0.0776054710149765,
                -0.05465689301490784,
                0.04523235559463501,
                -0.23216232657432556,
                -0.061137180775403976,
                0.04610862210392952,
                0.11942257732152939,
                -0.027391713112592697,
                -0.07391908019781113,
                0.179104283452034,
                0.014198441058397293,
                -0.1954827755689621,
                0.0724039226770401,
                0.10639901459217072,
                0.24429385364055634,
                0.2199515849351883,
                0.009794930927455425,
                0.006921662017703056,
                -0.1570931077003479,
                0.11274199187755585,
                -0.14114978909492493,
                0.042769867926836014,
                0.19547618925571442,
                0.15558941662311554,
                0.04148566722869873,
                -0.00040818192064762115,
                -0.11051088571548462,
                0.00771527923643589,
                0.15787719190120697,
                -0.0821133479475975,
                0.025113500654697418,
                0.09954579174518585,
                -0.02106180042028427,
                -0.04678809642791748,
                -0.11797574162483215,
                0.23707686364650726,
                0.03582703694701195,
                -0.1575283706188202,
                -0.2178746461868286,
                0.1333819478750229,
                -0.12684951722621918,
                -0.14807000756263733,
                0.09103799611330032,
                -0.17364180088043213,
                -0.1719306856393814,
                -0.2848621904850006,
                0.0245443657040596,
                0.3500448763370514,
                0.05929217487573624,
                -0.2397042065858841,
                0.12348316609859467,
                -0.04004961997270584,
                -0.01215018704533577,
                0.09773381054401398,
                0.14280840754508972,
                0.000905890017747879,
                0.0255254115909338,
                -0.12392249703407288,
                0.0143186179921031,
                0.2794998586177826,
                -0.05922362953424454,
                -0.028349408879876137,
                0.1837792992591858,
                0.0002733878791332245,
                0.08205637335777283,
                0.05623859539628029,
                0.0166938453912735,
                -0.054027628153562546,
                0.012194007635116577,
                -0.1666727215051651,
                -0.012417228892445564,
                0.0170731283724308,
                -0.033396050333976746,
                -0.08397024869918823,
                0.11100353300571442,
                -0.08345440775156021,
                0.11809232085943222,
                0.01085585169494152,
                0.034880876541137695,
                -0.03857603669166565,
                -0.02402104251086712,
                -0.12604393064975739,
                -0.04181448370218277,
                0.13039052486419678,
                -0.22420230507850647,
                0.1915813833475113,
                0.08830343931913376,
                0.07237433642148972,
                0.06315933167934418,
                0.19091475009918213,
                0.11233004182577133,
                0.013754542917013168,
                -0.004510847851634026,
                -0.23602811992168427,
                -0.048078782856464386,
                0.10446874052286148,
                -0.02408902905881405,
                0.13873857259750366,
                0.003386562690138817
            ]
        ]
    },
    "hand": {
        "hand_count": 0,
        "hand_landmarks": []
    },
    "body": {
        "landmark_count": 33,
        "landmarks": [
            {
                "x": 0.3965145945549011,
                "y": 0.40120089054107666,
                "z": -0.6814638376235962,
                "visibility": 0.9996277093887329
            },
            {
                "x": 0.4237699508666992,
                "y": 0.3171985149383545,
                "z": -0.7096236348152161,
                "visibility": 0.999625563621521
            },
            {
                "x": 0.44457918405532837,
                "y": 0.3098534345626831,
                "z": -0.709933340549469,
                "visibility": 0.9996650218963623
            },
            {
                "x": 0.4680165946483612,
                "y": 0.30276060104370117,
                "z": -0.7102867364883423,
                "visibility": 0.9996515512466431
            },
            {
                "x": 0.38958171010017395,
                "y": 0.33305680751800537,
                "z": -0.6066735982894897,
                "visibility": 0.9994586110115051
            },
            {
                "x": 0.3828151524066925,
                "y": 0.33713042736053467,
                "z": -0.6060807704925537,
                "visibility": 0.9994242191314697
            },
            {
                "x": 0.37604978680610657,
                "y": 0.34154272079467773,
                "z": -0.6064943671226501,
                "visibility": 0.9993088245391846
            },
            {
                "x": 0.5349725484848022,
                "y": 0.3394099473953247,
                "z": -0.628970742225647,
                "visibility": 0.9998255372047424
            },
            {
                "x": 0.40873393416404724,
                "y": 0.38095617294311523,
                "z": -0.16093729436397552,
                "visibility": 0.9990391731262207
            },
            {
                "x": 0.444560170173645,
                "y": 0.48586395382881165,
                "z": -0.6444846391677856,
                "visibility": 0.9996386766433716
            },
            {
                "x": 0.40194258093833923,
                "y": 0.49359846115112305,
                "z": -0.5099669098854065,
                "visibility": 0.9990249872207642
            },
            {
                "x": 0.7398448586463928,
                "y": 0.7825485467910767,
                "z": -0.7481904029846191,
                "visibility": 0.9906959533691406
            },
            {
                "x": 0.38976866006851196,
                "y": 0.8588448762893677,
                "z": 0.16872380673885345,
                "visibility": 0.9790356159210205
            },
            {
                "x": 0.724036455154419,
                "y": 1.3927717208862305,
                "z": -1.006606936454773,
                "visibility": 0.43919163942337036
            },
            {
                "x": 0.3240368962287903,
                "y": 1.2958061695098877,