{
    "face": {
        "face_count": 1,
        "face_embeddings": [
            [
                -0.06816095113754272,
                0.0641191303730011,
                0.03494393080472946,
                -0.10360551625490189,
                -0.06847014278173447,
                0.009337684139609337,
                -0.12026216834783554,
                -0.10205931216478348,
                0.09064456075429916,
                -0.12324001640081406,
                0.1967218667268753,
                -0.052142105996608734,
                -0.2532825767993927,
                -0.11981958895921707,
                -0.0961909294128418,
                0.17588099837303162,
                -0.16535088419914246,
                -0.20155784487724304,
                0.0033366233110427856,
                0.000919753685593605,
                0.09488110989332199,
                0.007215907331556082,
                0.00782755296677351,
                0.05792388319969177,
                -0.16185735166072845,
                -0.293614000082016,
                -0.12143587321043015,
                -0.030022449791431427,
                -0.05347176641225815,
                -0.045529142022132874,
                -0.06773074716329575,
                0.06110411137342453,
                -0.24519279599189758,
                0.004335347563028336,
                0.0358530730009079,
                0.13048197329044342,
                0.005070563871413469,
                -0.04438787326216698,
                0.152168408036232,
                0.03783337399363518,
                -0.19336049258708954,
                0.1157996654510498,
                0.05170329660177231,
                0.22549989819526672,
                0.16133689880371094,
                0.05754092335700989,
                0.032630473375320435,
                -0.17574872076511383,
                0.10055282711982727,
                -0.14794577658176422,
                0.11002601683139801,
                0.22047291696071625,
                0.10864996165037155,
                0.03863857313990593,
                -0.013480139896273613,
                -0.1362593024969101,
                0.03317146375775337,
                0.10570808500051498,
                -0.09548346698284149,
                0.03567468374967575,
                0.083301842212677,
                -0.04034825414419174,
                -0.028253670781850815,
                -0.11373699456453323,
                0.1809871941804886,
                0.06575486063957214,
                -0.13246622681617737,
                -0.2500167787075043,
                0.15585477650165558,
                -0.12161277234554291,
                -0.11628953367471695,
                0.08757977187633514,
                -0.17507044970989227,
                -0.14571523666381836,
                -0.31910741329193115,
                0.06275134533643723,
                0.3287299573421478,
                0.10137494653463364,
                -0.20314735174179077,
                0.1075030192732811,
                -0.03085588477551937,
                0.016913967207074165,
                0.07661636173725128,
                0.14025282859802246,
                -0.048808980733156204,
                0.03716497868299484,
                -0.10434659570455551,
                0.03397398814558983,
                0.24825818836688995,
                -0.03480935096740723,
                -0.06155325472354889,
                0.1830807477235794,
                0.01726321130990982,
                0.09728915989398956,
                0.06155984103679657,
                0.02308063954114914,
                -0.050082977861166,
                0.02799377217888832,
                -0.15239569544792175,
                0.023919429630041122,
                0.009997422806918621,
                -0.027109581977128983,
                -0.06628056615591049,
                0.12874767184257507,
                -0.08199236541986465,
                0.10365848988294601,
                -0.030169455334544182,
                -0.015408245846629143,
                -0.04325632005929947,
                0.02817302569746971,
                -0.16803619265556335,
                -0.06376128643751144,
                0.09973001480102539,
                -0.25250598788261414,
                0.22017477452754974,
                0.14127346873283386,
                0.12023898959159851,
                0.05840572714805603,
                0.20901019871234894,
                0.12528939545154572,
                0.0019053919240832329,
                -0.013907460495829582,
                -0.20777806639671326,
                -0.07099257409572601,
                0.13688325881958008,
                -0.03489275649189949,
                0.1276453286409378,
                0.02211267128586769
            ]
        ]
    },
    "hand": {
        "hand_count": 0,
        "hand_landmarks": []
    },
    "body": {
        "landmark_count": 33,
        "landmarks": [
            {
                "x": 0.6072796583175659,
                "y": 0.4423491954803467,
                "z": -2.1122469902038574,
                "visibility": 0.999278724193573
            },
            {
                "x": 0.6842200756072998,
                "y": 0.37912631034851074,
                "z": -1.940918207168579,
                "visibility": 0.9987561702728271
            },
            {
                "x": 0.724473774433136,
                "y": 0.3844261169433594,
                "z": -1.941381812095642,
                "visibility": 0.9988347887992859
            },
            {
                "x": 0.7621340155601501,
                "y": 0.38997387886047363,
                "z": -1.9417346715927124,
                "visibility": 0.9983206391334534
            },
            {
                "x": 0.5463243722915649,
                "y": 0.3614441156387329,
                "z": -2.0494728088378906,
                "visibility": 0.999170184135437
            },
            {
                "x": 0.4815727472305298,
                "y": 0.35449016094207764,
                "z": -2.0493197441101074,
                "visibility": 0.9993832111358643
            },
            {
                "x": 0.42345747351646423,
                "y": 0.3515681028366089,
                "z": -2.0506012439727783,
                "visibility": 0.9992648959159851
            },
            {
                "x": 0.7872681021690369,
                "y": 0.4345671236515045,
                "z": -1.0488544702529907,
                "visibility": 0.9982592463493347
            },
            {
                "x": 0.31538453698158264,
                "y": 0.385068416595459,
                "z": -1.5024763345718384,
                "visibility": 0.9997259974479675
            },
            {
                "x": 0.6450603008270264,
                "y": 0.5496407747268677,
                "z": -1.778416395187378,
                "visibility": 0.999323844909668
            },
            {
                "x": 0.48176655173301697,
                "y": 0.5361142158508301,
                "z": -1.9089875221252441,
                "visibility": 0.9997809529304504
            },
            {
                "x": 0.8354747891426086,
                "y": 0.8874422311782837,
                "z": -0.25148889422416687,
                "visibility": 0.9877098798751831
            },
            {
                "x": -0.039819300174713135,
                "y": 0.8628482818603516,
                "z": -1.3964110612869263,
                "visibility": 0.9974573254585266
            },
            {
                "x": 0.9122435450553894,
                "y": 1.3591225147247314,
                "z": 0.42976611852645874,
                "visibility": 0.020571773871779442
            },
            {
                "x": -0.5738527178764343,
                "y": 1.364530086517334,