{
    "face": {
        "face_count": 1,
        "face_embeddings": [
            [
                -0.057223688811063766,
                0.08949524909257889,
                0.048732906579971313,
                -0.05525859072804451,
                -0.05805250257253647,
                -0.06662766635417938,
                -0.13645999133586884,
                -0.090889111161232,
                0.11834902316331863,
                -0.11047474294900894,
                0.1837199330329895,
                -0.044059086591005325,
                -0.2555210292339325,
                -0.0551266074180603,
                -0.04228133708238602,
                0.15891286730766296,
                -0.10731839388608932,
                -0.18825380504131317,
                -0.03357067331671715,
                0.033289261162281036,
                0.10601679235696793,
                0.035398684442043304,
                0.016447437927126884,
                0.056390151381492615,
                -0.11658617854118347,
                -0.33611002564430237,
                -0.13085079193115234,
                -0.00030527636408805847,
                -0.04952195659279823,
                -0.024425083771348,
                -0.07619807124137878,
                0.017168542370200157,
                -0.23012197017669678,
                -0.035968419164419174,
                0.0823957771062851,
                0.13896910846233368,
                -0.030347272753715515,
                -0.08797784149646759,
                0.17505764961242676,
                0.010760585777461529,
                -0.26999837160110474,
                0.08897872269153595,
                0.04643246531486511,
                0.21824081242084503,
                0.17872633039951324,
                0.026099296286702156,
                0.0514456108212471,
                -0.22942374646663666,
                0.11813212931156158,
                -0.1355915665626526,
                0.11455124616622925,
                0.22641916573047638,
                0.09723242372274399,
                0.07390328496694565,
                0.001946091651916504,
                -0.14800497889518738,
                0.023720234632492065,
                0.180185005068779,
                -0.116737499833107,
                0.00011542742140591145,
                0.07991841435432434,
                -0.02890622615814209,
                -0.026462793350219727,
                -0.1262013167142868,
                0.20503661036491394,
                0.07340211421251297,
                -0.15326395630836487,
                -0.2481972724199295,
                0.15417766571044922,
                -0.14623278379440308,
                -0.09520396590232849,
                0.11221779882907867,
                -0.1756853610277176,
                -0.2074042409658432,
                -0.303838312625885,
                0.06375265121459961,
                0.346527636051178,
                0.08610467612743378,
                -0.22950191795825958,
                0.12470101565122604,
                -0.031843412667512894,
                0.014016634784638882,
                0.07762470096349716,
                0.1952134072780609,
                -0.013496113009750843,
                0.07644966244697571,
                -0.08385580778121948,
                0.012655788101255894,
                0.28513818979263306,
                -0.04644416645169258,
                -0.04893234372138977,
                0.2022974044084549,
                0.02481200359761715,
                0.10636471956968307,
                0.08453194051980972,
                0.038591913878917694,
                -0.055321305990219116,
                -0.010756829753518105,
                -0.20110972225666046,
                -0.016904085874557495,
                0.0015267198905348778,
                -0.015828829258680344,
                -0.08164463937282562,
                0.12364079803228378,
                -0.10282857716083527,
                0.12534227967262268,
                0.010837776586413383,
                0.0025863507762551308,
                -0.00961395539343357,
                0.009152223356068134,
                -0.10557793080806732,
                -0.11579424142837524,
                0.10097192972898483,
                -0.25011855363845825,
                0.22828739881515503,
                0.11421060562133789,
                0.12203043699264526,
                0.10489584505558014,
                0.1619589924812317,
                0.13835780322551727,
                0.023393111303448677,
                -0.03132851794362068,
                -0.21858945488929749,
                -0.027331992983818054,
                0.13254356384277344,
                0.019228298217058182,
                0.107012078166008,
                0.004113561008125544
            ]
        ]
    },
    "hand": {
        "hand_count": 0,
        "hand_landmarks": []
    },
    "body": {
        "landmark_count": 33,
        "landmarks": [
            {
                "x": 0.4537658095359802,
                "y": 0.3115270137786865,
                "z": -2.345229148864746,
                "visibility": 0.9977781176567078
            },
            {
                "x": 0.5113021731376648,
                "y": 0.2362767457962036,
                "z": -2.2408647537231445,
                "visibility": 0.9959461092948914
            },
            {
                "x": 0.5462134480476379,
                "y": 0.23682105541229248,
                "z": -2.241575241088867,
                "visibility": 0.9958914518356323
            },
            {
                "x": 0.5760940313339233,
                "y": 0.23942066729068756,
                "z": -2.242764472961426,
                "visibility": 0.996056079864502
            },
            {
                "x": 0.3980093002319336,
                "y": 0.2432326227426529,
                "z": -2.2026658058166504,
                "visibility": 0.9950268864631653
            },
            {
                "x": 0.36341795325279236,
                "y": 0.24802756309509277,
                "z": -2.201767921447754,
                "visibility": 0.9938685297966003
            },
            {
                "x": 0.3357410728931427,
                "y": 0.25335752964019775,
                "z": -2.202683448791504,
                "visibility": 0.9939936995506287
            },
            {
                "x": 0.6369994878768921,
                "y": 0.272513747215271,
                "z": -1.5068131685256958,
                "visibility": 0.9960991144180298
            },
            {
                "x": 0.3235345184803009,
                "y": 0.28844523429870605,
                "z": -1.2738536596298218,
                "visibility": 0.9944238066673279
            },
            {
                "x": 0.537122368812561,
                "y": 0.38642629981040955,
                "z": -2.0667192935943604,
                "visibility": 0.9990228414535522
            },
            {
                "x": 0.40811827778816223,
                "y": 0.39609599113464355,
                "z": -1.9999256134033203,
                "visibility": 0.9987165927886963
            },
            {
                "x": 0.9744943976402283,
                "y": 0.7069797515869141,
                "z": -1.2034577131271362,
                "visibility": 0.992597222328186
            },
            {
                "x": 0.15216001868247986,
                "y": 0.7144693732261658,
                "z": -0.7399806976318359,
                "visibility": 0.9847750067710876
            },
            {
                "x": 1.189623475074768,
                "y": 1.124276041984558,
                "z": -1.3063549995422363,
                "visibility": 0.2987227439880371
            },
            {
                "x": -0.09845691919326782,
                "y": 1.1743254661560059,