{
    "face": {
        "face_count": 1,
        "face_embeddings": [
            [
                -0.039330579340457916,
                0.01633351854979992,
                0.05887157842516899,
                -0.09122224152088165,
                -0.09133662283420563,
                -0.023660169914364815,
                -0.1271389275789261,
                -0.13089601695537567,
                0.09447427839040756,
                -0.13595065474510193,
                0.23948121070861816,
                -0.01964765042066574,
                -0.24287638068199158,
                -0.1295815408229828,
                -0.07208225876092911,
                0.1665744036436081,
                -0.11205565929412842,
                -0.19468525052070618,
                -0.009003732353448868,
                0.019047174602746964,
                0.11208309978246689,
                0.01741758920252323,
                0.030430253595113754,
                0.0762886181473732,
                -0.10645215213298798,
                -0.26077979803085327,
                -0.12195860594511032,
                -0.007482004351913929,
                -0.017948638647794724,
                -0.08299758285284042,
                -0.09369422495365143,
                0.019804466515779495,
                -0.22592045366764069,
                -0.021397296339273453,
                0.06509466469287872,
                0.13013775646686554,
                0.00998906884342432,
                -0.07765084505081177,
                0.14020459353923798,
                0.040669996291399,
                -0.23251526057720184,
                0.076264888048172,
                0.027065441012382507,
                0.19609326124191284,
                0.21735306084156036,
                0.019425975158810616,
                0.01383352279663086,
                -0.19346627593040466,
                0.12511390447616577,
                -0.16475187242031097,
                0.11819782108068466,
                0.1861289143562317,
                0.1118292585015297,
                0.024508537724614143,
                -0.01566670835018158,
                -0.12785471975803375,
                0.01671038195490837,
                0.1643119752407074,
                -0.11826709657907486,
                0.018244747072458267,
                0.12179096788167953,
                -0.02469850704073906,
                -0.04054849594831467,
                -0.12481757253408432,
                0.13965417444705963,
                0.07535908371210098,
                -0.1496153175830841,
                -0.2969582676887512,
                0.10219117254018784,
                -0.16728216409683228,
                -0.13701459765434265,
                0.11051862686872482,
                -0.1889237016439438,
                -0.15229901671409607,
                -0.2855384051799774,
                0.04575536772608757,
                0.3662540018558502,
                0.10346917808055878,
                -0.22935831546783447,
                0.08118685334920883,
                -0.011991281062364578,
                0.013666678220033646,
                0.07616153359413147,
                0.13106992840766907,
                0.00987176038324833,
                0.056230515241622925,
                -0.10224007815122604,
                -0.004588427022099495,
                0.22712409496307373,
                -0.02522958815097809,
                -0.0372733436524868,
                0.21307098865509033,
                -0.005622888915240765,
                0.1138092651963234,
                0.08432264626026154,
                0.0333845391869545,
                -0.03864102065563202,
                0.05390609800815582,
                -0.17920751869678497,
                -0.005830457434058189,
                -0.06431543827056885,
                -0.0024850014597177505,
                -0.02966522052884102,
                0.09413589537143707,
                -0.06642678380012512,
                0.15331219136714935,
                -0.04174787923693657,
                0.019892003387212753,
                -0.03004291281104088,
                -0.027080409228801727,
                -0.1545843631029129,
                -0.05858153477311134,
                0.09758686274290085,
                -0.23671096563339233,
                0.19883129000663757,
                0.127425417304039,
                0.19318737089633942,
                0.045164547860622406,
                0.1848083883523941,
                0.1186503916978836,
                0.03064558655023575,
                -0.009766305796802044,
                -0.20605911314487457,
                -0.025030232965946198,
                0.10322690010070801,
                -0.08626653999090195,
                0.12254558503627777,
                -0.01486663706600666
            ]
        ]
    },
    "hand": {
        "hand_count": 0,
        "hand_landmarks": []
    },
    "body": {
        "landmark_count": 33,
        "landmarks": [
            {
                "x": 0.5056155920028687,
                "y": 0.3124290704727173,
                "z": -1.410290002822876,
                "visibility": 0.9969757795333862
            },
            {
                "x": 0.5462881922721863,
                "y": 0.2745419144630432,
                "z": -1.3207066059112549,
                "visibility": 0.992041289806366
            },
            {
                "x": 0.5748607516288757,
                "y": 0.274941623210907,
                "z": -1.3215254545211792,
                "visibility": 0.9936297535896301
            },
            {
                "x": 0.6015815138816833,
                "y": 0.2762383818626404,
                "z": -1.3216558694839478,
                "visibility": 0.9902656674385071
            },
            {
                "x": 0.47710129618644714,
                "y": 0.2780928611755371,
                "z": -1.299994707107544,
                "visibility": 0.9950657486915588
            },
            {
                "x": 0.45770108699798584,
                "y": 0.28065311908721924,
                "z": -1.3002046346664429,
                "visibility": 0.9968439340591431
            },
            {
                "x": 0.4402484595775604,
                "y": 0.2835128903388977,
                "z": -1.3017544746398926,
                "visibility": 0.996716320514679
            },
            {
                "x": 0.6587347388267517,
                "y": 0.30227845907211304,
                "z": -0.7841109037399292,
                "visibility": 0.9900956153869629
            },
            {
                "x": 0.4459499716758728,
                "y": 0.3099493980407715,
                "z": -0.6603067517280579,
                "visibility": 0.997774064540863
            },
            {
                "x": 0.5704705119132996,
                "y": 0.35394108295440674,
                "z": -1.2023348808288574,
                "visibility": 0.9968371391296387
            },
            {
                "x": 0.4803953170776367,
                "y": 0.35591673851013184,
                "z": -1.1699328422546387,
                "visibility": 0.9981877207756042
            },
            {
                "x": 0.8843284249305725,
                "y": 0.5151565074920654,
                "z": -0.48157888650894165,
                "visibility": 0.9770835041999817
            },
            {
                "x": 0.291290283203125,
                "y": 0.5605946779251099,
                "z": -0.3497222661972046,
                "visibility": 0.9980417490005493
            },
            {
                "x": 0.9605298638343811,
                "y": 0.8537955284118652,
                "z": -0.6677670478820801,
                "visibility": 0.6419100761413574
            },
            {
                "x": 0.22125916182994843,
                "y": 0.8569163084030151,