{
    "face": {
        "face_count": 1,
        "face_embeddings": [
            [
                -0.07777640223503113,
                0.031809255480766296,
                0.0480770468711853,
                -0.13218075037002563,
                -0.12079740315675735,
                -0.04192272946238518,
                -0.12455760687589645,
                -0.09454493969678879,
                0.11225618422031403,
                -0.16994871199131012,
                0.17221201956272125,
                -0.07433352619409561,
                -0.12059973925352097,
                -0.03609700873494148,
                -0.029777048155665398,
                0.2077380269765854,
                -0.20001225173473358,
                -0.1268472969532013,
                -0.020884163677692413,
                0.010749745182693005,
                0.09370531886816025,
                0.043735794723033905,
                -0.02518652193248272,
                0.05652014911174774,
                -0.17790937423706055,
                -0.2985764443874359,
                -0.12416745722293854,
                -0.05071645975112915,
                -0.014691123738884926,
                -0.02922704443335533,
                -0.03584042191505432,
                0.06605825573205948,
                -0.1349666267633438,
                0.017208054661750793,
                0.03920590132474899,
                0.12295330315828323,
                0.01806967705488205,
                -0.08953695744276047,
                0.14850108325481415,
                0.02899082750082016,
                -0.2959163188934326,
                0.12019495666027069,
                0.0852075070142746,
                0.18407154083251953,
                0.188423290848732,
                -0.05263721942901611,
                0.035381533205509186,
                -0.16488398611545563,
                0.15731848776340485,
                -0.17584827542304993,
                -0.021854998543858528,
                0.142096608877182,
                0.06486907601356506,
                0.068207748234272,
                0.0432140976190567,
                -0.046679772436618805,
                0.07160481810569763,
                0.09353057295084,
                -0.14193177223205566,
                0.0048417141661047935,
                0.11462152749300003,
                -0.02903076820075512,
                0.0205109640955925,
                -0.10792986303567886,
                0.14329519867897034,
                0.0883573442697525,
                -0.132747083902359,
                -0.21008801460266113,
                0.08575613796710968,
                -0.1500968188047409,
                -0.14450639486312866,
                0.07037396728992462,
                -0.12710298597812653,
                -0.1697680950164795,
                -0.2921850085258484,
                -0.022069863975048065,
                0.34384870529174805,
                0.15142521262168884,
                -0.22972707450389862,
                0.10451752692461014,
                -0.018154935911297798,
                -0.04498074948787689,
                0.11791548132896423,
                0.17430202662944794,
                0.006214747205376625,
                0.06312146782875061,
                -0.04536670073866844,
                0.027611861005425453,
                0.2676788568496704,
                -0.05779516324400902,
                0.04471370950341225,
                0.24432463943958282,
                0.04687339812517166,
                0.11822479963302612,
                0.03395131602883339,
                0.06502029299736023,
                -0.10199716687202454,
                0.015531506389379501,
                -0.12176131457090378,
                0.005357924848794937,
                0.030811186879873276,
                -0.026531217619776726,
                0.006839331239461899,
                0.1196637749671936,
                -0.13783353567123413,
                0.22931472957134247,
                -0.028019383549690247,
                0.007850734516978264,
                -0.011865867301821709,
                0.07464034855365753,
                -0.06188667565584183,
                -0.016086341813206673,
                0.1196056455373764,
                -0.15873773396015167,
                0.13630960881710052,
                0.14681397378444672,
                0.051712874323129654,
                0.06880133599042892,
                0.17570118606090546,
                0.09960291534662247,
                -0.05769903585314751,
                0.004328266717493534,
                -0.17584499716758728,
                -0.036349888890981674,
                0.062096480280160904,
                -0.05983211100101471,
                0.08406651020050049,
                0.01253567449748516
            ]
        ]
    },
    "hand": {
        "hand_count": 1,
        "hand_landmarks": [
            [
                {
                    "x": 0.378540962934494,
                    "y": 0.7092266082763672,
                    "z": -4.422585959673597e-07,
                    "visibility": 0.0
                },
                {
                    "x": 0.3786487579345703,
                    "y": 0.6405282616615295,
                    "z": 0.033471524715423584,
                    "visibility": 0.0
                },
                {
                    "x": 0.3506290018558502,
                    "y": 0.5852667093276978,
                    "z": 0.049838099628686905,
                    "visibility": 0.0
                },
                {
                    "x": 0.3103581964969635,
                    "y": 0.5609592795372009,
                    "z": 0.057607561349868774,
                    "visibility": 0.0
                },
                {
                    "x": 0.27619072794914246,
                    "y": 0.5546996593475342,
                    "z": 0.0635150745511055,
                    "visibility": 0.0
                },
                {
                    "x": 0.3496646285057068,
                    "y": 0.5476978421211243,
                    "z": 0.04140368103981018,
                    "visibility": 0.0
                },
                {
                    "x": 0.27644258737564087,
                    "y": 0.5221825242042542,
                    "z": 0.045698199421167374,
                    "visibility": 0.0
                },
                {
                    "x": 0.2305002510547638,
                    "y": 0.5334690809249878,
                    "z": 0.04927157610654831,
                    "visibility": 0.0
                },
                {
                    "x": 0.20382492244243622,
                    "y": 0.548727810382843,
                    "z": 0.05194360017776489,
                    "visibility": 0.0
                },
                {
                    "x": 0.33307841420173645,
                    "y": 0.5399070978164673,
                    "z": 0.02021528035402298,
                    "visibility": 0.0
                },
                {
                    "x": 0.25123798847198486,
                    "y": 0.5058695077896118,
                    "z": 0.02584318444132805,
                    "visibility": 0.0
                },
                {
                    "x": 0.20479266345500946,
                    "y": 0.5254932641983032,
                    "z": 0.02827627770602703,
                    "visibility": 0.0
                },
                {
                    "x": 0.17777815461158752,
                    "y": 0.5503295660018921,
                    "z": 0.02911790832877159,
                    "visibility": 0.0
                },
                {
                    "x": 0.310750812292099,
                    "y": 0.5472529530525208,
                    "z": -0.0002400083321845159,