{
    "face": {
        "face_count": 1,
        "face_embeddings": [
            [
                -0.1151161715388298,
                0.037638623267412186,
                0.0442054346203804,
                -0.09671557694673538,
                -0.2115810215473175,
                -0.0917874425649643,
                -0.0964067280292511,
                -0.08360680937767029,
                0.14525850117206573,
                -0.17460693418979645,
                0.17971903085708618,
                -0.07269751280546188,
                -0.16240935027599335,
                -0.020568544045090675,
                -0.08792010694742203,
                0.21005859971046448,
                -0.1956057995557785,
                -0.13440097868442535,
                -0.017821434885263443,
                -0.027209974825382233,
                0.06960361450910568,
                0.04271446913480759,
                -0.0444427952170372,
                0.04178120195865631,
                -0.16619306802749634,
                -0.31803157925605774,
                -0.13106662034988403,
                -0.03760350123047829,
                -0.08432450145483017,
                -0.08888191729784012,
                -0.04123963415622711,
                0.04457321763038635,
                -0.13701307773590088,
                -0.019603673368692398,
                0.02475224807858467,
                0.1349801868200302,
                -0.02115938998758793,
                -0.08032679557800293,
                0.12836724519729614,
                0.017748136073350906,
                -0.32373690605163574,
                0.07034248113632202,
                0.128682941198349,
                0.24774488806724548,
                0.16980592906475067,
                -0.04269685968756676,
                -0.004573183134198189,
                -0.14647230505943298,
                0.16446374356746674,
                -0.1589394062757492,
                0.012766516767442226,
                0.158783420920372,
                0.03583681210875511,
                0.0568816252052784,
                0.02968430146574974,
                -0.04411913454532623,
                0.035013481974601746,
                0.1849932074546814,
                -0.12446440011262894,
                -0.022922269999980927,
                0.1302938312292099,
                -0.07057005912065506,
                -0.021120181307196617,
                -0.11610571295022964,
                0.15706239640712738,
                0.10700763016939163,
                -0.11269611865282059,
                -0.22827903926372528,
                0.09930413961410522,
                -0.20688630640506744,
                -0.17090123891830444,
                0.045599982142448425,
                -0.1345120519399643,
                -0.1943257749080658,
                -0.33312860131263733,
                -0.01770026609301567,
                0.3923247754573822,
                0.12861013412475586,
                -0.15994898974895477,
                0.09643895924091339,
                -0.018211737275123596,
                -0.04963252693414688,
                0.1319405436515808,
                0.21551558375358582,
                0.052224013954401016,
                0.07678674906492233,
                -0.08169657737016678,
                0.027624376118183136,
                0.26233428716659546,
                -0.07643352448940277,
                0.032891083508729935,
                0.20174571871757507,
                0.055789362639188766,
                0.0884481891989708,
                0.0220418032258749,
                0.02890121191740036,
                -0.11692565679550171,
                0.031390752643346786,
                -0.1309913694858551,
                0.002939836122095585,
                0.002922041341662407,
                -0.04114369675517082,
                -0.042980413883924484,
                0.09389401227235794,
                -0.1433483213186264,
                0.19346201419830322,
                0.031713638454675674,
                0.009525026194751263,
                -0.03731396421790123,
                0.02335909567773342,
                -0.03386591374874115,
                -0.0581231527030468,
                0.11603993922472,
                -0.19166409969329834,
                0.16372911632061005,
                0.16267570853233337,
                0.06415095180273056,
                0.12953335046768188,
                0.13638128340244293,
                0.06834061443805695,
                -0.0331270806491375,
                -0.026113862171769142,
                -0.18772000074386597,
                -0.010649234987795353,
                0.03433345630764961,
                -0.06211748719215393,
                0.0814180076122284,
                0.019136641174554825
            ]
        ]
    },
    "hand": {
        "hand_count": 0,
        "hand_landmarks": []
    },
    "body": {
        "landmark_count": 33,
        "landmarks": [
            {
                "x": 0.32837802171707153,
                "y": 0.4152289628982544,
                "z": -0.7914003133773804,
                "visibility": 0.999969482421875
            },
            {
                "x": 0.3602272868156433,
                "y": 0.34380006790161133,
                "z": -0.7367537021636963,
                "visibility": 0.9999511241912842
            },
            {
                "x": 0.3796895742416382,
                "y": 0.3482717275619507,
                "z": -0.7366543412208557,
                "visibility": 0.9999173879623413
            },
            {
                "x": 0.40585389733314514,
                "y": 0.357236385345459,
                "z": -0.7370046973228455,
                "visibility": 0.9999421834945679
            },
            {
                "x": 0.29298239946365356,
                "y": 0.3388783931732178,
                "z": -0.7633570432662964,
                "visibility": 0.9999706745147705
            },
            {
                "x": 0.2603089213371277,
                "y": 0.3389033079147339,
                "z": -0.7625399827957153,
                "visibility": 0.999954342842102
            },
            {
                "x": 0.22834287583827972,
                "y": 0.340762734413147,
                "z": -0.7629925012588501,
                "visibility": 0.9999706745147705
            },
            {
                "x": 0.4095102846622467,
                "y": 0.39661478996276855,
                "z": -0.3851799964904785,
                "visibility": 0.9999257326126099
            },
            {
                "x": 0.17907178401947021,
                "y": 0.37541353702545166,
                "z": -0.48679259419441223,
                "visibility": 0.9999748468399048
            },
            {
                "x": 0.3491212725639343,
                "y": 0.5016604661941528,
                "z": -0.6572465896606445,
                "visibility": 0.9999691247940063
            },
            {
                "x": 0.2737651467323303,
                "y": 0.49903297424316406,
                "z": -0.687301754951477,
                "visibility": 0.9999853372573853
            },
            {
                "x": 0.48856210708618164,
                "y": 0.8108183145523071,
                "z": -0.21641670167446136,
                "visibility": 0.9992275238037109
            },
            {
                "x": 0.025448590517044067,
                "y": 0.8476553559303284,
                "z": -0.39284977316856384,
                "visibility": 0.9998273253440857
            },
            {
                "x": 0.5749709606170654,
                "y": 1.2910749912261963,
                "z": 0.1296209841966629,
                "visibility": 0.17318716645240784
            },
            {
                "x": -0.0951814353466034,
                "y": 1.3589212894439697,