{
    "face": {
        "face_count": 1,
        "face_embeddings": [
            [
                -0.09184984862804413,
                0.03716563805937767,
                0.03313075751066208,
                -0.08469434827566147,
                -0.15674026310443878,
                -0.08194509148597717,
                -0.11624222248792648,
                -0.0768321305513382,
                0.10878627002239227,
                -0.11761564016342163,
                0.19448688626289368,
                -0.010700410231947899,
                -0.14292007684707642,
                -0.046585891395807266,
                -0.05846651643514633,
                0.17290984094142914,
                -0.208891823887825,
                -0.18294647336006165,
                -0.02133234217762947,
                0.009426244534552097,
                0.11687900125980377,
                0.06861604750156403,
                -0.01332051306962967,
                0.031939730048179626,
                -0.18582013249397278,
                -0.3131866455078125,
                -0.060339998453855515,
                -0.03299875557422638,
                -0.040710702538490295,
                -0.01963524892926216,
                0.02625398337841034,
                0.07779346406459808,
                -0.18752135336399078,
                0.03321939706802368,
                0.08077135682106018,
                0.17785581946372986,
                0.020061608403921127,
                -0.0796009972691536,
                0.1308767944574356,
                0.035893164575099945,
                -0.3357399106025696,
                0.08701757341623306,
                0.08102547377347946,
                0.20546367764472961,
                0.19524472951889038,
                -0.10371740162372589,
                0.02685382217168808,
                -0.20022642612457275,
                0.1349276602268219,
                -0.182696133852005,
                0.01703822612762451,
                0.19684310257434845,
                0.03691604733467102,
                0.05622602254152298,
                0.04475473612546921,
                -0.06884880363941193,
                0.04058380424976349,
                0.13508610427379608,
                -0.11497387290000916,
                -0.041239183396101,
                0.13133765757083893,
                0.006611596792936325,
                0.027551870793104172,
                -0.1620883196592331,
                0.10426260530948639,
                0.05440026521682739,
                -0.12541724741458893,
                -0.23009222745895386,
                0.07819286733865738,
                -0.16920426487922668,
                -0.15465936064720154,
                0.14511078596115112,
                -0.14646320044994354,
                -0.20185624063014984,
                -0.31106358766555786,
                -0.024996645748615265,
                0.3735194504261017,
                0.14300689101219177,
                -0.1748557984828949,
                0.0767863541841507,
                -0.03198350593447685,
                -0.014689408242702484,
                0.11349565535783768,
                0.1520783007144928,
                0.04909321665763855,
                0.08481545746326447,
                -0.08717645704746246,
                0.06717576086521149,
                0.2860769033432007,
                -0.030970916152000427,
                -0.006444145925343037,
                0.22292594611644745,
                0.04214457422494888,
                0.10247241705656052,
                0.03518914803862572,
                0.04544595256447792,
                -0.05142022669315338,
                0.027576249092817307,
                -0.17362092435359955,
                -0.004423490725457668,
                -0.06262334436178207,
                -0.000746983103454113,
                -0.018198994919657707,
                0.10626846551895142,
                -0.07797490060329437,
                0.1262599676847458,
                0.012180434539914131,
                0.023304997012019157,
                -0.038809288293123245,
                0.036922797560691833,
                -0.06429927051067352,
                -0.05106976628303528,
                0.09455862641334534,
                -0.1754785031080246,
                0.19230177998542786,
                0.13132628798484802,
                0.1133882999420166,
                0.07653126865625381,
                0.1534867286682129,
                0.056209418922662735,
                -0.06642168760299683,
                -0.07208389788866043,
                -0.17141570150852203,
                0.019327741116285324,
                0.012700244784355164,
                -0.03835964575409889,
                0.07065504044294357,
                -0.013133401051163673
            ]
        ]
    },
    "hand": {
        "hand_count": 0,
        "hand_landmarks": []
    },
    "body": {
        "landmark_count": 33,
        "landmarks": [
            {
                "x": 0.4994703531265259,
                "y": 0.35359716415405273,
                "z": -1.6065341234207153,
                "visibility": 0.9998266100883484
            },
            {
                "x": 0.5415012836456299,
                "y": 0.2893805503845215,
                "z": -1.4750438928604126,
                "visibility": 0.9996805191040039
            },
            {
                "x": 0.5740483403205872,
                "y": 0.2891693115234375,
                "z": -1.4758806228637695,
                "visibility": 0.999531626701355
            },
            {
                "x": 0.6036238074302673,
                "y": 0.289098858833313,
                "z": -1.476375937461853,
                "visibility": 0.9995952248573303
            },
            {
                "x": 0.4272935390472412,
                "y": 0.289776086807251,
                "z": -1.491544485092163,
                "visibility": 0.9997922778129578
            },
            {
                "x": 0.38999566435813904,
                "y": 0.2924532890319824,
                "z": -1.4907522201538086,
                "visibility": 0.9997898936271667
            },
            {
                "x": 0.35771870613098145,
                "y": 0.2967299222946167,
                "z": -1.4917694330215454,
                "visibility": 0.9998492002487183
            },
            {
                "x": 0.6491634845733643,
                "y": 0.31860435009002686,
                "z": -0.7149133086204529,
                "visibility": 0.99934321641922
            },
            {
                "x": 0.31623297929763794,
                "y": 0.3366497755050659,
                "z": -0.7469226121902466,
                "visibility": 0.9998555183410645
            },
            {
                "x": 0.5597071647644043,
                "y": 0.42117923498153687,
                "z": -1.3307875394821167,
                "visibility": 0.9998693466186523
            },
            {
                "x": 0.4318901300430298,
                "y": 0.42760443687438965,
                "z": -1.3426471948623657,
                "visibility": 0.9999053478240967
            },
            {
                "x": 0.8308435082435608,
                "y": 0.6656696796417236,
                "z": -0.23696771264076233,
                "visibility": 0.9963353872299194
            },
            {
                "x": 0.1441674828529358,
                "y": 0.7228591442108154,
                "z": -0.5165386199951172,
                "visibility": 0.9991497993469238
            },
            {
                "x": 0.8639587163925171,
                "y": 0.9670847058296204,
                "z": 0.08398158103227615,
                "visibility": 0.2520281970500946
            },
            {
                "x": 0.04745406284928322,
                "y": 1.077656626701355,