{
    "face": {
        "face_count": 1,
        "face_embeddings": [
            [
                -0.0990285873413086,
                0.06784429401159286,
                0.08497707545757294,
                -0.07567209750413895,
                -0.10219285637140274,
                -0.06743819266557693,
                -0.09555189311504364,
                -0.14331941306591034,
                0.1253974735736847,
                -0.17657163739204407,
                0.21921169757843018,
                -0.07324644923210144,
                -0.19847355782985687,
                -0.03072414919734001,
                -0.05751665681600571,
                0.2279810607433319,
                -0.1906602382659912,
                -0.13837163150310516,
                -0.03534639999270439,
                -0.006337521132081747,
                0.09706467390060425,
                0.022729504853487015,
                0.011036067269742489,
                0.057189881801605225,
                -0.1503027081489563,
                -0.32094207406044006,
                -0.12608803808689117,
                0.0007555186748504639,
                -0.11313579976558685,
                -0.037735190242528915,
                -0.03162568807601929,
                0.04940148442983627,
                -0.13235971331596375,
                -0.008325409144163132,
                0.04990973323583603,
                0.12265265733003616,
                0.008796300739049911,
                -0.07579180598258972,
                0.13503995537757874,
                0.02280343323945999,
                -0.3075625002384186,
                0.056231386959552765,
                0.12042394280433655,
                0.23427323997020721,
                0.15995872020721436,
                -0.02938927337527275,
                0.009749078191816807,
                -0.183943510055542,
                0.11941824853420258,
                -0.15571624040603638,
                0.022284645587205887,
                0.13399338722229004,
                0.06797035038471222,
                0.07534277439117432,
                0.04351276531815529,
                -0.10907444357872009,
                0.015408514067530632,
                0.1753826141357422,
                -0.06859321892261505,
                -0.054197102785110474,
                0.09176675975322723,
                -0.027502596378326416,
                0.017336027696728706,
                -0.14038588106632233,
                0.17225317656993866,
                0.10285179316997528,
                -0.14115792512893677,
                -0.21581530570983887,
                0.09031607210636139,
                -0.119768887758255,
                -0.1522025614976883,
                0.07470760494470596,
                -0.17161385715007782,
                -0.19950151443481445,
                -0.3118855655193329,
                -0.022791637107729912,
                0.3714178800582886,
                0.10416752099990845,
                -0.22510431706905365,
                0.02994799055159092,
                -0.030664142221212387,
                -0.019519351422786713,
                0.11163074523210526,
                0.22739368677139282,
                0.05914982035756111,
                0.08621707558631897,
                -0.048027101904153824,
                -0.002042718231678009,
                0.22978471219539642,
                -0.0653422474861145,
                -0.01359859574586153,
                0.23096393048763275,
                0.045195743441581726,
                0.0921759307384491,
                0.021053850650787354,
                0.01502036489546299,
                -0.09772653877735138,
                0.06375014781951904,
                -0.20146878063678741,
                -0.030720070004463196,
                -0.06339660286903381,
                0.03489803522825241,
                -0.03477655351161957,
                0.1073591336607933,
                -0.14814125001430511,
                0.17602255940437317,
                0.04234769195318222,
                0.00817031878978014,
                -0.017055222764611244,
                0.05921543762087822,
                -0.04853403940796852,
                -0.07659216970205307,
                0.09461819380521774,
                -0.22118830680847168,
                0.10973312705755234,
                0.19085392355918884,
                0.08987010270357132,
                0.11101997643709183,
                0.12322092056274414,
                0.09900356084108353,
                -0.004294875077903271,
                0.004867192357778549,
                -0.19301678240299225,
                0.029278963804244995,
                0.08660266548395157,
                -0.05702203884720802,
                0.04921972379088402,
                -0.00789596326649189
            ]
        ]
    },
    "hand": {
        "hand_count": 0,
        "hand_landmarks": []
    },
    "body": {
        "landmark_count": 33,
        "landmarks": [
            {
                "x": 0.7190160155296326,
                "y": 0.5466746091842651,
                "z": -2.0360524654388428,
                "visibility": 0.9846224188804626
            },
            {
                "x": 0.7006933093070984,
                "y": 0.446336030960083,
                "z": -1.8266241550445557,
                "visibility": 0.9818058609962463
            },
            {
                "x": 0.7132977247238159,
                "y": 0.4426753520965576,
                "z": -1.8285603523254395,
                "visibility": 0.9825399518013
            },
            {
                "x": 0.72505122423172,
                "y": 0.43815135955810547,
                "z": -1.8291449546813965,
                "visibility": 0.9814633131027222
            },
            {
                "x": 0.6136395931243896,
                "y": 0.4514591693878174,
                "z": -2.1378512382507324,
                "visibility": 0.9807721376419067
            },
            {
                "x": 0.5554980635643005,
                "y": 0.4526571035385132,
                "z": -2.1378872394561768,
                "visibility": 0.9810274839401245
            },
            {
                "x": 0.48821645975112915,
                "y": 0.45346498489379883,
                "z": -2.139862060546875,
                "visibility": 0.978154718875885
            },
            {
                "x": 0.586515486240387,
                "y": 0.4461548328399658,
                "z": -0.6089342832565308,
                "visibility": 0.9811205267906189
            },
            {
                "x": 0.2699262797832489,
                "y": 0.4791455566883087,
                "z": -1.9606666564941406,
                "visibility": 0.9809125065803528
            },
            {
                "x": 0.7194576859474182,
                "y": 0.6401287317276001,
                "z": -1.541405200958252,
                "visibility": 0.961722731590271
            },
            {
                "x": 0.6154026389122009,
                "y": 0.6440333724021912,
                "z": -1.934206485748291,
                "visibility": 0.9685531854629517
            },
            {
                "x": 0.5070253610610962,
                "y": 0.9186724424362183,
                "z": 0.7636298537254333,
                "visibility": 0.9262304306030273
            },
            {
                "x": -0.050599582493305206,
                "y": 0.9325375556945801,
                "z": -2.193233013153076,
                "visibility": 0.8461878299713135
            },
            {
                "x": 0.764874279499054,
                "y": 1.5319294929504395,
                "z": 1.2878040075302124,
                "visibility": 0.0062782419845461845
            },
            {
                "x": -0.3866727650165558,
                "y": 1.600210428237915,