{
    "face": {
        "face_count": 1,
        "face_embeddings": [
            [
                -0.12391384690999985,
                -0.012420782819390297,
                0.0026810141280293465,
                -0.08363613486289978,
                -0.1652558594942093,
                -0.06718730926513672,
                -0.07096312940120697,
                -0.0621994286775589,
                0.12902095913887024,
                -0.16305121779441833,
                0.1910354346036911,
                -0.07026305049657822,
                -0.17014235258102417,
                -0.0462934710085392,
                -0.06108436733484268,
                0.1897640824317932,
                -0.19131338596343994,
                -0.17808471620082855,
                -0.04704955965280533,
                -0.01164413895457983,
                0.12932980060577393,
                0.05920786038041115,
                -0.04815608635544777,
                0.01922076940536499,
                -0.16992373764514923,
                -0.3174489438533783,
                -0.09418409317731857,
                -0.011058522388339043,
                -0.041017889976501465,
                -0.058689288794994354,
                -0.018446695059537888,
                0.048794426023960114,
                -0.1751718819141388,
                -0.00191519595682621,
                0.05665912479162216,
                0.0894075557589531,
                0.025397296994924545,
                -0.09448833763599396,
                0.17794393002986908,
                0.02874331921339035,
                -0.31072700023651123,
                0.040907129645347595,
                0.11236076056957245,
                0.20451495051383972,
                0.16995581984519958,
                -0.02465825155377388,
                -0.004301691427826881,
                -0.1818801611661911,
                0.16957543790340424,
                -0.16909006237983704,
                0.014730699360370636,
                0.17853863537311554,
                0.03374602645635605,
                0.06470494717359543,
                0.02356399968266487,
                -0.10385595262050629,
                0.0022765975445508957,
                0.1504746675491333,
                -0.10582636296749115,
                -0.05142216384410858,
                0.07766828685998917,
                -0.01989791914820671,
                -0.022165246307849884,
                -0.17817775905132294,
                0.15036748349666595,
                0.06150209158658981,
                -0.11442165821790695,
                -0.249453604221344,
                0.11945129930973053,
                -0.1497069001197815,
                -0.14609050750732422,
                0.08048740774393082,
                -0.15567654371261597,
                -0.1884811967611313,
                -0.30050283670425415,
                -0.019429903477430344,
                0.3626886010169983,
                0.10966549813747406,
                -0.1793356090784073,
                0.0993056520819664,
                -0.015688909217715263,
                -0.022980820387601852,
                0.12826089560985565,
                0.17339332401752472,
                0.05029667168855667,
                0.08438826352357864,
                -0.06423629820346832,
                0.02752002328634262,
                0.2556346654891968,
                -0.05606849864125252,
                -0.012114710174500942,
                0.1817571222782135,
                0.03834789991378784,
                0.08963396400213242,
                0.04930983856320381,
                0.040072452276945114,
                -0.09299945086240768,
                0.0357523187994957,
                -0.13823945820331573,
                -0.006939911283552647,
                0.012374802492558956,
                0.011770911514759064,
                -0.00044315820559859276,
                0.11754356324672699,
                -0.07770794630050659,
                0.17513824999332428,
                -0.0009010820649564266,
                0.029910806566476822,
                -0.052923914045095444,
                0.008405998349189758,
                -0.0332137793302536,
                -0.03524680808186531,
                0.05378685146570206,
                -0.18634924292564392,
                0.16937784850597382,
                0.10810765624046326,
                0.05844428390264511,
                0.14037220180034637,
                0.1269536167383194,
                0.098338782787323,
                -0.05473864823579788,
                0.015933696180582047,
                -0.2145104855298996,
                -0.013163892552256584,
                0.05501185357570648,
                -0.004146137740463018,
                0.10372643172740936,
                0.00581095227971673
            ]
        ]
    },
    "hand": {
        "hand_count": 1,
        "hand_landmarks": [
            [
                {
                    "x": 0.3572461009025574,
                    "y": 0.7028394937515259,
                    "z": 7.47671606404765e-07,
                    "visibility": 0.0
                },
                {
                    "x": 0.38718196749687195,
                    "y": 0.6604989171028137,
                    "z": -0.0363384410738945,
                    "visibility": 0.0
                },
                {
                    "x": 0.3538452386856079,
                    "y": 0.6069910526275635,
                    "z": -0.05436920002102852,
                    "visibility": 0.0
                },
                {
                    "x": 0.31667712330818176,
                    "y": 0.5637449622154236,
                    "z": -0.06948429346084595,
                    "visibility": 0.0
                },
                {
                    "x": 0.2965550720691681,
                    "y": 0.5228445529937744,
                    "z": -0.08634425699710846,
                    "visibility": 0.0
                },
                {
                    "x": 0.23520579934120178,
                    "y": 0.5697286128997803,
                    "z": -0.04727697744965553,
                    "visibility": 0.0
                },
                {
                    "x": 0.1792018711566925,
                    "y": 0.5102713108062744,
                    "z": -0.08599689602851868,
                    "visibility": 0.0
                },
                {
                    "x": 0.1503172665834427,
                    "y": 0.4669651985168457,
                    "z": -0.11637625098228455,
                    "visibility": 0.0
                },
                {
                    "x": 0.1277729570865631,
                    "y": 0.4291977286338806,
                    "z": -0.1362694799900055,
                    "visibility": 0.0
                },
                {
                    "x": 0.2049487829208374,
                    "y": 0.5858005881309509,
                    "z": -0.05120125412940979,
                    "visibility": 0.0
                },
                {
                    "x": 0.13655780255794525,
                    "y": 0.5262608528137207,
                    "z": -0.08406926691532135,
                    "visibility": 0.0
                },
                {
                    "x": 0.09808812290430069,
                    "y": 0.47941854596138,
                    "z": -0.11244358867406845,
                    "visibility": 0.0
                },
                {
                    "x": 0.06639491766691208,
                    "y": 0.43602949380874634,
                    "z": -0.13229437172412872,
                    "visibility": 0.0
                },
                {
                    "x": 0.19160452485084534,
                    "y": 0.6125366687774658,
                    "z": -0.05836277827620506,