{
    "face": {
        "face_count": 1,
        "face_embeddings": [
            [
                -0.055080365389585495,
                0.06222570315003395,
                0.05522583797574043,
                -0.10493230074644089,
                -0.16041040420532227,
                -0.017293673008680344,
                -0.15073196589946747,
                -0.0981210246682167,
                0.13882258534431458,
                -0.1884572058916092,
                0.221710667014122,
                -0.04883306473493576,
                -0.12131691724061966,
                -0.05945321545004845,
                -0.0921197459101677,
                0.22783921658992767,
                -0.22943252325057983,
                -0.1589999794960022,
                0.0020585795864462852,
                -0.025563329458236694,
                0.10030888020992279,
                0.03554239124059677,
                -0.0324845053255558,
                0.05194508656859398,
                -0.21517041325569153,
                -0.34243157505989075,
                -0.08269911259412766,
                -0.04637531191110611,
                -0.07511460036039352,
                -0.055173639208078384,
                -0.01521536335349083,
                0.09359120577573776,
                -0.17546845972537994,
                0.07962393760681152,
                0.016143379732966423,
                0.12510736286640167,
                0.01682242937386036,
                -0.035929664969444275,
                0.11859245598316193,
                0.040726158767938614,
                -0.2747640311717987,
                0.08206068724393845,
                0.10941983759403229,
                0.2249470204114914,
                0.20068895816802979,
                -0.05025718733668327,
                0.04425548017024994,
                -0.14145156741142273,
                0.14006750285625458,
                -0.17028352618217468,
                0.00883687473833561,
                0.15534862875938416,
                0.06288761645555496,
                0.032020263373851776,
                0.062114305794239044,
                -0.06686698645353317,
                0.017328733578324318,
                0.15706489980220795,
                -0.10026080906391144,
                0.023371286690235138,
                0.09420612454414368,
                -0.05589504539966583,
                -0.01375610288232565,
                -0.12350896745920181,
                0.1689387857913971,
                0.08715032041072845,
                -0.1092299222946167,
                -0.2195429801940918,
                0.09807222336530685,
                -0.16169346868991852,
                -0.15462984144687653,
                0.07449763268232346,
                -0.14553950726985931,
                -0.19148895144462585,
                -0.34887364506721497,
                -0.04070571810007095,
                0.39340174198150635,
                0.14706888794898987,
                -0.21355777978897095,
                0.0840187668800354,
                0.025671154260635376,
                -0.04242056608200073,
                0.14453670382499695,
                0.18149973452091217,
                0.0282148364931345,
                0.036669231951236725,
                -0.09933454543352127,
                0.06058327108621597,
                0.27898189425468445,
                -0.0453127846121788,
                0.028917942196130753,
                0.21512147784233093,
                0.01643500290811062,
                0.0666990801692009,
                -0.023404933512210846,
                -0.006474449764937162,
                -0.10715427249670029,
                0.04625178873538971,
                -0.1387769728899002,
                -0.018315356224775314,
                -0.07870829105377197,
                0.014339124783873558,
                -0.053182631731033325,
                0.09709521383047104,
                -0.12863974273204803,
                0.15404117107391357,
                -0.012123679742217064,
                -0.013341883197426796,
                -0.06155773624777794,
                0.053827542811632156,
                -0.07725252956151962,
                -0.0419711098074913,
                0.11758657544851303,
                -0.1814223974943161,
                0.11980023980140686,
                0.15222333371639252,
                0.10325368493795395,
                0.11117096990346909,
                0.14110584557056427,
                0.08053940534591675,
                -0.04532089829444885,
                -0.03511447459459305,
                -0.1956162005662918,
                0.007767474744468927,
                0.03206469491124153,
                -0.10778262466192245,
                0.08571426570415497,
                -0.005042544566094875
            ]
        ]
    },
    "hand": {
        "hand_count": 0,
        "hand_landmarks": []
    },
    "body": {
        "landmark_count": 33,
        "landmarks": [
            {
                "x": 0.3524245321750641,
                "y": 0.41346561908721924,
                "z": -2.5636229515075684,
                "visibility": 0.9923017024993896
            },
            {
                "x": 0.478488951921463,
                "y": 0.33225417137145996,
                "z": -2.5259525775909424,
                "visibility": 0.9833130240440369
            },
            {
                "x": 0.554824948310852,
                "y": 0.33984458446502686,
                "z": -2.5274152755737305,
                "visibility": 0.9846657514572144
            },
            {
                "x": 0.6278973817825317,
                "y": 0.34777534008026123,
                "z": -2.5293989181518555,
                "visibility": 0.9834807515144348
            },
            {
                "x": 0.3332269787788391,
                "y": 0.3158024549484253,
                "z": -2.395268440246582,
                "visibility": 0.9855912923812866
            },
            {
                "x": 0.2935710847377777,
                "y": 0.31236815452575684,
                "z": -2.394423246383667,
                "visibility": 0.987117350101471
            },
            {
                "x": 0.25419193506240845,
                "y": 0.30991482734680176,
                "z": -2.3959975242614746,
                "visibility": 0.986370325088501
            },
            {
                "x": 0.7490088939666748,
                "y": 0.40383827686309814,
                "z": -1.9140267372131348,
                "visibility": 0.9871195554733276
            },
            {
                "x": 0.2768726050853729,
                "y": 0.3555464744567871,
                "z": -1.2267998456954956,
                "visibility": 0.990642249584198
            },
            {
                "x": 0.45729267597198486,
                "y": 0.5468984842300415,
                "z": -2.3107926845550537,
                "visibility": 0.9959793090820312
            },
            {
                "x": 0.2757037281990051,
                "y": 0.5268806219100952,
                "z": -2.115495443344116,
                "visibility": 0.9962438344955444
            },
            {
                "x": 1.0117119550704956,
                "y": 1.0026520490646362,
                "z": -1.4166524410247803,
                "visibility": 0.9611349701881409
            },
            {
                "x": -0.004950728267431259,
                "y": 0.846514105796814,
                "z": -0.6253049969673157,
                "visibility": 0.98725825548172
            },
            {
                "x": 1.1797163486480713,
                "y": 1.6458932161331177,
                "z": -1.167451024055481,
                "visibility": 0.07619350403547287
            },
            {
                "x": -0.41105395555496216,
                "y": 1.3818762302398682,