{
    "face": {
        "face_count": 1,
        "face_embeddings": [
            [
                -0.09484381228685379,
                0.05110721290111542,
                0.05661947280168533,
                -0.10320835560560226,
                -0.14363692700862885,
                -0.030991822481155396,
                -0.15012052655220032,
                -0.09235716611146927,
                0.14789460599422455,
                -0.18201270699501038,
                0.2251231074333191,
                -0.04989970102906227,
                -0.12163159251213074,
                -0.03803839161992073,
                -0.06503421813249588,
                0.23146924376487732,
                -0.23170726001262665,
                -0.14440064132213593,
                -0.0025589102879166603,
                -0.027499161660671234,
                0.09242971986532211,
                0.07643400877714157,
                -0.029052255675196648,
                0.052862949669361115,
                -0.19504565000534058,
                -0.34367355704307556,
                -0.07329665124416351,
                -0.056031733751297,
                -0.06729689985513687,
                -0.027425816282629967,
                -0.028490811586380005,
                0.07006701081991196,
                -0.18289537727832794,
                0.04970308020710945,
                0.025559663772583008,
                0.16922365128993988,
                0.016984153538942337,
                -0.05441172420978546,
                0.12187332659959793,
                0.03435615822672844,
                -0.2829967439174652,
                0.08154527097940445,
                0.11883988976478577,
                0.217022106051445,
                0.20950286090373993,
                -0.047447752207517624,
                0.016900215297937393,
                -0.16393406689167023,
                0.1396777331829071,
                -0.17384837567806244,
                0.027181724086403847,
                0.13460738956928253,
                0.04528854042291641,
                0.037072040140628815,
                0.07027467340230942,
                -0.08684653043746948,
                0.025474781170487404,
                0.141290083527565,
                -0.11430090665817261,
                -0.011491487734019756,
                0.09583967179059982,
                -0.04239356517791748,
                0.008702855557203293,
                -0.1311308890581131,
                0.18340259790420532,
                0.08659852296113968,
                -0.10303192585706711,
                -0.2047763168811798,
                0.10323874652385712,
                -0.1536252498626709,
                -0.1517966240644455,
                0.0859110951423645,
                -0.14015008509159088,
                -0.18593855202198029,
                -0.3625796437263489,
                -0.029679175466299057,
                0.39740997552871704,
                0.11872611194849014,
                -0.21057860553264618,
                0.09538701176643372,
                0.03533020615577698,
                -0.06728678941726685,
                0.15748362243175507,
                0.1991025060415268,
                0.06461889296770096,
                0.02527228370308876,
                -0.09485379606485367,
                0.05011514574289322,
                0.2800811529159546,
                -0.03691652789711952,
                0.03206184133887291,
                0.20676541328430176,
                0.0168660469353199,
                0.062129244208335876,
                0.005718683823943138,
                0.03475566208362579,
                -0.11486038565635681,
                0.03541678190231323,
                -0.15395766496658325,
                -0.02609620802104473,
                -0.06457919627428055,
                0.019114241003990173,
                -0.060555897653102875,
                0.10956501215696335,
                -0.1371186077594757,
                0.1524185985326767,
                -0.0021675454918295145,
                -0.02951958402991295,
                -0.04165090247988701,
                0.03024597465991974,
                -0.04687787964940071,
                -0.04162165895104408,
                0.12200771272182465,
                -0.17681428790092468,
                0.12587571144104004,
                0.13046997785568237,
                0.07733742892742157,
                0.13997770845890045,
                0.1159919798374176,
                0.09941502660512924,
                -0.0640530213713646,
                -0.018331855535507202,
                -0.23055705428123474,
                0.00653790682554245,
                0.02013312838971615,
                -0.08392976224422455,
                0.09307582676410675,
                0.024571038782596588
            ]
        ]
    },
    "hand": {
        "hand_count": 0,
        "hand_landmarks": []
    },
    "body": {
        "landmark_count": 33,
        "landmarks": [
            {
                "x": 0.4654723107814789,
                "y": 0.32505953311920166,
                "z": -2.6481363773345947,
                "visibility": 0.999897837638855
            },
            {
                "x": 0.5520578026771545,
                "y": 0.28083980083465576,
                "z": -2.523709774017334,
                "visibility": 0.999863862991333
            },
            {
                "x": 0.5966970324516296,
                "y": 0.28398430347442627,
                "z": -2.5246434211730957,
                "visibility": 0.9998369216918945
            },
            {
                "x": 0.6328678131103516,
                "y": 0.28682899475097656,
                "z": -2.525272846221924,
                "visibility": 0.9998445510864258
            },
            {
                "x": 0.4324522912502289,
                "y": 0.273077130317688,
                "z": -2.469871997833252,
                "visibility": 0.999853253364563
            },
            {
                "x": 0.4033268392086029,
                "y": 0.2720663547515869,
                "z": -2.4692344665527344,
                "visibility": 0.9998168349266052
            },
            {
                "x": 0.3783707320690155,
                "y": 0.2716665267944336,
                "z": -2.4703540802001953,
                "visibility": 0.9998044371604919
            },
            {
                "x": 0.7012121677398682,
                "y": 0.32227933406829834,
                "z": -1.699725866317749,
                "visibility": 0.9998277425765991
            },
            {
                "x": 0.3729724884033203,
                "y": 0.3045921325683594,
                "z": -1.4299471378326416,
                "visibility": 0.9997355341911316
            },
            {
                "x": 0.554735004901886,
                "y": 0.40252652764320374,
                "z": -2.3453428745269775,
                "visibility": 0.9999682903289795
            },
            {
                "x": 0.4088822901248932,
                "y": 0.3908374309539795,
                "z": -2.270129442214966,
                "visibility": 0.9999449253082275
            },
            {
                "x": 0.9213494062423706,
                "y": 0.7138147950172424,
                "z": -1.2814995050430298,
                "visibility": 0.999309778213501
            },
            {
                "x": 0.13406848907470703,
                "y": 0.6809025406837463,
                "z": -0.6923956274986267,
                "visibility": 0.9990070462226868
            },
            {
                "x": 0.8989113569259644,
                "y": 1.1565507650375366,
                "z": -1.0345468521118164,
                "visibility": 0.8805482387542725
            },
            {
                "x": 0.005929023027420044,
                "y": 1.088797688484192,