{
    "face": {
        "face_count": 1,
        "face_embeddings": [
            [
                -0.1332768201828003,
                0.061512790620326996,
                0.06448636204004288,
                -0.09918700158596039,
                -0.13514281809329987,
                -0.0455513671040535,
                -0.09865432977676392,
                -0.15210148692131042,
                0.1734335869550705,
                -0.17933472990989685,
                0.19118759036064148,
                -0.06389374285936356,
                -0.14568829536437988,
                -0.058847565203905106,
                -0.07111114263534546,
                0.2131204456090927,
                -0.20827721059322357,
                -0.18324469029903412,
                0.006617385894060135,
                0.003183809109032154,
                0.09416825324296951,
                0.07509328424930573,
                -0.00584332225844264,
                0.06841548532247543,
                -0.15155482292175293,
                -0.3791760206222534,
                -0.11547783762216568,
                -0.06505846232175827,
                -0.06208491697907448,
                -0.048426706343889236,
                0.022003404796123505,
                0.0986611470580101,
                -0.12889763712882996,
                0.006938597187399864,
                0.020311813801527023,
                0.1179547905921936,
                0.03253980353474617,
                -0.053200844675302505,
                0.18711096048355103,
                0.031249377876520157,
                -0.3309424817562103,
                0.08795567601919174,
                0.13781386613845825,
                0.2299979329109192,
                0.172764852643013,
                -0.0861302986741066,
                0.024783842265605927,
                -0.14094771444797516,
                0.14893940091133118,
                -0.14102478325366974,
                -0.03726639971137047,
                0.13031937181949615,
                0.1350852996110916,
                0.013289382681250572,
                0.05483638867735863,
                -0.06549125164747238,
                0.009499874897301197,
                0.08017756044864655,
                -0.1503905951976776,
                -0.01658639684319496,
                0.13456636667251587,
                -0.08887334913015366,
                -0.021515846252441406,
                -0.10147387534379959,
                0.07213983684778214,
                0.06758911907672882,
                -0.07441926002502441,
                -0.2509957551956177,
                0.09196291863918304,
                -0.18038541078567505,
                -0.16767747700214386,
                0.08911251276731491,
                -0.141608327627182,
                -0.1788897067308426,
                -0.32193881273269653,
                -0.044522255659103394,
                0.35691002011299133,
                0.113610178232193,
                -0.1848376989364624,
                0.0998537540435791,
                0.03625423088669777,
                -0.04893114045262337,
                0.06968259066343307,
                0.18273475766181946,
                0.02771802432835102,
                0.05250345915555954,
                -0.07114526629447937,
                0.026795644313097,
                0.2166530191898346,
                -0.027640733867883682,
                0.01162594836205244,
                0.17673063278198242,
                0.04354508966207504,
                0.11123469471931458,
                0.020785246044397354,
                0.029117634519934654,
                -0.10134852677583694,
                0.06901523470878601,
                -0.16984635591506958,
                0.025977492332458496,
                -0.08176807314157486,
                0.04479397460818291,
                -0.0030435656663030386,
                0.06277307868003845,
                -0.13746197521686554,
                0.20710569620132446,
                -0.00627396535128355,
                -0.044336605817079544,
                -0.07146098464727402,
                0.06770116835832596,
                -0.06221242994070053,
                -0.0020503608975559473,
                0.1171877533197403,
                -0.15807360410690308,
                0.10546032339334488,
                0.1536705493927002,
                0.06366629153490067,
                0.1285397708415985,
                0.14366470277309418,
                0.058531612157821655,
                -0.04170355200767517,
                0.019571229815483093,
                -0.2071961760520935,
                -0.040391214191913605,
                0.05963832512497902,
                -0.09608317166566849,
                0.0859464704990387,
                0.0021557314321398735
            ]
        ]
    },
    "hand": {
        "hand_count": 1,
        "hand_landmarks": [
            [
                {
                    "x": 0.386601984500885,
                    "y": 0.669789731502533,
                    "z": 5.051075504525215e-07,
                    "visibility": 0.0
                },
                {
                    "x": 0.4048119783401489,
                    "y": 0.623293399810791,
                    "z": 0.0010269201593473554,
                    "visibility": 0.0
                },
                {
                    "x": 0.3566466271877289,
                    "y": 0.5681926608085632,
                    "z": 0.0015138558810576797,
                    "visibility": 0.0
                },
                {
                    "x": 0.32107090950012207,
                    "y": 0.5333243012428284,
                    "z": -0.0031270813196897507,
                    "visibility": 0.0
                },
                {
                    "x": 0.2886056900024414,
                    "y": 0.5020702481269836,
                    "z": -0.006856818683445454,
                    "visibility": 0.0
                },
                {
                    "x": 0.2608475089073181,
                    "y": 0.5543448328971863,
                    "z": 0.005496942438185215,
                    "visibility": 0.0
                },
                {
                    "x": 0.2152189314365387,
                    "y": 0.48601049184799194,
                    "z": -0.02308816649019718,
                    "visibility": 0.0
                },
                {
                    "x": 0.23070378601551056,
                    "y": 0.4273867607116699,
                    "z": -0.046125274151563644,
                    "visibility": 0.0
                },
                {
                    "x": 0.26142388582229614,
                    "y": 0.3903043568134308,
                    "z": -0.057691022753715515,
                    "visibility": 0.0
                },
                {
                    "x": 0.25179052352905273,
                    "y": 0.5611745119094849,
                    "z": -0.009426794946193695,
                    "visibility": 0.0
                },
                {
                    "x": 0.2014918029308319,
                    "y": 0.48646241426467896,
                    "z": -0.033391322940588,
                    "visibility": 0.0
                },
                {
                    "x": 0.22470253705978394,
                    "y": 0.4235802888870239,
                    "z": -0.05220447853207588,
                    "visibility": 0.0
                },
                {
                    "x": 0.25958606600761414,
                    "y": 0.3832578659057617,
                    "z": -0.062063273042440414,
                    "visibility": 0.0
                },
                {
                    "x": 0.2501532733440399,
                    "y": 0.5641688108444214,
                    "z": -0.027342842891812325,