{
    "face": {
        "face_count": 1,
        "face_embeddings": [
            [
                -0.14818283915519714,
                0.031178023666143417,
                0.0718475952744484,
                -0.08818599581718445,
                -0.17871376872062683,
                -0.045781876891851425,
                -0.12595506012439728,
                -0.10360851883888245,
                0.14670312404632568,
                -0.19098776578903198,
                0.18322338163852692,
                -0.051068201661109924,
                -0.14080727100372314,
                -0.012615812011063099,
                -0.06750030070543289,
                0.21342656016349792,
                -0.19281704723834991,
                -0.126262366771698,
                -0.0061333198100328445,
                0.012564187869429588,
                0.0826101005077362,
                0.06692980974912643,
                -0.004833459388464689,
                0.04207247495651245,
                -0.16458648443222046,
                -0.3237040638923645,
                -0.11856482923030853,
                -0.04733885079622269,
                -0.08823198080062866,
                -0.06919495761394501,
                -0.05686722695827484,
                0.057480115443468094,
                -0.1205754205584526,
                -0.009062347933650017,
                0.040686871856451035,
                0.17030952870845795,
                0.024628739804029465,
                -0.03474210202693939,
                0.11139065772294998,
                0.002403782680630684,
                -0.3427498936653137,
                0.059855397790670395,
                0.12057537585496902,
                0.23008963465690613,
                0.17722642421722412,
                -0.03163544461131096,
                -0.0005645789206027985,
                -0.17538714408874512,
                0.14575432240962982,
                -0.1431204229593277,
                0.01294177770614624,
                0.13412979245185852,
                0.062249425798654556,
                0.039458610117435455,
                0.05188141018152237,
                -0.054593220353126526,
                0.03847566246986389,
                0.1441604048013687,
                -0.10793770849704742,
                0.005163399502635002,
                0.1429639458656311,
                -0.06404560059309006,
                0.016748912632465363,
                -0.10850056260824203,
                0.13852789998054504,
                0.08766784518957138,
                -0.11171168833971024,
                -0.24099498987197876,
                0.08548717200756073,
                -0.17319345474243164,
                -0.17015086114406586,
                0.0866183266043663,
                -0.1561012715101242,
                -0.21141451597213745,
                -0.33994388580322266,
                -0.057073116302490234,
                0.37042978405952454,
                0.12113968282938004,
                -0.1889953464269638,
                0.08050969243049622,
                0.00724793178960681,
                -0.047613803297281265,
                0.11708249896764755,
                0.23837359249591827,
                0.05978841334581375,
                0.08656127750873566,
                -0.06413411349058151,
                0.028297550976276398,
                0.2520221769809723,
                -0.06460228562355042,
                0.03372574970126152,
                0.20357422530651093,
                0.03965642303228378,
                0.07201886177062988,
                0.025210430845618248,
                0.07758565992116928,
                -0.10453449189662933,
                0.04131852090358734,
                -0.15530844032764435,
                -0.018672708421945572,
                -0.012138690799474716,
                -0.022764425724744797,
                -0.014151697047054768,
                0.10654424875974655,
                -0.1541031301021576,
                0.19011330604553223,
                -0.015101642347872257,
                0.010455192998051643,
                -0.021251143887639046,
                0.03820796683430672,
                -0.03216897323727608,
                -0.04612385854125023,
                0.1343851089477539,
                -0.17757785320281982,
                0.13495345413684845,
                0.17883490025997162,
                0.05206869915127754,
                0.1148669496178627,
                0.12301525473594666,
                0.10573398321866989,
                -0.038488954305648804,
                0.009175211191177368,
                -0.18769235908985138,
                -0.010312020778656006,
                0.028862403705716133,
                -0.07974765449762344,
                0.08270428329706192,
                0.02015606313943863
            ]
        ]
    },
    "hand": {
        "hand_count": 0,
        "hand_landmarks": []
    },
    "body": {
        "landmark_count": 33,
        "landmarks": [
            {
                "x": 0.48641616106033325,
                "y": 0.42395269870758057,
                "z": -2.1551411151885986,
                "visibility": 0.9996459484100342
            },
            {
                "x": 0.5614346861839294,
                "y": 0.35868144035339355,
                "z": -2.001481771469116,
                "visibility": 0.9992827773094177
            },
            {
                "x": 0.5976536273956299,
                "y": 0.3624986410140991,
                "z": -2.002781391143799,
                "visibility": 0.9992227554321289
            },
            {
                "x": 0.6285533308982849,
                "y": 0.36731207370758057,
                "z": -2.0035791397094727,
                "visibility": 0.9991118311882019
            },
            {
                "x": 0.43333566188812256,
                "y": 0.3488953113555908,
                "z": -2.0141098499298096,
                "visibility": 0.9993197917938232
            },
            {
                "x": 0.3890162706375122,
                "y": 0.34785568714141846,
                "z": -2.013223648071289,
                "visibility": 0.9993889331817627
            },
            {
                "x": 0.3554636240005493,
                "y": 0.34858715534210205,
                "z": -2.014342784881592,
                "visibility": 0.9993994235992432
            },
            {
                "x": 0.6838456392288208,
                "y": 0.4169299602508545,
                "z": -1.120430588722229,
                "visibility": 0.9989988207817078
            },
            {
                "x": 0.3197873830795288,
                "y": 0.3876734972000122,
                "z": -1.1481364965438843,
                "visibility": 0.9995809197425842
            },
            {
                "x": 0.5565714836120605,
                "y": 0.5190615653991699,
                "z": -1.832524061203003,
                "visibility": 0.9997478127479553
            },
            {
                "x": 0.4092189073562622,
                "y": 0.5026810169219971,
                "z": -1.8427588939666748,
                "visibility": 0.999817430973053
            },
            {
                "x": 0.864988386631012,
                "y": 0.8244914412498474,
                "z": -0.6045019030570984,
                "visibility": 0.9919799566268921
            },
            {
                "x": 0.06074213981628418,
                "y": 0.8241435885429382,
                "z": -0.734484076499939,
                "visibility": 0.9949125051498413
            },
            {
                "x": 1.033227562904358,
                "y": 1.3051278591156006,
                "z": -0.49651506543159485,
                "visibility": 0.1021338701248169
            },
            {
                "x": -0.19242486357688904,
                "y": 1.2586909532546997,