{
    "face": {
        "face_count": 1,
        "face_embeddings": [
            [
                -0.07647670060396194,
                0.02585342712700367,
                0.028721032664179802,
                -0.08180802315473557,
                -0.13629814982414246,
                -0.071385458111763,
                -0.07447223365306854,
                -0.05725821480154991,
                0.14008086919784546,
                -0.12773121893405914,
                0.19134657084941864,
                -0.06756389141082764,
                -0.1393783986568451,
                -0.03662353381514549,
                -0.07472392916679382,
                0.1989118903875351,
                -0.18330158293247223,
                -0.1580856889486313,
                -0.04372289031744003,
                -0.0026863617822527885,
                0.10801639407873154,
                0.09494584798812866,
                -0.04595703259110451,
                0.05817886069417,
                -0.2078995257616043,
                -0.3302128314971924,
                -0.0688595175743103,
                -0.05308055877685547,
                -0.044974591583013535,
                -0.06320393085479736,
                -0.03229907900094986,
                0.13317681849002838,
                -0.15450173616409302,
                0.00898186769336462,
                0.07731971889734268,
                0.14718961715698242,
                0.025472944602370262,
                -0.08001139760017395,
                0.1041233018040657,
                0.019105195999145508,
                -0.33197087049484253,
                0.035019420087337494,
                0.0723336786031723,
                0.24047820270061493,
                0.17933639883995056,
                -0.04261801019310951,
                0.024611925706267357,
                -0.1354331225156784,
                0.13719360530376434,
                -0.15459078550338745,
                -0.007629545405507088,
                0.1538168489933014,
                0.04456404596567154,
                0.08121519535779953,
                0.01710433140397072,
                -0.09373638778924942,
                0.0462774857878685,
                0.10949471592903137,
                -0.0974515825510025,
                -0.060118094086647034,
                0.08843707293272018,
                -0.05855448171496391,
                0.03624962642788887,
                -0.11938358098268509,
                0.13824284076690674,
                0.01258072629570961,
                -0.12065746635198593,
                -0.18445360660552979,
                0.10571043193340302,
                -0.18917019665241241,
                -0.12815909087657928,
                0.07470977306365967,
                -0.15940386056900024,
                -0.1902250200510025,
                -0.33303210139274597,
                -0.04499842971563339,
                0.32706886529922485,
                0.13077794015407562,
                -0.1743578016757965,
                0.11161243915557861,
                0.011026104912161827,
                0.030913956463336945,
                0.1237330436706543,
                0.20072206854820251,
                0.03367738425731659,
                0.12164075672626495,
                -0.07011649012565613,
                0.04831350967288017,
                0.2829545736312866,
                -0.05729552358388901,
                -0.0010137363569810987,
                0.22533780336380005,
                0.0070193675346672535,
                0.08397984504699707,
                0.03470288962125778,
                0.024685518816113472,
                -0.03339323773980141,
                0.042130567133426666,
                -0.07844153046607971,
                0.06424008309841156,
                0.01244922075420618,
                -0.0016617048531770706,
                -0.026237232610583305,
                0.13541127741336823,
                -0.12287190556526184,
                0.1642632931470871,
                -0.007641543634235859,
                0.07696875929832458,
                -0.013773031532764435,
                0.03612557053565979,
                -0.044345270842313766,
                -0.07483617961406708,
                0.10368922352790833,
                -0.18245026469230652,
                0.14970189332962036,
                0.16768239438533783,
                0.06709714978933334,
                0.10359979420900345,
                0.1081170067191124,
                0.056121814996004105,
                -0.040327347815036774,
                -0.039003875106573105,
                -0.22463291883468628,
                0.0010683319997042418,
                0.0775436982512474,
                -0.07261829078197479,
                0.04963236302137375,
                0.003112553618848324
            ]
        ]
    },
    "hand": {
        "hand_count": 0,
        "hand_landmarks": []
    },
    "body": {
        "landmark_count": 33,
        "landmarks": [
            {
                "x": 0.5668106079101562,
                "y": 0.22199797630310059,
                "z": -1.4141229391098022,
                "visibility": 0.9979598522186279
            },
            {
                "x": 0.6497067809104919,
                "y": 0.12975335121154785,
                "z": -1.3547157049179077,
                "visibility": 0.9957281947135925
            },
            {
                "x": 0.6891613006591797,
                "y": 0.12974953651428223,
                "z": -1.3543850183486938,
                "visibility": 0.9947992563247681
            },
            {
                "x": 0.7263779640197754,
                "y": 0.12956595420837402,
                "z": -1.354514479637146,
                "visibility": 0.9930376410484314
            },
            {
                "x": 0.5148472785949707,
                "y": 0.1222379207611084,
                "z": -1.369523286819458,
                "visibility": 0.9977813363075256
            },
            {
                "x": 0.47103843092918396,
                "y": 0.1186150312423706,
                "z": -1.3687154054641724,
                "visibility": 0.9980596899986267
            },
            {
                "x": 0.4337286055088043,
                "y": 0.115607850253582,
                "z": -1.3693476915359497,
                "visibility": 0.9983447790145874
            },
            {
                "x": 0.7798018455505371,
                "y": 0.14965295791625977,
                "z": -0.8501307368278503,
                "visibility": 0.9920211434364319
            },
            {
                "x": 0.3885846436023712,
                "y": 0.12862765789031982,
                "z": -0.9013484120368958,
                "visibility": 0.9989996552467346
            },
            {
                "x": 0.6259317994117737,
                "y": 0.3126133680343628,
                "z": -1.2173510789871216,
                "visibility": 0.9975113868713379
            },
            {
                "x": 0.48307767510414124,
                "y": 0.29713714122772217,
                "z": -1.229048728942871,
                "visibility": 0.9992759823799133
            },
            {
                "x": 0.8179429769515991,
                "y": 0.4620579481124878,
                "z": -0.3988511264324188,
                "visibility": 0.9724701046943665
            },
            {
                "x": 0.17296776175498962,
                "y": 0.47563016414642334,
                "z": -0.6837764978408813,
                "visibility": 0.9978895783424377
            },
            {
                "x": 0.8222262263298035,
                "y": 0.80230712890625,
                "z": 0.324451744556427,
                "visibility": 0.06668881326913834
            },
            {
                "x": -0.09124329686164856,
                "y": 0.9259348511695862,