{
    "face": {
        "face_count": 1,
        "face_embeddings": [
            [
                -0.11796458810567856,
                0.12083993852138519,
                -0.01318191085010767,
                -0.0997309684753418,
                -0.05901644006371498,
                -0.0684344470500946,
                -0.08690451085567474,
                -0.14596183598041534,
                0.1482795774936676,
                -0.12362649291753769,
                0.21995875239372253,
                -0.0996672511100769,
                -0.17410355806350708,
                -0.0087727140635252,
                -0.044618554413318634,
                0.14220282435417175,
                -0.14962230622768402,
                -0.13347077369689941,
                0.023012548685073853,
                0.045231323689222336,
                0.1254155933856964,
                0.0004031335702165961,
                -0.036626480519771576,
                0.09755971282720566,
                -0.1407105028629303,
                -0.3104960322380066,
                -0.1748816817998886,
                -0.08955558389425278,
                0.039100099354982376,
                -0.025081492960453033,
                -0.007111713290214539,
                0.006443665828555822,
                -0.1674562394618988,
                -0.03842710703611374,
                0.07357820123434067,
                0.0849471464753151,
                0.024298833683133125,
                -0.08019697666168213,
                0.2379375398159027,
                -0.02295803278684616,
                -0.26652687788009644,
                0.07468914240598679,
                0.10646280646324158,
                0.2509673833847046,
                0.12023761123418808,
                0.03703239932656288,
                0.03807809576392174,
                -0.18932828307151794,
                0.15193398296833038,
                -0.10555101186037064,
                0.05917409062385559,
                0.1680270880460739,
                0.07936745882034302,
                0.09031388908624649,
                -0.005757838487625122,
                -0.11351054161787033,
                0.08727847039699554,
                0.12597544491291046,
                -0.25324276089668274,
                0.03478050231933594,
                0.12882570922374725,
                -0.02825245074927807,
                0.022896114736795425,
                -0.05331874266266823,
                0.19142219424247742,
                0.04830588772892952,
                -0.14852041006088257,
                -0.1790536493062973,
                0.14401309192180634,
                -0.17534269392490387,
                -0.05621274188160896,
                0.09271588921546936,
                -0.160661518573761,
                -0.24866077303886414,
                -0.2946249544620514,
                0.06183142960071564,
                0.38877567648887634,
                0.18685176968574524,
                -0.13122117519378662,
                0.1416313499212265,
                -0.022160040214657784,
                -0.0691794604063034,
                0.12030936032533646,
                0.16981306672096252,
                0.020439865067601204,
                0.011246368288993835,
                -0.029312238097190857,
                0.04327318072319031,
                0.28815120458602905,
                -0.03236652910709381,
                0.0018224867526441813,
                0.2201234996318817,
                0.0008284896612167358,
                0.07178138196468353,
                -0.01604495756328106,
                0.0999092385172844,
                -0.10350799560546875,
                -0.0036939717829227448,
                -0.11135170608758926,
                0.03183824568986893,
                -0.013194677419960499,
                0.011477131396532059,
                -0.007941942662000656,
                0.146856427192688,
                -0.21219128370285034,
                0.1595965027809143,
                0.01950661465525627,
                -0.044617362320423126,
                -0.06711527705192566,
                0.048774950206279755,
                -0.07302389293909073,
                -0.05287843570113182,
                0.10282811522483826,
                -0.2411659210920334,
                0.21671491861343384,
                0.1398530900478363,
                0.10242237150669098,
                0.11443648487329483,
                0.12841959297657013,
                0.04495947062969208,
                0.06045787036418915,
                -0.058513153344392776,
                -0.21178390085697174,
                -0.07026281207799911,
                0.1025543287396431,
                -0.012112412601709366,
                0.12715117633342743,
                -0.0015413044020533562
            ]
        ]
    },
    "hand": {
        "hand_count": 1,
        "hand_landmarks": [
            [
                {
                    "x": 0.8437696695327759,
                    "y": 0.4344322085380554,
                    "z": -4.716918056146824e-07,
                    "visibility": 0.0
                },
                {
                    "x": 0.7655301094055176,
                    "y": 0.4541269540786743,
                    "z": 0.006905779242515564,
                    "visibility": 0.0
                },
                {
                    "x": 0.6768310070037842,
                    "y": 0.4453149437904358,
                    "z": 0.017816754058003426,
                    "visibility": 0.0
                },
                {
                    "x": 0.608576774597168,
                    "y": 0.4476822018623352,
                    "z": 0.017699187621474266,
                    "visibility": 0.0
                },
                {
                    "x": 0.5626251101493835,
                    "y": 0.457370400428772,
                    "z": 0.018522998318076134,
                    "visibility": 0.0
                },
                {
                    "x": 0.6946050524711609,
                    "y": 0.3476943373680115,
                    "z": 0.07652612030506134,
                    "visibility": 0.0
                },
                {
                    "x": 0.6475803852081299,
                    "y": 0.3177794814109802,
                    "z": 0.07691657543182373,
                    "visibility": 0.0
                },
                {
                    "x": 0.6199870705604553,
                    "y": 0.3233679533004761,
                    "z": 0.06417622417211533,
                    "visibility": 0.0
                },
                {
                    "x": 0.6076895594596863,
                    "y": 0.33453160524368286,
                    "z": 0.054397936910390854,
                    "visibility": 0.0
                },
                {
                    "x": 0.7052261829376221,
                    "y": 0.32256579399108887,
                    "z": 0.060311105102300644,
                    "visibility": 0.0
                },
                {
                    "x": 0.6404602527618408,
                    "y": 0.2792605459690094,
                    "z": 0.055134981870651245,
                    "visibility": 0.0
                },
                {
                    "x": 0.6021476984024048,
                    "y": 0.2973012626171112,
                    "z": 0.03682594373822212,
                    "visibility": 0.0
                },
                {
                    "x": 0.5943360924720764,
                    "y": 0.32761260867118835,
                    "z": 0.026875609531998634,
                    "visibility": 0.0
                },
                {
                    "x": 0.7218937277793884,
                    "y": 0.30190330743789673,
                    "z": 0.03729676082730293,