{
    "face": {
        "face_count": 1,
        "face_embeddings": [
            [
                -0.07045264542102814,
                0.08741527795791626,
                0.0017000725492835045,
                -0.07159104943275452,
                -0.06448785960674286,
                -0.04007642716169357,
                -0.12591467797756195,
                -0.10846757888793945,
                0.12953759729862213,
                -0.06910062581300735,
                0.1791447401046753,
                -0.030523646622896194,
                -0.2099570631980896,
                -0.11946100741624832,
                -0.04976320266723633,
                0.18967820703983307,
                -0.16169582307338715,
                -0.16956745088100433,
                0.023523889482021332,
                0.016662651672959328,
                0.06420324742794037,
                0.08299770951271057,
                0.007437059655785561,
                0.0716504454612732,
                -0.1692858636379242,
                -0.2798187732696533,
                -0.1274832785129547,
                -0.07985393702983856,
                -0.056949716061353683,
                -0.0443672239780426,
                -0.05375232547521591,
                0.024784019216895103,
                -0.21146926283836365,
                -0.05148717388510704,
                0.12001349031925201,
                0.1258358657360077,
                0.03049648553133011,
                -0.07187894731760025,
                0.15697599947452545,
                0.019687190651893616,
                -0.24305589497089386,
                0.0680951476097107,
                0.07818164676427841,
                0.2885534167289734,
                0.2068052440881729,
                0.040800102055072784,
                -0.01952718384563923,
                -0.1953989416360855,
                0.1114576905965805,
                -0.10465870052576065,
                0.09322936087846756,
                0.16724815964698792,
                0.044091422110795975,
                0.046959854662418365,
                -0.0117943761870265,
                -0.11405333131551743,
                0.08129905164241791,
                0.1618918925523758,
                -0.2117484211921692,
                -0.041152141988277435,
                0.0807226225733757,
                -0.03441156446933746,
                0.02364000678062439,
                -0.06214328110218048,
                0.19513466954231262,
                0.009734060615301132,
                -0.12035176903009415,
                -0.21456614136695862,
                0.0962400883436203,
                -0.17752958834171295,
                -0.07716362923383713,
                0.11908133327960968,
                -0.16184726357460022,
                -0.2230144739151001,
                -0.34737029671669006,
                0.024002891033887863,
                0.3184913992881775,
                0.16577869653701782,
                -0.20364636182785034,
                0.12637829780578613,
                0.012164438143372536,
                -0.009985296055674553,
                0.14744798839092255,
                0.15597008168697357,
                0.022473091259598732,
                0.05910097807645798,
                -0.08914779126644135,
                0.026085617020726204,
                0.27656346559524536,
                -0.02460429072380066,
                -0.027188243344426155,
                0.23749502003192902,
                -0.0038916943594813347,
                0.013648120686411858,
                0.05781739577651024,
                0.04776247590780258,
                -0.0446646586060524,
                0.019086025655269623,
                -0.15852013230323792,
                -0.04665812849998474,
                0.04385405778884888,
                0.02544514834880829,
                -0.004894712008535862,
                0.16367793083190918,
                -0.18319959938526154,
                0.10583163797855377,
                0.015825916081666946,
                -0.02880171500146389,
                -0.039740920066833496,
                -0.05178508162498474,
                -0.08507192134857178,
                -0.06555463373661041,
                0.1475335657596588,
                -0.24641355872154236,
                0.20852239429950714,
                0.12602350115776062,
                0.09717618674039841,
                0.10690847039222717,
                0.11266053467988968,
                0.06561341136693954,
                -0.04406247287988663,
                -0.08973993360996246,
                -0.19960103929042816,
                -0.019727172330021858,
                0.13267219066619873,
                -0.03036796860396862,
                0.21795448660850525,
                -0.0019114427268505096
            ]
        ]
    },
    "hand": {
        "hand_count": 0,
        "hand_landmarks": []
    },
    "body": {
        "landmark_count": 33,
        "landmarks": [
            {
                "x": 0.4624309539794922,
                "y": 0.43883705139160156,
                "z": -1.4392151832580566,
                "visibility": 0.9975407123565674
            },
            {
                "x": 0.5172337293624878,
                "y": 0.36129748821258545,
                "z": -1.3640731573104858,
                "visibility": 0.9949082732200623
            },
            {
                "x": 0.5442889928817749,
                "y": 0.3653676509857178,
                "z": -1.3646296262741089,
                "visibility": 0.9954119324684143
            },
            {
                "x": 0.5677130818367004,
                "y": 0.37253618240356445,
                "z": -1.3647432327270508,
                "visibility": 0.9936307072639465
            },
            {
                "x": 0.44189590215682983,
                "y": 0.35833775997161865,
                "z": -1.3472495079040527,
                "visibility": 0.995863676071167
            },
            {
                "x": 0.42031317949295044,
                "y": 0.35822853446006775,
                "z": -1.3471099138259888,
                "visibility": 0.9966063499450684
            },
            {
                "x": 0.40262550115585327,
                "y": 0.3590141534805298,
                "z": -1.3480879068374634,
                "visibility": 0.9964612126350403
            },
            {
                "x": 0.6272035837173462,
                "y": 0.4372262954711914,
                "z": -0.8583431243896484,
                "visibility": 0.9950365424156189
            },
            {
                "x": 0.40618616342544556,
                "y": 0.40829968452453613,
                "z": -0.7715927362442017,
                "visibility": 0.9968403577804565
            },
            {
                "x": 0.5231220126152039,
                "y": 0.5454057455062866,
                "z": -1.2457103729248047,
                "visibility": 0.9972133040428162
            },
            {
                "x": 0.43449726700782776,
                "y": 0.5388690233230591,
                "z": -1.2223074436187744,
                "visibility": 0.9985573887825012
            },
            {
                "x": 0.8177876472473145,
                "y": 0.9574868679046631,
                "z": -0.5632700324058533,
                "visibility": 0.9317984580993652
            },
            {
                "x": 0.23475925624370575,
                "y": 0.9087704420089722,
                "z": -0.43887391686439514,
                "visibility": 0.9775789380073547
            },
            {
                "x": 0.9311583638191223,
                "y": 1.489689826965332,
                "z": -0.794661819934845,
                "visibility": 0.10188696533441544
            },
            {
                "x": 0.12427207827568054,
                "y": 1.4677345752716064,