{
    "face": {
        "face_count": 1,
        "face_embeddings": [
            [
                -0.05823151767253876,
                0.0692848339676857,
                0.031730495393276215,
                -0.062215834856033325,
                -0.07913526147603989,
                -0.017694462090730667,
                -0.116839699447155,
                -0.1325296014547348,
                0.14245276153087616,
                -0.09502915292978287,
                0.21589861810207367,
                0.009132694453001022,
                -0.1494709849357605,
                -0.07128047943115234,
                -0.0177592933177948,
                0.14387302100658417,
                -0.18011334538459778,
                -0.20484846830368042,
                -0.011368787847459316,
                0.009778028354048729,
                0.019188519567251205,
                0.04282228276133537,
                0.043596211820840836,
                0.05008339881896973,
                -0.2359674572944641,
                -0.3403731882572174,
                -0.1128409206867218,
                -0.08529448509216309,
                -0.008479977957904339,
                -0.04000572860240936,
                -0.01344387698918581,
                0.008120458573102951,
                -0.22746609151363373,
                0.01697903499007225,
                0.10845375061035156,
                0.1373778134584427,
                0.05582549795508385,
                -0.0783119648694992,
                0.14887382090091705,
                0.02731361985206604,
                -0.2816368043422699,
                0.10991914570331573,
                0.08715447038412094,
                0.2796293795108795,
                0.22039100527763367,
                0.013560976833105087,
                0.0348331443965435,
                -0.17975270748138428,
                0.15505683422088623,
                -0.1342807114124298,
                0.0934733971953392,
                0.1241358295083046,
                0.031380102038383484,
                0.031134899705648422,
                0.03566349297761917,
                -0.09911368042230606,
                0.03769879788160324,
                0.1258905977010727,
                -0.19115802645683289,
                -0.03984507545828819,
                0.08765523135662079,
                0.04274321347475052,
                0.010710062459111214,
                -0.10069452226161957,
                0.21616318821907043,
                0.05085698142647743,
                -0.13346032798290253,
                -0.21930934488773346,
                0.08418403565883636,
                -0.1640671044588089,
                -0.07899337261915207,
                0.1428251415491104,
                -0.16239520907402039,
                -0.19472715258598328,
                -0.31438761949539185,
                0.02789108082652092,
                0.3981205224990845,
                0.15650811791419983,
                -0.15658719837665558,
                0.14363369345664978,
                -0.03178158774971962,
                -0.012976789847016335,
                0.04611203074455261,
                0.13421140611171722,
                0.0038923732936382294,
                0.13276033103466034,
                -0.07647484540939331,
                0.08979205042123795,
                0.30708369612693787,
                -0.0016047507524490356,
                -0.019806375727057457,
                0.2211640477180481,
                -0.028639262542128563,
                0.025383461266756058,
                0.032684311270713806,
                0.05772089585661888,
                -0.11095383763313293,
                0.014136185869574547,
                -0.18179062008857727,
                -0.0929170623421669,
                0.022287406027317047,
                0.1000191941857338,
                0.032618556171655655,
                0.13303984701633453,
                -0.21682608127593994,
                0.1743592619895935,
                -0.01224164105951786,
                -0.03811806067824364,
                -0.013378254137933254,
                0.0012963246554136276,
                -0.035203464329242706,
                -0.021347416564822197,
                0.10911961644887924,
                -0.30555734038352966,
                0.19385798275470734,
                0.10373690724372864,
                0.14064115285873413,
                0.10479377955198288,
                0.09305214881896973,
                -0.0020541921257972717,
                -0.042123496532440186,
                -0.02253844030201435,
                -0.1817905604839325,
                -0.029086865484714508,
                0.06261827051639557,
                -0.05851251259446144,
                0.20247073471546173,
                0.004897796083241701
            ]
        ]
    },
    "hand": {
        "hand_count": 0,
        "hand_landmarks": []
    },
    "body": {
        "landmark_count": 33,
        "landmarks": [
            {
                "x": 0.4427109360694885,
                "y": 0.30699896812438965,
                "z": -2.660749912261963,
                "visibility": 0.9991188645362854
            },
            {
                "x": 0.5072993040084839,
                "y": 0.2563644051551819,
                "z": -2.5717780590057373,
                "visibility": 0.9977814555168152
            },
            {
                "x": 0.5477762222290039,
                "y": 0.2586148977279663,
                "z": -2.5721523761749268,
                "visibility": 0.9977699518203735
            },
            {
                "x": 0.5858494639396667,
                "y": 0.2629098892211914,
                "z": -2.572220802307129,
                "visibility": 0.9964087605476379
            },
            {
                "x": 0.41196995973587036,
                "y": 0.25243258476257324,
                "z": -2.54170560836792,
                "visibility": 0.9984952211380005
            },
            {
                "x": 0.38635194301605225,
                "y": 0.2513456344604492,
                "z": -2.5424413681030273,
                "visibility": 0.9988420605659485
            },
            {
                "x": 0.3606606125831604,
                "y": 0.25054502487182617,
                "z": -2.543415069580078,
                "visibility": 0.9986373782157898
            },
            {
                "x": 0.6669145822525024,
                "y": 0.2992563545703888,
                "z": -1.9373868703842163,
                "visibility": 0.997093915939331
            },
            {
                "x": 0.3726833462715149,
                "y": 0.2760124206542969,
                "z": -1.7800217866897583,
                "visibility": 0.9990515112876892
            },
            {
                "x": 0.5194985866546631,
                "y": 0.37123584747314453,
                "z": -2.4152991771698,
                "visibility": 0.9990893602371216
            },
            {
                "x": 0.40310728549957275,
                "y": 0.3658299446105957,
                "z": -2.372238874435425,
                "visibility": 0.9994661211967468
            },
            {
                "x": 0.9193651676177979,
                "y": 0.6155136227607727,
                "z": -1.394726037979126,
                "visibility": 0.9403548836708069
            },
            {
                "x": 0.15033575892448425,
                "y": 0.6004388928413391,
                "z": -1.2341336011886597,
                "visibility": 0.9873430728912354
            },
            {
                "x": 1.113325595855713,
                "y": 0.9422459602355957,
                "z": -1.3878802061080933,
                "visibility": 0.4955587387084961
            },
            {
                "x": 0.07124748826026917,
                "y": 0.9440439939498901,