{
    "face": {
        "face_count": 1,
        "face_embeddings": [
            [
                -0.05055825039744377,
                0.023741919547319412,
                0.05288892984390259,
                -0.0744309052824974,
                -0.07468283921480179,
                -0.0613870732486248,
                -0.08770298957824707,
                -0.08267316967248917,
                0.18586303293704987,
                -0.09461593627929688,
                0.19032004475593567,
                -0.049601227045059204,
                -0.18581195175647736,
                -0.045805372297763824,
                -0.05056469514966011,
                0.20365887880325317,
                -0.15351970493793488,
                -0.18775898218154907,
                -0.011758146807551384,
                0.015946950763463974,
                0.08155887573957443,
                0.09778701514005661,
                -0.03259822726249695,
                0.04990366846323013,
                -0.15269015729427338,
                -0.30115988850593567,
                -0.1447180211544037,
                -0.07558339834213257,
                0.0062039755284786224,
                -0.07184182107448578,
                -0.04322705790400505,
                0.033853739500045776,
                -0.1953214555978775,
                -0.032977670431137085,
                0.10450640320777893,
                0.11660240590572357,
                0.04499290883541107,
                -0.07763233780860901,
                0.17086584866046906,
                0.0655059888958931,
                -0.32523971796035767,
                0.08830747753381729,
                0.09469924122095108,
                0.2475886046886444,
                0.21862366795539856,
                0.043946702033281326,
                -0.046412393450737,
                -0.19333809614181519,
                0.13697142899036407,
                -0.1304074376821518,
                0.06317979097366333,
                0.1709795594215393,
                0.07380346953868866,
                0.08282493054866791,
                0.022144880145788193,
                -0.10346955806016922,
                0.07571154832839966,
                0.13741792738437653,
                -0.20273438096046448,
                -0.024056918919086456,
                0.15769538283348083,
                -0.0417812317609787,
                0.036822713911533356,
                -0.06336962431669235,
                0.1580951064825058,
                -0.005041151307523251,
                -0.12483105808496475,
                -0.2071712464094162,
                0.10756996273994446,
                -0.18649955093860626,
                -0.12190643697977066,
                0.1022496223449707,
                -0.15509377419948578,
                -0.18625909090042114,
                -0.3510933220386505,
                0.01958440989255905,
                0.37497109174728394,
                0.16140514612197876,
                -0.21214044094085693,
                0.1315871924161911,
                0.015426941215991974,
                0.016444994136691093,
                0.1563466638326645,
                0.15634183585643768,
                0.026753153651952744,
                0.057154588401317596,
                -0.09476836025714874,
                -0.010169322602450848,
                0.25792309641838074,
                -0.005665355361998081,
                0.018328823149204254,
                0.2091056853532791,
                -0.022250905632972717,
                0.10148084163665771,
                0.025493154302239418,
                0.06612497568130493,
                -0.07601334899663925,
                0.015342425554990768,
                -0.17279528081417084,
                -0.04498514533042908,
                -0.005889228545129299,
                0.09251315891742706,
                0.01119962241500616,
                0.1589060127735138,
                -0.14227928221225739,
                0.1638028919696808,
                0.019056443125009537,
                -0.019670091569423676,
                -0.050157517194747925,
                0.027984539046883583,
                -0.04646092653274536,
                -0.03568720817565918,
                0.10964980721473694,
                -0.21519605815410614,
                0.20617569983005524,
                0.11987601220607758,
                0.07835901528596878,
                0.06648578494787216,
                0.1375635266304016,
                0.07387696206569672,
                -0.061600156128406525,
                -0.06336309760808945,
                -0.2420278787612915,
                -0.028866823762655258,
                0.08741039782762527,
                -0.04629923403263092,
                0.17610904574394226,
                0.01005555223673582
            ]
        ]
    },
    "hand": {
        "hand_count": 0,
        "hand_landmarks": []
    },
    "body": {
        "landmark_count": 33,
        "landmarks": [
            {
                "x": 0.47956880927085876,
                "y": 0.3689333200454712,
                "z": -1.698819637298584,
                "visibility": 0.9951488375663757
            },
            {
                "x": 0.5144404768943787,
                "y": 0.2957735061645508,
                "z": -1.5629385709762573,
                "visibility": 0.9926122426986694
            },
            {
                "x": 0.5411326289176941,
                "y": 0.29632413387298584,
                "z": -1.5639930963516235,
                "visibility": 0.9905470013618469
            },
            {
                "x": 0.5647042393684387,
                "y": 0.2991793155670166,
                "z": -1.5640790462493896,
                "visibility": 0.990532398223877
            },
            {
                "x": 0.4310445487499237,
                "y": 0.3077319860458374,
                "z": -1.5927144289016724,
                "visibility": 0.995649516582489
            },
            {
                "x": 0.40044882893562317,
                "y": 0.31607604026794434,
                "z": -1.5930776596069336,
                "visibility": 0.9959762692451477
            },
            {
                "x": 0.3732019066810608,
                "y": 0.32608306407928467,
                "z": -1.5945467948913574,
                "visibility": 0.9972579479217529
            },
            {
                "x": 0.6047264337539673,
                "y": 0.35177528858184814,
                "z": -0.7878664135932922,
                "visibility": 0.9871827363967896
            },
            {
                "x": 0.3417454957962036,
                "y": 0.3826932907104492,
                "z": -0.90422123670578,
                "visibility": 0.9974793791770935
            },
            {
                "x": 0.5372965931892395,
                "y": 0.4627184569835663,
                "z": -1.4088850021362305,
                "visibility": 0.9946284890174866
            },
            {
                "x": 0.4393690824508667,
                "y": 0.4747169315814972,
                "z": -1.4441794157028198,
                "visibility": 0.9979311227798462
            },
            {
                "x": 0.8528609275817871,
                "y": 0.8125152587890625,
                "z": -0.24743780493736267,
                "visibility": 0.8952979445457458
            },
            {
                "x": 0.1273822784423828,
                "y": 0.8209244012832642,
                "z": -0.5935934782028198,
                "visibility": 0.9847619533538818
            },
            {
                "x": 1.062835454940796,
                "y": 1.1813520193099976,
                "z": -0.3101601004600525,
                "visibility": 0.08399224281311035
            },
            {
                "x": -0.09880542755126953,
                "y": 1.2727501392364502,