{
    "face": {
        "face_count": 1,
        "face_embeddings": [
            [
                -0.1238807737827301,
                0.11014768481254578,
                0.032248981297016144,
                -0.09638155996799469,
                -0.12370765209197998,
                -0.029059432446956635,
                -0.12094927579164505,
                -0.1439743936061859,
                0.14515964686870575,
                -0.09746227413415909,
                0.14486940205097198,
                -0.02021123468875885,
                -0.19011029601097107,
                -0.06052688881754875,
                -0.05131155624985695,
                0.1350976824760437,
                -0.15640941262245178,
                -0.1707310527563095,
                0.025388726964592934,
                0.037964433431625366,
                0.10085215419530869,
                0.05035015568137169,
                -0.005641458090394735,
                0.07187139242887497,
                -0.18828406929969788,
                -0.3133186399936676,
                -0.1844097524881363,
                -0.08855774998664856,
                -0.05845775827765465,
                -0.04478583484888077,
                0.018505623564124107,
                -0.052365921437740326,
                -0.18674007058143616,
                -0.02818365953862667,
                0.050570107996463776,
                0.07145726680755615,
                0.049757517874240875,
                -0.07489167898893356,
                0.17422960698604584,
                -0.011452799662947655,
                -0.3078814148902893,
                0.07642590999603271,
                0.11589918285608292,
                0.22774150967597961,
                0.16141259670257568,
                0.04380069673061371,
                0.022924773395061493,
                -0.15717440843582153,
                0.11721345782279968,
                -0.09842178970575333,
                0.042557258158922195,
                0.1840996891260147,
                0.0018269829452037811,
                0.054858528077602386,
                -0.012837889604270458,
                -0.1440802961587906,
                0.07002823799848557,
                0.13080823421478271,
                -0.1620655059814453,
                -0.0096155209466815,
                0.11187665164470673,
                -0.035162556916475296,
                0.004491981118917465,
                -0.010669341310858727,
                0.21009579300880432,
                0.046916306018829346,
                -0.12466166913509369,
                -0.2711409032344818,
                0.11549495160579681,
                -0.1753251999616623,
                -0.11487530171871185,
                0.08630914241075516,
                -0.1891818344593048,
                -0.19798977673053741,
                -0.3187410235404968,
                0.05905367434024811,
                0.3822626769542694,
                0.1623087376356125,
                -0.18548445403575897,
                0.14274129271507263,
                -0.08600285649299622,
                0.033103130757808685,
                0.08629964292049408,
                0.16171298921108246,
                0.022836048156023026,
                0.0809861496090889,
                -0.10110002756118774,
                0.021382104605436325,
                0.25763043761253357,
                -0.021125493571162224,
                0.0005218478618189692,
                0.23756732046604156,
                0.03433895483613014,
                0.08237630873918533,
                0.03542175516486168,
                0.07488510757684708,
                -0.12839531898498535,
                0.03176651895046234,
                -0.14461645483970642,
                -0.02025584504008293,
                0.0982913002371788,
                0.08141601085662842,
                0.04080106317996979,
                0.19536371529102325,
                -0.1913205087184906,
                0.18922971189022064,
                0.002994135720655322,
                -0.030626967549324036,
                -0.0587049163877964,
                0.03728669881820679,
                -0.07246826589107513,
                -0.04172440245747566,
                0.1326967477798462,
                -0.2133914977312088,
                0.23778781294822693,
                0.13314926624298096,
                0.08542531728744507,
                0.11486870050430298,
                0.1903548538684845,
                0.06362784653902054,
                -0.014058343134820461,
                -0.012834486551582813,
                -0.20377688109874725,
                -0.04358512535691261,
                0.0908978059887886,
                -0.057196468114852905,
                0.17145858705043793,
                0.020684678107500076
            ]
        ]
    },
    "hand": {
        "hand_count": 0,
        "hand_landmarks": []
    },
    "body": {
        "landmark_count": 33,
        "landmarks": [
            {
                "x": 0.36931300163269043,
                "y": 0.4459435045719147,
                "z": -4.371546745300293,
                "visibility": 0.9996140599250793
            },
            {
                "x": 0.4369485378265381,
                "y": 0.3538985550403595,
                "z": -4.357812881469727,
                "visibility": 0.9996912479400635
            },
            {
                "x": 0.4853971004486084,
                "y": 0.34601739048957825,
                "z": -4.3579301834106445,
                "visibility": 0.9996706247329712
            },
            {
                "x": 0.5374453663825989,
                "y": 0.34075260162353516,
                "z": -4.359774589538574,
                "visibility": 0.9995667338371277
            },
            {
                "x": 0.3338339328765869,
                "y": 0.36982157826423645,
                "z": -4.219627857208252,
                "visibility": 0.9997578263282776
            },
            {
                "x": 0.3063206672668457,
                "y": 0.3713998794555664,
                "z": -4.220834732055664,
                "visibility": 0.9997552037239075
            },
            {
                "x": 0.27949416637420654,
                "y": 0.3710632622241974,
                "z": -4.221645832061768,
                "visibility": 0.9996961355209351
            },
            {
                "x": 0.6804118156433105,
                "y": 0.356308251619339,
                "z": -3.6644914150238037,
                "visibility": 0.9997032284736633
            },
            {
                "x": 0.35886824131011963,
                "y": 0.3745918571949005,
                "z": -3.06339430809021,
                "visibility": 0.9997654557228088
            },
            {
                "x": 0.4785423278808594,
                "y": 0.5065488219261169,
                "z": -4.064137935638428,
                "visibility": 0.9988781809806824
            },
            {
                "x": 0.37091124057769775,
                "y": 0.5276609659194946,
                "z": -3.8963913917541504,
                "visibility": 0.9989426732063293
            },
            {
                "x": 1.111008882522583,
                "y": 0.6902827024459839,
                "z": -3.110959529876709,
                "visibility": 0.913659930229187
            },
            {
                "x": 0.5387555956840515,
                "y": 0.7318558692932129,
                "z": -1.628377914428711,
                "visibility": 0.9938311576843262
            },
            {
                "x": 1.7118430137634277,
                "y": 0.9019761681556702,
                "z": -3.1307528018951416,
                "visibility": 0.6169939637184143
            },
            {
                "x": 0.6045911908149719,
                "y": 1.0809574127197266,