{
    "face": {
        "face_count": 1,
        "face_embeddings": [
            [
                -0.09275247156620026,
                0.0863947868347168,
                0.06886492669582367,
                -0.03863660991191864,
                -0.15026412904262543,
                0.012882891111075878,
                -0.10299398750066757,
                -0.12622642517089844,
                0.15058641135692596,
                -0.11934943497180939,
                0.22718536853790283,
                0.0004373304545879364,
                -0.16762840747833252,
                -0.09375946968793869,
                -0.051105666905641556,
                0.1778380125761032,
                -0.15442591905593872,
                -0.1799672245979309,
                -0.0009330008178949356,
                0.012262502685189247,
                0.09648445248603821,
                0.025347072631120682,
                0.013599521480500698,
                0.06300335377454758,
                -0.1820201277732849,
                -0.3453180491924286,
                -0.1567154973745346,
                -0.07930346578359604,
                0.024619894102215767,
                -0.021668732166290283,
                -0.06978364288806915,
                -0.008935564197599888,
                -0.17396801710128784,
                -0.029582254588603973,
                0.07241840660572052,
                0.09304128587245941,
                0.014959949068725109,
                -0.06865613162517548,
                0.13617880642414093,
                -0.05262748897075653,
                -0.28005754947662354,
                0.12410609424114227,
                0.06592967361211777,
                0.22487451136112213,
                0.1978023797273636,
                0.05304219573736191,
                0.05453044921159744,
                -0.15852215886116028,
                0.11350569874048233,
                -0.0837717056274414,
                0.11557776480913162,
                0.16123497486114502,
                0.09933178871870041,
                0.06929690390825272,
                0.043194375932216644,
                -0.11210587620735168,
                0.03569918870925903,
                0.15689143538475037,
                -0.13673816621303558,
                -0.030550731346011162,
                0.10054168105125427,
                -0.003042209893465042,
                0.04936349391937256,
                -0.06642508506774902,
                0.13174691796302795,
                0.03408941999077797,
                -0.0969492718577385,
                -0.25752195715904236,
                0.09174907952547073,
                -0.16084879636764526,
                -0.09758666157722473,
                0.11431442946195602,
                -0.21181781589984894,
                -0.19112643599510193,
                -0.34825941920280457,
                0.06631899625062943,
                0.4310985207557678,
                0.20027600228786469,
                -0.17151495814323425,
                0.06600219011306763,
                -0.002168554114177823,
                0.03937744349241257,
                0.09940073639154434,
                0.08787501603364944,
                -0.022525470703840256,
                0.009254858829081059,
                -0.12250233441591263,
                0.0529947355389595,
                0.23253735899925232,
                -0.0279363002628088,
                -0.04203873500227928,
                0.18581607937812805,
                0.0276571623980999,
                0.03515996038913727,
                0.012486033141613007,
                0.09352918714284897,
                -0.06831832230091095,
                0.06976775825023651,
                -0.122951939702034,
                -0.010379252023994923,
                0.04021965712308884,
                0.071477971971035,
                0.021870285272598267,
                0.13390778005123138,
                -0.17488978803157806,
                0.14956262707710266,
                -0.031122319400310516,
                0.006246956996619701,
                -0.06497154384851456,
                0.042017191648483276,
                -0.1308126151561737,
                0.00152690801769495,
                0.11487925797700882,
                -0.24938108026981354,
                0.21183691918849945,
                0.16190561652183533,
                0.10097355395555496,
                0.10455702245235443,
                0.1385887861251831,
                0.03846294805407524,
                -0.03353242576122284,
                -0.07463087886571884,
                -0.1806386411190033,
                -0.06783554702997208,
                0.11535031348466873,
                -0.05482780560851097,
                0.18613168597221375,
                0.032241616398096085
            ]
        ]
    },
    "hand": {
        "hand_count": 0,
        "hand_landmarks": []
    },
    "body": {
        "landmark_count": 33,
        "landmarks": [
            {
                "x": 0.5837522745132446,
                "y": 0.3571169674396515,
                "z": -2.021916627883911,
                "visibility": 0.9993782043457031
            },
            {
                "x": 0.6445887684822083,
                "y": 0.2823714017868042,
                "z": -1.8874071836471558,
                "visibility": 0.998729407787323
            },
            {
                "x": 0.6736980080604553,
                "y": 0.2864640951156616,
                "z": -1.8875346183776855,
                "visibility": 0.9988334774971008
            },
            {
                "x": 0.7026218771934509,
                "y": 0.29222583770751953,
                "z": -1.887948751449585,
                "visibility": 0.9985445737838745
            },
            {
                "x": 0.5327794551849365,
                "y": 0.27286648750305176,
                "z": -1.9556763172149658,
                "visibility": 0.9990746974945068
            },
            {
                "x": 0.4855981469154358,
                "y": 0.2716495990753174,
                "z": -1.9550279378890991,
                "visibility": 0.999291181564331
            },
            {
                "x": 0.44171130657196045,
                "y": 0.2727867364883423,
                "z": -1.9561066627502441,
                "visibility": 0.9990980625152588
            },
            {
                "x": 0.7200925946235657,
                "y": 0.3375253677368164,
                "z": -1.1162375211715698,
                "visibility": 0.9984380602836609
            },
            {
                "x": 0.3631870448589325,
                "y": 0.3080941438674927,
                "z": -1.3929028511047363,
                "visibility": 0.9996703863143921
            },
            {
                "x": 0.6178839802742004,
                "y": 0.45050907135009766,
                "z": -1.7307478189468384,
                "visibility": 0.999518871307373
            },
            {
                "x": 0.4920116066932678,
                "y": 0.4426441192626953,
                "z": -1.811649203300476,
                "visibility": 0.9997780919075012
            },
            {
                "x": 0.8540434837341309,
                "y": 0.7866764068603516,
                "z": -0.4285118281841278,
                "visibility": 0.9977380037307739
            },
            {
                "x": 0.026247650384902954,
                "y": 0.7927998900413513,
                "z": -1.2291499376296997,
                "visibility": 0.9991495609283447
            },
            {
                "x": 0.9483538269996643,
                "y": 1.300248384475708,
                "z": 0.2946922779083252,
                "visibility": 0.08369793742895126
            },
            {
                "x": -0.39675313234329224,
                "y": 1.2509880065917969,