{
    "face": {
        "face_count": 1,
        "face_embeddings": [
            [
                -0.08747192472219467,
                0.09700379520654678,
                0.052007123827934265,
                -0.054718054831027985,
                -0.1202940121293068,
                -0.06043500080704689,
                -0.10226015001535416,
                -0.12400813400745392,
                0.12977272272109985,
                -0.0270557701587677,
                0.19477081298828125,
                -0.043191347271203995,
                -0.22924195230007172,
                -0.042080529034137726,
                -0.04188409447669983,
                0.17997542023658752,
                -0.1719139665365219,
                -0.205351322889328,
                0.008168088272213936,
                0.051122795790433884,
                0.06857848167419434,
                0.03584969416260719,
                -0.020811406895518303,
                0.047568429261446,
                -0.1973394751548767,
                -0.31846529245376587,
                -0.16309961676597595,
                -0.04895232245326042,
                -0.014197057113051414,
                -0.03264453634619713,
                -0.02464950457215309,
                -0.010513737797737122,
                -0.21957574784755707,
                -0.031017566099762917,
                0.10368537157773972,
                0.0829458236694336,
                0.03242792561650276,
                -0.09221602231264114,
                0.17473910748958588,
                0.011313941329717636,
                -0.3118996322154999,
                0.06418601423501968,
                0.1243400126695633,
                0.2580060660839081,
                0.21746984124183655,
                0.07210925221443176,
                0.015769537538290024,
                -0.15625421702861786,
                0.05774373188614845,
                -0.1263607293367386,
                0.09246380627155304,
                0.19006606936454773,
                0.05213606730103493,
                0.07339116930961609,
                -0.01778925210237503,
                -0.17067642509937286,
                0.045736733824014664,
                0.1665019392967224,
                -0.20884385704994202,
                -0.005187253467738628,
                0.13945002853870392,
                -0.028201095759868622,
                0.04029862582683563,
                -0.04648882895708084,
                0.21227937936782837,
                0.03177220746874809,
                -0.12509073317050934,
                -0.22680318355560303,
                0.13359640538692474,
                -0.18832525610923767,
                -0.09257751703262329,
                0.06792697310447693,
                -0.16478459537029266,
                -0.23545502126216888,
                -0.35789763927459717,
                0.04345535486936569,
                0.35010477900505066,
                0.18968582153320312,
                -0.23044121265411377,
                0.11663402616977692,
                -0.019953593611717224,
                0.04013780876994133,
                0.12803824245929718,
                0.11609980463981628,
                0.01963743194937706,
                0.05840328335762024,
                -0.1579529047012329,
                -0.01829163171350956,
                0.2882678806781769,
                -0.02842332050204277,
                0.014548186212778091,
                0.24590268731117249,
                0.012484876438975334,
                0.0038156677037477493,
                0.045658864080905914,
                0.08167849481105804,
                -0.09378665685653687,
                0.017633574083447456,
                -0.1811840683221817,
                -0.05942299962043762,
                0.031376469880342484,
                0.07254469394683838,
                0.027576526626944542,
                0.18967927992343903,
                -0.16164779663085938,
                0.13243134319782257,
                0.02507254108786583,
                -0.02762255072593689,
                -0.08776822686195374,
                0.007527285721153021,
                -0.07043130695819855,
                -0.09236052632331848,
                0.13103727996349335,
                -0.23488563299179077,
                0.22818225622177124,
                0.14208708703517914,
                0.06885986030101776,
                0.10897139459848404,
                0.14996381103992462,
                0.0834975391626358,
                -0.029081329703330994,
                -0.054878488183021545,
                -0.17298799753189087,
                -0.03857740759849548,
                0.07798220217227936,
                -0.03920387849211693,
                0.19966375827789307,
                0.056158922612667084
            ]
        ]
    },
    "hand": {
        "hand_count": 0,
        "hand_landmarks": []
    },
    "body": {
        "landmark_count": 33,
        "landmarks": [
            {
                "x": 0.4931049048900604,
                "y": 0.38068389892578125,
                "z": -1.8369574546813965,
                "visibility": 0.999893307685852
            },
            {
                "x": 0.5565007925033569,
                "y": 0.3189725875854492,
                "z": -1.734521746635437,
                "visibility": 0.9997237324714661
            },
            {
                "x": 0.5876189470291138,
                "y": 0.32162153720855713,
                "z": -1.735181450843811,
                "visibility": 0.9997745156288147
            },
            {
                "x": 0.6157134771347046,
                "y": 0.326371431350708,
                "z": -1.7358142137527466,
                "visibility": 0.9997133612632751
            },
            {
                "x": 0.45621195435523987,
                "y": 0.3146510124206543,
                "z": -1.7239805459976196,
                "visibility": 0.9997109770774841
            },
            {
                "x": 0.42191779613494873,
                "y": 0.31480348110198975,
                "z": -1.7223752737045288,
                "visibility": 0.9997379183769226
            },
            {
                "x": 0.3940982222557068,
                "y": 0.31553900241851807,
                "z": -1.7231372594833374,
                "visibility": 0.9996552467346191
            },
            {
                "x": 0.6553820371627808,
                "y": 0.3631901741027832,
                "z": -1.008483648300171,
                "visibility": 0.9997226595878601
            },
            {
                "x": 0.36970895528793335,
                "y": 0.3381195068359375,
                "z": -0.901400625705719,
                "visibility": 0.9997780919075012
            },
            {
                "x": 0.5514269471168518,
                "y": 0.459600567817688,
                "z": -1.5579127073287964,
                "visibility": 0.9999005794525146
            },
            {
                "x": 0.43341460824012756,
                "y": 0.4498203992843628,
                "z": -1.5304205417633057,
                "visibility": 0.9998881816864014
            },
            {
                "x": 0.8626574873924255,
                "y": 0.7368853688240051,
                "z": -0.5009817481040955,
                "visibility": 0.9990390539169312
            },
            {
                "x": 0.14209964871406555,
                "y": 0.6858195066452026,
                "z": -0.555534303188324,
                "visibility": 0.9988470077514648
            },
            {
                "x": 0.9623313546180725,
                "y": 1.1433948278427124,
                "z": -0.272568941116333,
                "visibility": 0.11047490686178207
            },
            {
                "x": -0.09099578857421875,
                "y": 1.1133193969726562,