{
    "face": {
        "face_count": 1,
        "face_embeddings": [
            [
                -0.06812097132205963,
                0.07483825087547302,
                0.024995360523462296,
                -0.06296335905790329,
                -0.12594550848007202,
                -0.014913912862539291,
                -0.13386330008506775,
                -0.11468440294265747,
                0.14241348206996918,
                -0.07357607781887054,
                0.21007442474365234,
                -0.017528273165225983,
                -0.20353741943836212,
                -0.0822739452123642,
                -0.05119584873318672,
                0.19474026560783386,
                -0.1809912919998169,
                -0.20186613500118256,
                0.002709796652197838,
                0.027062976732850075,
                0.05811793729662895,
                0.08356639742851257,
                0.004992584697902203,
                0.0735679566860199,
                -0.20524366199970245,
                -0.3073273003101349,
                -0.13712625205516815,
                -0.07427353411912918,
                -0.03829587996006012,
                -0.06361588835716248,
                -0.10171426832675934,
                0.019856760278344154,
                -0.223921999335289,
                -0.06524206697940826,
                0.12585176527500153,
                0.13617463409900665,
                0.042936015874147415,
                -0.10269960761070251,
                0.14606882631778717,
                0.009379934519529343,
                -0.25587233901023865,
                0.097193144261837,
                0.11276848614215851,
                0.25246578454971313,
                0.2000395804643631,
                0.0614108107984066,
                -0.0025131050497293472,
                -0.1865968108177185,
                0.09288277477025986,
                -0.08333322405815125,
                0.08555220812559128,
                0.16126230359077454,
                0.0761294737458229,
                0.06704812496900558,
                -0.013393107801675797,
                -0.1832621842622757,
                0.05781703069806099,
                0.1637127846479416,
                -0.1629510521888733,
                -0.06409285217523575,
                0.07255710661411285,
                -0.02446294017136097,
                0.04890367016196251,
                -0.0635446161031723,
                0.23133066296577454,
                0.025005828589200974,
                -0.1018664538860321,
                -0.22031991183757782,
                0.13438239693641663,
                -0.12359748780727386,
                -0.100221648812294,
                0.08100561797618866,
                -0.1994282454252243,
                -0.19456738233566284,
                -0.3372134566307068,
                0.02186468243598938,
                0.3350348472595215,
                0.15095756947994232,
                -0.24093499779701233,
                0.11708599328994751,
                0.003718219930306077,
                0.027847593650221825,
                0.09946689754724503,
                0.15367302298545837,
                0.02323676273226738,
                0.06243215873837471,
                -0.12723307311534882,
                0.039666298776865005,
                0.2643641233444214,
                -0.02197479084134102,
                0.004760149400681257,
                0.20779062807559967,
                0.023524919524788857,
                0.04357915744185448,
                0.07702355086803436,
                0.05444302037358284,
                -0.08865466713905334,
                0.039050787687301636,
                -0.17689403891563416,
                -0.03335418924689293,
                0.02781258523464203,
                0.09950600564479828,
                0.005132258404046297,
                0.20183753967285156,
                -0.1424264907836914,
                0.09502298384904861,
                0.010455125942826271,
                -0.04769682139158249,
                -0.07214369624853134,
                -0.02125685289502144,
                -0.04017307236790657,
                -0.07722014933824539,
                0.11051112413406372,
                -0.2580541968345642,
                0.20784510672092438,
                0.12751489877700806,
                0.07673011720180511,
                0.1276315301656723,
                0.10530959069728851,
                0.0759931206703186,
                -0.04224315658211708,
                -0.05335608497262001,
                -0.23766422271728516,
                -0.02402499131858349,
                0.12509992718696594,
                -0.05908263474702835,
                0.20038704574108124,
                0.036844898015260696
            ]
        ]
    },
    "hand": {
        "hand_count": 0,
        "hand_landmarks": []
    },
    "body": {
        "landmark_count": 33,
        "landmarks": [
            {
                "x": 0.5762401819229126,
                "y": 0.30307602882385254,
                "z": -1.3605427742004395,
                "visibility": 0.9989504814147949
            },
            {
                "x": 0.6028918027877808,
                "y": 0.2414795160293579,
                "z": -1.2412919998168945,
                "visibility": 0.9975047707557678
            },
            {
                "x": 0.6233429908752441,
                "y": 0.24272893369197845,
                "z": -1.2419496774673462,
                "visibility": 0.9976855516433716
            },
            {
                "x": 0.6412758827209473,
                "y": 0.24523544311523438,
                "z": -1.242519736289978,
                "visibility": 0.9975602626800537
            },
            {
                "x": 0.5269117951393127,
                "y": 0.2405109405517578,
                "z": -1.309980869293213,
                "visibility": 0.9979252815246582
            },
            {
                "x": 0.49036526679992676,
                "y": 0.242576465010643,
                "z": -1.3097386360168457,
                "visibility": 0.9982693195343018
            },
            {
                "x": 0.4547368288040161,
                "y": 0.24751770496368408,
                "z": -1.3109595775604248,
                "visibility": 0.9981241822242737
            },
            {
                "x": 0.6446007490158081,
                "y": 0.2850065231323242,
                "z": -0.6358429789543152,
                "visibility": 0.9973800778388977
            },
            {
                "x": 0.370028555393219,
                "y": 0.288006067276001,
                "z": -0.8977392315864563,
                "visibility": 0.9987713694572449
            },
            {
                "x": 0.6017544865608215,
                "y": 0.38029587268829346,
                "z": -1.1365593671798706,
                "visibility": 0.9992651343345642
            },
            {
                "x": 0.5140420198440552,
                "y": 0.38330137729644775,
                "z": -1.2130017280578613,
                "visibility": 0.9995119571685791
            },
            {
                "x": 0.8099008798599243,
                "y": 0.7124859690666199,
                "z": -0.23910091817378998,
                "visibility": 0.996548593044281
            },
            {
                "x": 0.09335297346115112,
                "y": 0.7043164968490601,
                "z": -0.9051793217658997,
                "visibility": 0.9970683455467224
            },
            {
                "x": 1.0243474245071411,
                "y": 1.1615183353424072,
                "z": -0.16684769093990326,
                "visibility": 0.1688927263021469
            },
            {
                "x": -0.059259265661239624,
                "y": 1.250002145767212,