{
    "face": {
        "face_count": 1,
        "face_embeddings": [
            [
                -0.03495728597044945,
                0.043087929487228394,
                -0.02612149529159069,
                -0.058733999729156494,
                -0.15036338567733765,
                0.02839820086956024,
                -0.11783955991268158,
                -0.13282914459705353,
                0.16962245106697083,
                -0.07264275848865509,
                0.19248726963996887,
                0.005191792733967304,
                -0.14721398055553436,
                -0.10390093177556992,
                -0.035304393619298935,
                0.157638281583786,
                -0.14537939429283142,
                -0.19545090198516846,
                0.019031602889299393,
                0.008445968851447105,
                0.0848364531993866,
                0.0588233582675457,
                0.022763065993785858,
                0.08576340973377228,
                -0.1846325695514679,
                -0.32268843054771423,
                -0.1229717805981636,
                -0.09846214950084686,
                0.025370607152581215,
                -0.03784580156207085,
                -0.09553272277116776,
                0.01614421233534813,
                -0.2193315029144287,
                -0.052590012550354004,
                0.089010089635849,
                0.1193310096859932,
                0.012754656374454498,
                -0.06424450874328613,
                0.15649762749671936,
                0.031954891979694366,
                -0.2728807032108307,
                0.07991582155227661,
                0.026907920837402344,
                0.21608072519302368,
                0.18682920932769775,
                0.05573730915784836,
                0.02466941624879837,
                -0.13444072008132935,
                0.11050059646368027,
                -0.10343161225318909,
                0.11306274682283401,
                0.16488994657993317,
                0.07295241951942444,
                0.00591060146689415,
                -0.0034016920253634453,
                -0.13628162443637848,
                -0.009735679253935814,
                0.16231420636177063,
                -0.16567334532737732,
                0.006697432138025761,
                0.06026257574558258,
                0.010692535899579525,
                0.015185329131782055,
                -0.10813355445861816,
                0.18505224585533142,
                0.05741489306092262,
                -0.10701826959848404,
                -0.2343125194311142,
                0.10098568350076675,
                -0.15194325149059296,
                -0.12068697065114975,
                0.10875280201435089,
                -0.1791275292634964,
                -0.20806071162223816,
                -0.3243246078491211,
                0.01201767660677433,
                0.4213337004184723,
                0.13417169451713562,
                -0.21311457455158234,
                0.07384534925222397,
                -0.0009541508625261486,
                -0.009328486397862434,
                0.10411461442708969,
                0.10766815394163132,
                0.02242683805525303,
                0.07924089580774307,
                -0.10889717191457748,
                0.010469933971762657,
                0.26793742179870605,
                -0.013492523692548275,
                -0.04167337715625763,
                0.23586967587471008,
                -0.031741708517074585,
                0.10569725930690765,
                0.03653128445148468,
                0.09177146106958389,
                -0.047466427087783813,
                0.055137865245342255,
                -0.12752443552017212,
                -0.04662084951996803,
                0.03661588206887245,
                0.046767544001340866,
                0.009155049920082092,
                0.149152472615242,
                -0.15763884782791138,
                0.1487399935722351,
                -0.015368211083114147,
                0.028030775487422943,
                -0.04769297316670418,
                0.0011049376334995031,
                -0.12492287904024124,
                -0.031565193086862564,
                0.1669757217168808,
                -0.2507592737674713,
                0.20576579868793488,
                0.13896754384040833,
                0.10054762661457062,
                0.10180500149726868,
                0.12846465408802032,
                0.02245417796075344,
                -0.022402040660381317,
                -0.07553105056285858,
                -0.266641229391098,
                -0.0359840989112854,
                0.09896126389503479,
                -0.09885916113853455,
                0.16177579760551453,
                0.048583559691905975
            ]
        ]
    },
    "hand": {
        "hand_count": 0,
        "hand_landmarks": []
    },
    "body": {
        "landmark_count": 33,
        "landmarks": [
            {
                "x": 0.31398841738700867,
                "y": 0.5896188020706177,
                "z": -1.4557454586029053,
                "visibility": 0.9974736571311951
            },
            {
                "x": 0.3674587607383728,
                "y": 0.49484360218048096,
                "z": -1.616184949874878,
                "visibility": 0.9969321489334106
            },
            {
                "x": 0.4057910144329071,
                "y": 0.48939260840415955,
                "z": -1.6172378063201904,
                "visibility": 0.9961614608764648
            },
            {
                "x": 0.4544451832771301,
                "y": 0.4821328818798065,
                "z": -1.6181527376174927,
                "visibility": 0.9969156980514526
            },
            {
                "x": 0.2996794879436493,
                "y": 0.5009359121322632,
                "z": -1.3162747621536255,
                "visibility": 0.9969428181648254
            },
            {
                "x": 0.28580543398857117,
                "y": 0.5018248558044434,
                "z": -1.3154737949371338,
                "visibility": 0.9962510466575623
            },
            {
                "x": 0.2732371687889099,
                "y": 0.5021555423736572,
                "z": -1.316867470741272,
                "visibility": 0.9969923496246338
            },
            {
                "x": 0.6525014638900757,
                "y": 0.5063432455062866,
                "z": -1.7634692192077637,
                "visibility": 0.9982588887214661
            },
            {
                "x": 0.39135420322418213,
                "y": 0.5281420946121216,
                "z": -0.37617477774620056,
                "visibility": 0.9967082738876343
            },
            {
                "x": 0.4148859679698944,
                "y": 0.6606274843215942,
                "z": -1.4709937572479248,
                "visibility": 0.9975996613502502
            },
            {
                "x": 0.32780152559280396,
                "y": 0.6699150800704956,
                "z": -1.0727062225341797,
                "visibility": 0.9960873126983643
            },
            {
                "x": 1.0815865993499756,
                "y": 0.9294995069503784,
                "z": -1.9798595905303955,
                "visibility": 0.9021605253219604
            },
            {
                "x": 0.4065352976322174,
                "y": 0.96828293800354,
                "z": 0.4674013555049896,
                "visibility": 0.9577600955963135
            },
            {
                "x": 1.4626857042312622,
                "y": 1.4968829154968262,
                "z": -2.1968894004821777,
                "visibility": 0.22593474388122559
            },
            {
                "x": 0.386751651763916,
                "y": 1.4602687358856201,