{
    "face": {
        "face_count": 1,
        "face_embeddings": [
            [
                -0.027962658554315567,
                0.067562036216259,
                0.055809490382671356,
                -0.11453019827604294,
                -0.11052987724542618,
                -0.03572031110525131,
                -0.08118081837892532,
                -0.11685346812009811,
                0.140025332570076,
                -0.11328808963298798,
                0.23844625055789948,
                -0.0407097227871418,
                -0.19107681512832642,
                -0.08256538212299347,
                -0.02909502573311329,
                0.1921905279159546,
                -0.15191639959812164,
                -0.2291141152381897,
                -0.03893956169486046,
                0.03517705202102661,
                0.08856447786092758,
                0.0010337025159969926,
                -0.015927426517009735,
                0.06867923587560654,
                -0.14897897839546204,
                -0.2841568887233734,
                -0.13776670396327972,
                -0.02992965094745159,
                -0.02286628633737564,
                -0.08160903304815292,
                -0.056951072067022324,
                0.01481725089251995,
                -0.2130551040172577,
                -0.038568027317523956,
                0.056547120213508606,
                0.12980765104293823,
                0.05504915863275528,
                -0.1390870064496994,
                0.12783090770244598,
                0.009186284616589546,
                -0.32021769881248474,
                0.13550931215286255,
                0.08943026512861252,
                0.2213786095380783,
                0.14348095655441284,
                0.004116144962608814,
                0.004886733368039131,
                -0.20454435050487518,
                0.10006624460220337,
                -0.14808255434036255,
                0.0523824617266655,
                0.16165655851364136,
                0.01999865472316742,
                0.03204956650733948,
                0.009965461678802967,
                -0.11926797032356262,
                0.07725164294242859,
                0.14941106736660004,
                -0.21174375712871552,
                -0.014747658744454384,
                0.10530970990657806,
                -0.054456304758787155,
                0.00460054911673069,
                -0.14447997510433197,
                0.17363187670707703,
                0.09500011056661606,
                -0.11950657516717911,
                -0.22314418852329254,
                0.077042356133461,
                -0.14221453666687012,
                -0.09575223177671432,
                0.1255137175321579,
                -0.15603435039520264,
                -0.18885591626167297,
                -0.31708624958992004,
                0.01692098379135132,
                0.367103636264801,
                0.12080277502536774,
                -0.22222115099430084,
                0.12175086885690689,
                -0.02430417202413082,
                0.025628261268138885,
                0.13388825953006744,
                0.15376082062721252,
                0.04448641091585159,
                0.10211105644702911,
                -0.13951440155506134,
                0.040180452167987823,
                0.27205008268356323,
                -0.045811936259269714,
                0.02618306316435337,
                0.23978018760681152,
                0.004566339775919914,
                0.04568760097026825,
                0.05578923225402832,
                0.10353419184684753,
                -0.06595132499933243,
                0.019758597016334534,
                -0.17971502244472504,
                -0.006042322143912315,
                0.017157530412077904,
                0.01595616340637207,
                -0.04593592882156372,
                0.08321996033191681,
                -0.13837653398513794,
                0.062451403588056564,
                0.020639125257730484,
                -0.04081924632191658,
                -0.0494970940053463,
                -0.04032684117555618,
                -0.03982158005237579,
                -0.07100555300712585,
                0.10832027345895767,
                -0.27783218026161194,
                0.19172461330890656,
                0.15856176614761353,
                0.07564844191074371,
                0.07703401893377304,
                0.13068224489688873,
                0.08087654411792755,
                -0.05196600407361984,
                -0.10982809960842133,
                -0.17731209099292755,
                -0.008324251510202885,
                0.09162329882383347,
                -0.03718755766749382,
                0.14364515244960785,
                -0.0001137913204729557
            ]
        ]
    },
    "hand": {
        "hand_count": 1,
        "hand_landmarks": [
            [
                {
                    "x": 0.6996182799339294,
                    "y": 1.0009576082229614,
                    "z": -9.245525802725751e-07,
                    "visibility": 0.0
                },
                {
                    "x": 0.6951801180839539,
                    "y": 0.9251456260681152,
                    "z": 0.01595182530581951,
                    "visibility": 0.0
                },
                {
                    "x": 0.6837218999862671,
                    "y": 0.8554440140724182,
                    "z": 0.007265136577188969,
                    "visibility": 0.0
                },
                {
                    "x": 0.6443887948989868,
                    "y": 0.8104563355445862,
                    "z": -0.006184310652315617,
                    "visibility": 0.0
                },
                {
                    "x": 0.6045315861701965,
                    "y": 0.7840721607208252,
                    "z": -0.024730348959565163,
                    "visibility": 0.0
                },
                {
                    "x": 0.7326250076293945,
                    "y": 0.8271649479866028,
                    "z": -0.054136019200086594,
                    "visibility": 0.0
                },
                {
                    "x": 0.6302088499069214,
                    "y": 0.7502306699752808,
                    "z": -0.07363110035657883,
                    "visibility": 0.0
                },
                {
                    "x": 0.5591081976890564,
                    "y": 0.7580633759498596,
                    "z": -0.07203657925128937,
                    "visibility": 0.0
                },
                {
                    "x": 0.5141662955284119,
                    "y": 0.7837886214256287,
                    "z": -0.06745504587888718,
                    "visibility": 0.0
                },
                {
                    "x": 0.729113757610321,
                    "y": 0.847470223903656,
                    "z": -0.07626199722290039,
                    "visibility": 0.0
                },
                {
                    "x": 0.597685694694519,
                    "y": 0.7743772268295288,
                    "z": -0.09877993166446686,
                    "visibility": 0.0
                },
                {
                    "x": 0.5263527035713196,
                    "y": 0.7855152487754822,
                    "z": -0.10157673805952072,
                    "visibility": 0.0
                },
                {
                    "x": 0.48549091815948486,
                    "y": 0.8108910322189331,
                    "z": -0.10418841987848282,
                    "visibility": 0.0
                },
                {
                    "x": 0.7125425934791565,
                    "y": 0.872086226940155,
                    "z": -0.09313826262950897,