{
    "face": {
        "face_count": 1,
        "face_embeddings": [
            [
                -0.003365731332451105,
                0.013883880339562893,
                0.043211400508880615,
                -0.06479906290769577,
                -0.07050222903490067,
                -0.033171799033880234,
                -0.09839293360710144,
                -0.08016110211610794,
                0.18467497825622559,
                -0.10580258071422577,
                0.1758843958377838,
                -0.05124165117740631,
                -0.22168494760990143,
                -0.04792162403464317,
                -0.07899738103151321,
                0.20111790299415588,
                -0.15329721570014954,
                -0.13494572043418884,
                -0.029851680621504784,
                0.03779571130871773,
                0.10314083844423294,
                0.11761537194252014,
                0.015463131479918957,
                0.03217810392379761,
                -0.10575196892023087,
                -0.29482242465019226,
                -0.08695736527442932,
                -0.05095117539167404,
                -0.0731339082121849,
                -0.0997825562953949,
                -0.05405743420124054,
                0.08398517221212387,
                -0.16865035891532898,
                0.003051966428756714,
                0.06307019293308258,
                0.15176965296268463,
                -0.00786089152097702,
                -0.09612677991390228,
                0.10020222514867783,
                0.04368383809924126,
                -0.28762421011924744,
                0.06734514236450195,
                0.01590244472026825,
                0.23716136813163757,
                0.21074940264225006,
                -0.019086360931396484,
                -0.03586263209581375,
                -0.19490042328834534,
                0.09652435779571533,
                -0.1682741492986679,
                -0.01799709163606167,
                0.13837486505508423,
                0.021068694069981575,
                0.06314314156770706,
                0.011719445697963238,
                -0.13075906038284302,
                0.03613276034593582,
                0.12563958764076233,
                -0.13060928881168365,
                -0.05090746283531189,
                0.11433528363704681,
                -0.07443176209926605,
                0.01074098888784647,
                -0.11610767245292664,
                0.15923254191875458,
                -0.0002687982050701976,
                -0.14873310923576355,
                -0.21335050463676453,
                0.054932791739702225,
                -0.16464975476264954,
                -0.0961998999118805,
                0.1168590635061264,
                -0.16333553194999695,
                -0.2181052565574646,
                -0.2951812744140625,
                0.009851116687059402,
                0.3105052709579468,
                0.11173100024461746,
                -0.21036715805530548,
                0.08553148806095123,
                0.011325448751449585,
                0.059126850217580795,
                0.12531860172748566,
                0.18379096686840057,
                0.0749533623456955,
                0.1005106046795845,
                -0.12606817483901978,
                0.013367920182645321,
                0.20567497611045837,
                -0.10003779083490372,
                0.003383640432730317,
                0.23139584064483643,
                -0.031348150223493576,
                0.0949762612581253,
                0.010049612261354923,
                0.026649318635463715,
                -0.046020232141017914,
                0.08383458852767944,
                -0.1871679127216339,
                0.0016759051941335201,
                0.006461771205067635,
                0.043898675590753555,
                -0.010431058704853058,
                0.11106707155704498,
                -0.0499776229262352,
                0.12324631959199905,
                0.0019530093995854259,
                0.0025409641675651073,
                0.0006381603889167309,
                -0.051514632999897,
                -0.0805649608373642,
                -0.06259167194366455,
                0.1361028403043747,
                -0.23437170684337616,
                0.16819804906845093,
                0.13845530152320862,
                0.1239725649356842,
                0.09354223310947418,
                0.10494985431432724,
                0.11245814710855484,
                -0.05713892728090286,
                -0.03209301084280014,
                -0.24726146459579468,
                0.036683451384305954,
                0.08745637536048889,
                0.0022453833371400833,
                0.06924142688512802,
                -0.032662633806467056
            ]
        ]
    },
    "hand": {
        "hand_count": 0,
        "hand_landmarks": []
    },
    "body": {
        "landmark_count": 33,
        "landmarks": [
            {
                "x": 0.4751048684120178,
                "y": 0.4336378574371338,
                "z": -4.03988790512085,
                "visibility": 0.9909896850585938
            },
            {
                "x": 0.5373252630233765,
                "y": 0.27379798889160156,
                "z": -3.8786215782165527,
                "visibility": 0.9901977777481079
            },
            {
                "x": 0.5936001539230347,
                "y": 0.2671208381652832,
                "z": -3.8800220489501953,
                "visibility": 0.988820493221283
            },
            {
                "x": 0.6404948234558105,
                "y": 0.2612802982330322,
                "z": -3.8804612159729004,
                "visibility": 0.9885741472244263
            },
            {
                "x": 0.3637983798980713,
                "y": 0.3001091480255127,
                "z": -3.8724868297576904,
                "visibility": 0.990753173828125
            },
            {
                "x": 0.31244945526123047,
                "y": 0.3146524429321289,
                "z": -3.8726518154144287,
                "visibility": 0.9896089434623718
            },
            {
                "x": 0.26737990975379944,
                "y": 0.32990097999572754,
                "z": -3.874100923538208,
                "visibility": 0.9902804493904114
            },
            {
                "x": 0.7160704731941223,
                "y": 0.2985997200012207,
                "z": -2.498814582824707,
                "visibility": 0.9902645349502563
            },
            {
                "x": 0.23026959598064423,
                "y": 0.3862299919128418,
                "z": -2.4275460243225098,
                "visibility": 0.9909549355506897
            },
            {
                "x": 0.6031132936477661,
                "y": 0.5679409503936768,
                "z": -3.477742910385132,
                "visibility": 0.9862397313117981
            },
            {
                "x": 0.39840176701545715,
                "y": 0.6104683876037598,
                "z": -3.461778163909912,
                "visibility": 0.9876224398612976
            },
            {
                "x": 0.9752681255340576,
                "y": 0.9159745573997498,
                "z": -1.48529851436615,
                "visibility": 0.8729085922241211
            },
            {
                "x": 0.06906929612159729,
                "y": 0.9302772879600525,
                "z": -1.3000643253326416,
                "visibility": 0.8781019449234009
            },
            {
                "x": 1.4343241453170776,
                "y": 1.4681333303451538,
                "z": -1.9580302238464355,
                "visibility": 0.11594361811876297
            },
            {
                "x": -0.23962891101837158,
                "y": 1.6208240985870361,