{
    "face": {
        "face_count": 1,
        "face_embeddings": [
            [
                -0.04270569980144501,
                0.07177706807851791,
                0.05446359142661095,
                -0.09747939556837082,
                -0.07722194492816925,
                -0.016019240021705627,
                -0.06596368551254272,
                -0.07300825417041779,
                0.16788381338119507,
                -0.15144678950309753,
                0.2260238081216812,
                -0.09335711598396301,
                -0.22996845841407776,
                -0.00394873321056366,
                -0.06443539261817932,
                0.22590485215187073,
                -0.2112816870212555,
                -0.1198759377002716,
                -0.05833936855196953,
                -0.021611282601952553,
                0.0775594711303711,
                0.05279736965894699,
                -0.00941595807671547,
                0.06875962018966675,
                -0.08811720460653305,
                -0.32590335607528687,
                -0.07642579823732376,
                -0.0518827848136425,
                -0.10339732468128204,
                -0.1084684357047081,
                -0.03881882503628731,
                0.07113812863826752,
                -0.1607934832572937,
                0.019662603735923767,
                0.028101898729801178,
                0.08314383029937744,
                0.026237713173031807,
                -0.09931296855211258,
                0.16356830298900604,
                -0.013030590489506721,
                -0.28156429529190063,
                0.08228442072868347,
                0.09972372651100159,
                0.20190230011940002,
                0.15388168394565582,
                -0.04789489880204201,
                -0.04880666732788086,
                -0.16805827617645264,
                0.10792393237352371,
                -0.1351853907108307,
                -0.00893382541835308,
                0.151190847158432,
                0.06428056955337524,
                0.05820004642009735,
                0.01015186682343483,
                -0.11337428539991379,
                0.041842781007289886,
                0.1152668371796608,
                -0.12773361802101135,
                -0.06380167603492737,
                0.09204035252332687,
                -0.11689078062772751,
                -0.0032203271985054016,
                -0.11436904966831207,
                0.1582862138748169,
                0.10541414469480515,
                -0.09211695194244385,
                -0.2769315540790558,
                0.07309257984161377,
                -0.17439767718315125,
                -0.13248880207538605,
                0.07386840879917145,
                -0.1370185762643814,
                -0.16920872032642365,
                -0.28253433108329773,
                -0.02969423681497574,
                0.26845264434814453,
                0.08858419209718704,
                -0.24145184457302094,
                0.10148857533931732,
                -0.011157255619764328,
                -0.03684592619538307,
                0.12605047225952148,
                0.21255216002464294,
                0.040619585663080215,
                0.06738103926181793,
                -0.08555401116609573,
                0.00437509547919035,
                0.23247848451137543,
                -0.061360690742731094,
                -0.005839063785970211,
                0.2156844586133957,
                -0.00890146754682064,
                0.04347667098045349,
                0.04164749011397362,
                -0.009618464857339859,
                -0.08221094310283661,
                0.06127183139324188,
                -0.16762053966522217,
                0.017310533672571182,
                -0.040765464305877686,
                -0.009868355467915535,
                -0.08247558772563934,
                0.08863460272550583,
                -0.17087315022945404,
                0.12148188799619675,
                -0.022841960191726685,
                -0.02891426347196102,
                -0.014857659116387367,
                0.010073760524392128,
                -0.03455013781785965,
                -0.05261915922164917,
                0.14004695415496826,
                -0.23790498077869415,
                0.1643163561820984,
                0.14664141833782196,
                0.07610372453927994,
                0.11094458401203156,
                0.0892486721277237,
                0.12461315095424652,
                -0.03155122697353363,
                -0.010423642583191395,
                -0.2577090561389923,
                0.004055439028888941,
                0.09824155271053314,
                -0.037817876785993576,
                0.07144440710544586,
                -0.014513865113258362
            ]
        ]
    },
    "hand": {
        "hand_count": 0,
        "hand_landmarks": []
    },
    "body": {
        "landmark_count": 33,
        "landmarks": [
            {
                "x": 0.5177167057991028,
                "y": 0.33014971017837524,
                "z": -2.861250638961792,
                "visibility": 0.9997151494026184
            },
            {
                "x": 0.5791409015655518,
                "y": 0.26614910364151,
                "z": -2.784135580062866,
                "visibility": 0.999518871307373
            },
            {
                "x": 0.6153706908226013,
                "y": 0.2641105055809021,
                "z": -2.784022569656372,
                "visibility": 0.9993541836738586
            },
            {
                "x": 0.6438708901405334,
                "y": 0.2627096176147461,
                "z": -2.784254312515259,
                "visibility": 0.9993446469306946
            },
            {
                "x": 0.4379666745662689,
                "y": 0.2661716938018799,
                "z": -2.7996702194213867,
                "visibility": 0.9995965361595154
            },
            {
                "x": 0.40222975611686707,
                "y": 0.2666059136390686,
                "z": -2.7996342182159424,
                "visibility": 0.9995085000991821
            },
            {
                "x": 0.37199029326438904,
                "y": 0.268113911151886,
                "z": -2.79999041557312,
                "visibility": 0.9994906187057495
            },
            {
                "x": 0.694439172744751,
                "y": 0.2848295569419861,
                "z": -2.0757508277893066,
                "visibility": 0.9989224672317505
            },
            {
                "x": 0.3288884162902832,
                "y": 0.29813557863235474,
                "z": -2.12206768989563,
                "visibility": 0.9995800852775574
            },
            {
                "x": 0.5868697166442871,
                "y": 0.39002761244773865,
                "z": -2.572579860687256,
                "visibility": 0.9996938705444336
            },
            {
                "x": 0.45424753427505493,
                "y": 0.3954613208770752,
                "z": -2.5860705375671387,
                "visibility": 0.9997590184211731
            },
            {
                "x": 0.8461498618125916,
                "y": 0.5724915266036987,
                "z": -1.426064133644104,
                "visibility": 0.997113823890686
            },
            {
                "x": 0.16456317901611328,
                "y": 0.5916106700897217,
                "z": -1.4825156927108765,
                "visibility": 0.9980827569961548
            },
            {
                "x": 0.8864355087280273,
                "y": 0.8554285168647766,
                "z": -1.1680506467819214,
                "visibility": 0.5463041067123413
            },
            {
                "x": -0.032606035470962524,
                "y": 0.9409167766571045,