{
    "face": {
        "face_count": 1,
        "face_embeddings": [
            [
                -0.012311655096709728,
                0.1329132467508316,
                0.05503442883491516,
                -0.06904757022857666,
                -0.0976751521229744,
                0.0006015119142830372,
                -0.08716079592704773,
                -0.08812689036130905,
                0.15348488092422485,
                -0.12131761759519577,
                0.18400080502033234,
                -0.06506021320819855,
                -0.20643289387226105,
                -0.052089788019657135,
                -0.053659383207559586,
                0.21122917532920837,
                -0.2219105213880539,
                -0.1679306924343109,
                -0.02173301950097084,
                -0.002505101263523102,
                0.08218672126531601,
                0.060086362063884735,
                -0.017820050939917564,
                0.03521561622619629,
                -0.1306806206703186,
                -0.3264906406402588,
                -0.07747641950845718,
                -0.047470055520534515,
                -0.047054849565029144,
                -0.13201795518398285,
                -0.044243331998586655,
                0.1089303269982338,
                -0.16553062200546265,
                0.004726717248558998,
                0.023416535928845406,
                0.10096880793571472,
                -0.012904242612421513,
                -0.11564964801073074,
                0.16473428905010223,
                0.00696964655071497,
                -0.2696358859539032,
                0.1072368249297142,
                0.0811479389667511,
                0.23967592418193817,
                0.20089398324489594,
                -0.07423564791679382,
                0.003701400011777878,
                -0.13490401208400726,
                0.10224968194961548,
                -0.11812254786491394,
                -0.015870340168476105,
                0.1770733892917633,
                0.07033652067184448,
                0.089412160217762,
                -0.022674549371004105,
                -0.1224924772977829,
                0.02009281888604164,
                0.08798883855342865,
                -0.1306094229221344,
                -0.03191501274704933,
                0.11862137168645859,
                -0.09136652201414108,
                0.012764220125973225,
                -0.059460196644067764,
                0.15575090050697327,
                0.05752004683017731,
                -0.08944131433963776,
                -0.22176207602024078,
                0.09415008127689362,
                -0.1604348123073578,
                -0.09910158067941666,
                0.06473413109779358,
                -0.15122535824775696,
                -0.17866963148117065,
                -0.2214524745941162,
                0.003510737791657448,
                0.30475690960884094,
                0.08517751842737198,
                -0.20834113657474518,
                0.10619024187326431,
                0.012467228807508945,
                -0.03904423117637634,
                0.11149155348539352,
                0.2131810486316681,
                0.002320649102330208,
                0.08505070954561234,
                -0.06938393414020538,
                0.07216332107782364,
                0.25548484921455383,
                -0.040045905858278275,
                -0.010496429167687893,
                0.2455446422100067,
                0.02291576936841011,
                0.05214499309659004,
                0.07428815960884094,
                -0.014339657500386238,
                -0.01740804873406887,
                0.06719329208135605,
                -0.15881870687007904,
                0.03045928105711937,
                -0.019866224378347397,
                -0.07076465338468552,
                -0.06626608222723007,
                0.10145574808120728,
                -0.10095804929733276,
                0.1311899572610855,
                0.01938178576529026,
                0.03416962921619415,
                -0.023323960602283478,
                0.013693436048924923,
                -0.07383473217487335,
                -0.05985807254910469,
                0.15856163203716278,
                -0.2151968628168106,
                0.16455404460430145,
                0.14224708080291748,
                0.06676226854324341,
                0.09449295699596405,
                0.12298248708248138,
                0.13198551535606384,
                0.007062502205371857,
                -0.051029350608587265,
                -0.2101355791091919,
                0.01715734414756298,
                0.11189146339893341,
                -0.025046585127711296,
                0.09031039476394653,
                0.00016177818179130554
            ]
        ]
    },
    "hand": {
        "hand_count": 1,
        "hand_landmarks": [
            [
                {
                    "x": 0.3192354738712311,
                    "y": 0.3581373393535614,
                    "z": -1.3859330749710352e-07,
                    "visibility": 0.0
                },
                {
                    "x": 0.23784302175045013,
                    "y": 0.346917986869812,
                    "z": -0.011890425346791744,
                    "visibility": 0.0
                },
                {
                    "x": 0.1872820407152176,
                    "y": 0.30731502175331116,
                    "z": -0.01208435744047165,
                    "visibility": 0.0
                },
                {
                    "x": 0.17064225673675537,
                    "y": 0.2616581320762634,
                    "z": -0.006067941430956125,
                    "visibility": 0.0
                },
                {
                    "x": 0.15481209754943848,
                    "y": 0.22891074419021606,
                    "z": 0.005110305733978748,
                    "visibility": 0.0
                },
                {
                    "x": 0.2410910725593567,
                    "y": 0.2512584924697876,
                    "z": -0.011018854565918446,
                    "visibility": 0.0
                },
                {
                    "x": 0.21306771039962769,
                    "y": 0.20198050141334534,
                    "z": 0.012780264019966125,
                    "visibility": 0.0
                },
                {
                    "x": 0.19843508303165436,
                    "y": 0.19001427292823792,
                    "z": 0.04078364744782448,
                    "visibility": 0.0
                },
                {
                    "x": 0.1892303079366684,
                    "y": 0.1896650642156601,
                    "z": 0.06164595112204552,
                    "visibility": 0.0
                },
                {
                    "x": 0.28932666778564453,
                    "y": 0.24492335319519043,
                    "z": 0.005844146478921175,
                    "visibility": 0.0
                },
                {
                    "x": 0.2519221901893616,
                    "y": 0.20315960049629211,
                    "z": 0.03286265581846237,
                    "visibility": 0.0
                },
                {
                    "x": 0.22939567267894745,
                    "y": 0.20798687636852264,
                    "z": 0.06517022103071213,
                    "visibility": 0.0
                },
                {
                    "x": 0.22252318263053894,
                    "y": 0.21986281871795654,
                    "z": 0.08932676911354065,
                    "visibility": 0.0
                },
                {
                    "x": 0.3264126777648926,
                    "y": 0.24917957186698914,
                    "z": 0.023823367431759834,