{
    "face": {
        "face_count": 1,
        "face_embeddings": [
            [
                -0.05240384489297867,
                0.06029701232910156,
                0.10250776261091232,
                -0.05456773564219475,
                -0.08812613785266876,
                -0.00717776408419013,
                -0.08675934374332428,
                -0.044761158525943756,
                0.15969222784042358,
                -0.16115927696228027,
                0.1979118138551712,
                -0.08254005759954453,
                -0.19367775321006775,
                -0.004658795893192291,
                -0.05341693013906479,
                0.24636846780776978,
                -0.1901087909936905,
                -0.10502812266349792,
                -0.014843388460576534,
                0.029616206884384155,
                0.10258539021015167,
                0.03590739518404007,
                -0.025154005736112595,
                0.04457404091954231,
                -0.10544173419475555,
                -0.3348007798194885,
                -0.1184321790933609,
                -0.020409638062119484,
                -0.09838223457336426,
                -0.0899123027920723,
                -0.06872770935297012,
                0.10135231167078018,
                -0.13961748778820038,
                -0.011920522898435593,
                0.004092967137694359,
                0.12006261944770813,
                0.009398682042956352,
                -0.06955854594707489,
                0.11787767708301544,
                0.057690635323524475,
                -0.28102055191993713,
                0.0771615207195282,
                0.04874420166015625,
                0.23903539776802063,
                0.1795511543750763,
                0.012955784797668457,
                0.009370138868689537,
                -0.11436677724123001,
                0.09387966990470886,
                -0.18816255033016205,
                0.022863682359457016,
                0.12526321411132812,
                0.07692541927099228,
                0.0770721361041069,
                0.006746894214302301,
                -0.1181081160902977,
                0.02546364814043045,
                0.05823088064789772,
                -0.1075611412525177,
                -0.02908564731478691,
                0.10913141816854477,
                -0.10817230492830276,
                0.030849095433950424,
                -0.10438668727874756,
                0.14525200426578522,
                0.09762585163116455,
                -0.08887384831905365,
                -0.23749300837516785,
                0.07559342682361603,
                -0.15242105722427368,
                -0.11996301263570786,
                0.05541403219103813,
                -0.15582901239395142,
                -0.1567312628030777,
                -0.3221326470375061,
                -0.020176395773887634,
                0.3304629623889923,
                0.07948915660381317,
                -0.17914889752864838,
                0.08010700345039368,
                -0.004176530987024307,
                -0.04378340020775795,
                0.0823386013507843,
                0.23491890728473663,
                0.0705910176038742,
                0.08516844362020493,
                -0.05690579116344452,
                0.03190496191382408,
                0.21018247306346893,
                -0.08918558061122894,
                -0.0019959667697548866,
                0.2076064646244049,
                -0.01505749486386776,
                0.0629965141415596,
                0.011876953765749931,
                0.02078528143465519,
                -0.042381733655929565,
                0.08416756242513657,
                -0.1084500104188919,
                0.024642515927553177,
                -0.03258557245135307,
                -0.02349354326725006,
                -0.05045647546648979,
                0.07853000611066818,
                -0.16692736744880676,
                0.17153552174568176,
                -0.034986719489097595,
                0.024799184873700142,
                -0.013710740953683853,
                0.014425630681216717,
                -0.09218993782997131,
                -0.016475098207592964,
                0.14854437112808228,
                -0.223607137799263,
                0.11745535582304001,
                0.18254166841506958,
                0.02652648463845253,
                0.09147029370069504,
                0.09830978512763977,
                0.1465127021074295,
                -0.02047998085618019,
                -0.00637200940400362,
                -0.24165348708629608,
                -0.0013892860151827335,
                0.068808414041996,
                -0.028519192710518837,
                0.04507850855588913,
                0.027966484427452087
            ]
        ]
    },
    "hand": {
        "hand_count": 0,
        "hand_landmarks": []
    },
    "body": {
        "landmark_count": 33,
        "landmarks": [
            {
                "x": 0.6279336810112,
                "y": 0.42092621326446533,
                "z": -1.6270532608032227,
                "visibility": 0.9987611770629883
            },
            {
                "x": 0.6838396191596985,
                "y": 0.33360815048217773,
                "z": -1.5087913274765015,
                "visibility": 0.998285710811615
            },
            {
                "x": 0.7188379168510437,
                "y": 0.33001887798309326,
                "z": -1.509110450744629,
                "visibility": 0.9977020621299744
            },
            {
                "x": 0.7499330043792725,
                "y": 0.32676827907562256,
                "z": -1.5105376243591309,
                "visibility": 0.9982307553291321
            },
            {
                "x": 0.5397178530693054,
                "y": 0.3431875705718994,
                "z": -1.548017978668213,
                "visibility": 0.9986035227775574
            },
            {
                "x": 0.48671144247055054,
                "y": 0.34593141078948975,
                "z": -1.5469871759414673,
                "visibility": 0.9984433054924011
            },
            {
                "x": 0.4428209960460663,
                "y": 0.3489583730697632,
                "z": -1.5479458570480347,
                "visibility": 0.9988736510276794
            },
            {
                "x": 0.7716424465179443,
                "y": 0.3562803268432617,
                "z": -0.7339988946914673,
                "visibility": 0.997848629951477
            },
            {
                "x": 0.374056339263916,
                "y": 0.3785766363143921,
                "z": -0.866196870803833,
                "visibility": 0.9990253448486328
            },
            {
                "x": 0.6878938674926758,
                "y": 0.5032907724380493,
                "z": -1.3341668844223022,
                "visibility": 0.9994010925292969
            },
            {
                "x": 0.5221224427223206,
                "y": 0.51668381690979,
                "z": -1.371962547302246,
                "visibility": 0.9995977282524109
            },
            {
                "x": 0.9009712934494019,
                "y": 0.7921215891838074,
                "z": -0.25012221932411194,
                "visibility": 0.9967915415763855
            },
            {
                "x": 0.10033228993415833,
                "y": 0.7831645011901855,
                "z": -0.6598544120788574,
                "visibility": 0.9988872408866882
            },
            {
                "x": 1.037518858909607,
                "y": 1.2733619213104248,
                "z": 0.18673305213451385,
                "visibility": 0.26485732197761536
            },
            {
                "x": -0.08432260155677795,
                "y": 1.3008253574371338,