{
    "face": {
        "face_count": 1,
        "face_embeddings": [
            [
                -0.07846152782440186,
                0.10256075859069824,
                0.021597225219011307,
                -0.07845909893512726,
                -0.10175976157188416,
                -0.03712006285786629,
                -0.0749567523598671,
                -0.06192343682050705,
                0.18761062622070312,
                -0.17531566321849823,
                0.20846274495124817,
                -0.09693301469087601,
                -0.17989306151866913,
                -0.016972163692116737,
                -0.0706317126750946,
                0.24375322461128235,
                -0.24050253629684448,
                -0.14173783361911774,
                -0.06287433952093124,
                -0.007365238852798939,
                0.10679551213979721,
                0.07720145583152771,
                0.0010182411642745137,
                0.07070997357368469,
                -0.1026490107178688,
                -0.3296527564525604,
                -0.0706472396850586,
                -0.05603419244289398,
                0.013866620138287544,
                -0.10722765326499939,
                -0.020595088601112366,
                0.11254085600376129,
                -0.1519949585199356,
                -0.00945432111620903,
                0.0009932620450854301,
                0.074603371322155,
                0.03857904672622681,
                -0.06018291786313057,
                0.17559611797332764,
                0.02027616836130619,
                -0.308676540851593,
                0.08131115138530731,
                0.019231729209423065,
                0.2827574908733368,
                0.16366231441497803,
                -0.02589646354317665,
                0.019120890647172928,
                -0.17019283771514893,
                0.0964299663901329,
                -0.1832183450460434,
                -0.04568201303482056,
                0.14266404509544373,
                0.044871192425489426,
                0.026550935581326485,
                0.00621023029088974,
                -0.09906376898288727,
                0.012219217605888844,
                0.05791842192411423,
                -0.0822371318936348,
                -0.034432701766490936,
                0.1322326809167862,
                -0.07494940608739853,
                0.017278697341680527,
                -0.14539217948913574,
                0.18010345101356506,
                -0.0027864137664437294,
                -0.12100528925657272,
                -0.19865572452545166,
                0.07603833079338074,
                -0.14895303547382355,
                -0.1221979409456253,
                0.0916641503572464,
                -0.1106017455458641,
                -0.15708039700984955,
                -0.31422120332717896,
                -0.04116465151309967,
                0.371563196182251,
                0.07094475626945496,
                -0.1686602383852005,
                0.14106544852256775,
                -0.017530588433146477,
                -0.041704852133989334,
                0.10273434221744537,
                0.23279829323291779,
                0.0010211244225502014,
                0.08736879378557205,
                -0.056567661464214325,
                0.06575622409582138,
                0.24025672674179077,
                -0.08758959174156189,
                0.008199289441108704,
                0.21107780933380127,
                0.00785835087299347,
                0.0858868807554245,
                0.0011289562098681927,
                0.028812170028686523,
                -0.040070630609989166,
                0.06795677542686462,
                -0.08875767141580582,
                0.0817699283361435,
                0.007056628353893757,
                -0.02319953776896,
                -0.05417870357632637,
                0.07699225842952728,
                -0.14104725420475006,
                0.17032568156719208,
                -0.01592308282852173,
                0.026772070676088333,
                0.0007171090692281723,
                0.048559341579675674,
                -0.06947394460439682,
                -0.02971673384308815,
                0.14538337290287018,
                -0.22794458270072937,
                0.12845425307750702,
                0.1935274600982666,
                0.05473954975605011,
                0.10258165001869202,
                0.12495769560337067,
                0.11521169543266296,
                -0.030306197702884674,
                0.019530728459358215,
                -0.25779449939727783,
                -0.019972091540694237,
                0.11204581707715988,
                -0.06095859408378601,
                0.05534271150827408,
                0.008051320910453796
            ]
        ]
    },
    "hand": {
        "hand_count": 0,
        "hand_landmarks": []
    },
    "body": {
        "landmark_count": 33,
        "landmarks": [
            {
                "x": 0.47863852977752686,
                "y": 0.4186697006225586,
                "z": -4.658206462860107,
                "visibility": 0.9997667670249939
            },
            {
                "x": 0.6234281063079834,
                "y": 0.36629194021224976,
                "z": -4.59233283996582,
                "visibility": 0.9997764229774475
            },
            {
                "x": 0.6852706670761108,
                "y": 0.37599849700927734,
                "z": -4.5923171043396,
                "visibility": 0.9996675252914429
            },
            {
                "x": 0.7436586618423462,
                "y": 0.38295137882232666,
                "z": -4.593466758728027,
                "visibility": 0.9997588992118835
            },
            {
                "x": 0.45372435450553894,
                "y": 0.32071036100387573,
                "z": -4.597048759460449,
                "visibility": 0.9997854828834534
            },
            {
                "x": 0.3972620964050293,
                "y": 0.3031209707260132,
                "z": -4.597780227661133,
                "visibility": 0.9996570348739624
            },
            {
                "x": 0.35161611437797546,
                "y": 0.2884142994880676,
                "z": -4.597630500793457,
                "visibility": 0.9997387528419495
            },
            {
                "x": 0.8071125745773315,
                "y": 0.402383029460907,
                "z": -3.7906978130340576,
                "visibility": 0.999616265296936
            },
            {
                "x": 0.2666676342487335,
                "y": 0.28738540410995483,
                "z": -3.8483104705810547,
                "visibility": 0.9997437596321106
            },
            {
                "x": 0.4980451464653015,
                "y": 0.5084398984909058,
                "z": -4.308028221130371,
                "visibility": 0.9987289309501648
            },
            {
                "x": 0.32681453227996826,
                "y": 0.4684620499610901,
                "z": -4.3263959884643555,
                "visibility": 0.9993259906768799
            },
            {
                "x": 0.8654712438583374,
                "y": 0.7216637134552002,
                "z": -3.1867282390594482,
                "visibility": 0.9436295628547668
            },
            {
                "x": -0.1004689633846283,
                "y": 0.5300915241241455,
                "z": -2.817833662033081,
                "visibility": 0.9711838364601135
            },
            {
                "x": 0.9275554418563843,
                "y": 1.0230458974838257,
                "z": -2.7191405296325684,
                "visibility": 0.30846044421195984
            },
            {
                "x": -0.4973422884941101,
                "y": 0.8553743362426758,