{
    "face": {
        "face_count": 1,
        "face_embeddings": [
            [
                -0.049482423812150955,
                0.044816754758358,
                0.06591573357582092,
                -0.06486266851425171,
                -0.08354870229959488,
                -0.031199924647808075,
                -0.11480242013931274,
                -0.07354752719402313,
                0.17094840109348297,
                -0.1195807233452797,
                0.19429606199264526,
                -0.06490825116634369,
                -0.15697038173675537,
                -0.025334808975458145,
                -0.06775105744600296,
                0.24485370516777039,
                -0.2119298130273819,
                -0.1301998496055603,
                -0.048747219145298004,
                0.009858060628175735,
                0.09229351580142975,
                0.06354811042547226,
                -0.02160392887890339,
                0.08512034267187119,
                -0.09604208171367645,
                -0.3326420187950134,
                -0.11109776794910431,
                -0.02370971441268921,
                -0.06226365640759468,
                -0.07966626435518265,
                -0.01789778843522072,
                0.08595295995473862,
                -0.1402212679386139,
                -0.02216237410902977,
                0.033556871116161346,
                0.10307008773088455,
                0.038348373025655746,
                -0.12744773924350739,
                0.1312316656112671,
                0.005813688039779663,
                -0.28793561458587646,
                0.08436991274356842,
                0.09522006660699844,
                0.24440377950668335,
                0.18993359804153442,
                -0.009592510759830475,
                -0.006033429875969887,
                -0.13804008066654205,
                0.12614449858665466,
                -0.15633538365364075,
                -0.03215302154421806,
                0.1290440410375595,
                0.07298941910266876,
                0.04776696115732193,
                0.020734427496790886,
                -0.09616294503211975,
                0.03593340888619423,
                0.10792578756809235,
                -0.11964040994644165,
                -0.04354004189372063,
                0.05845135450363159,
                -0.0995231419801712,
                0.029754700139164925,
                -0.14191047847270966,
                0.14397980272769928,
                0.06242566183209419,
                -0.09431179612874985,
                -0.22719253599643707,
                0.08794024586677551,
                -0.1570531725883484,
                -0.13171064853668213,
                0.05291924998164177,
                -0.1545107364654541,
                -0.18254709243774414,
                -0.3372419774532318,
                -0.043788522481918335,
                0.3183709979057312,
                0.08210434019565582,
                -0.23290903866291046,
                0.11849016696214676,
                0.04907354712486267,
                -0.024052249267697334,
                0.08430342376232147,
                0.2512374818325043,
                0.05736536532640457,
                0.07813027501106262,
                -0.0836106613278389,
                0.008659540675580502,
                0.24396006762981415,
                -0.06543415784835815,
                0.021604163572192192,
                0.22975559532642365,
                0.008744982071220875,
                0.044005341827869415,
                0.02947215735912323,
                0.02860931120812893,
                -0.054074786603450775,
                0.07597082853317261,
                -0.15785115957260132,
                0.02650342881679535,
                -0.003502692561596632,
                0.052343979477882385,
                -0.02942085824906826,
                0.07982606440782547,
                -0.12196749448776245,
                0.1449039727449417,
                -0.0019582444801926613,
                0.009413689374923706,
                -0.00548877427354455,
                0.010941311717033386,
                -0.06262549757957458,
                -0.06355764716863632,
                0.1606903374195099,
                -0.18187357485294342,
                0.10446785390377045,
                0.16188320517539978,
                0.06722406297922134,
                0.10784298926591873,
                0.08915817737579346,
                0.1449657678604126,
                -0.03953266516327858,
                0.001939067617058754,
                -0.2275741845369339,
                0.008555876091122627,
                0.07805135846138,
                -0.06175597012042999,
                0.053455792367458344,
                0.016823289915919304
            ]
        ]
    },
    "hand": {
        "hand_count": 0,
        "hand_landmarks": []
    },
    "body": {
        "landmark_count": 33,
        "landmarks": [
            {
                "x": 0.41688281297683716,
                "y": 0.40051138401031494,
                "z": -1.936348795890808,
                "visibility": 0.9999393224716187
            },
            {
                "x": 0.4846647083759308,
                "y": 0.3298463821411133,
                "z": -1.8701609373092651,
                "visibility": 0.9998362064361572
            },
            {
                "x": 0.5267825722694397,
                "y": 0.325681209564209,
                "z": -1.870479702949524,
                "visibility": 0.999860405921936
            },
            {
                "x": 0.5635090470314026,
                "y": 0.323649525642395,
                "z": -1.8709968328475952,
                "visibility": 0.9998047947883606
            },
            {
                "x": 0.3731904625892639,
                "y": 0.3401225805282593,
                "z": -1.793136477470398,
                "visibility": 0.9998461008071899
            },
            {
                "x": 0.346780002117157,
                "y": 0.34284913539886475,
                "z": -1.7915281057357788,
                "visibility": 0.9998821020126343
            },
            {
                "x": 0.3284781575202942,
                "y": 0.34483253955841064,
                "z": -1.7925384044647217,
                "visibility": 0.9998713731765747
            },
            {
                "x": 0.6363750100135803,
                "y": 0.3550868034362793,
                "z": -1.2313755750656128,
                "visibility": 0.999824583530426
            },
            {
                "x": 0.34483394026756287,
                "y": 0.3750818967819214,
                "z": -0.8270053267478943,
                "visibility": 0.9999091625213623
            },
            {
                "x": 0.5166581273078918,
                "y": 0.46769797801971436,
                "z": -1.691605806350708,
                "visibility": 0.9999511241912842
            },
            {
                "x": 0.3837684988975525,
                "y": 0.47910284996032715,
                "z": -1.5766371488571167,
                "visibility": 0.9999483823776245
            },
            {
                "x": 0.9612002372741699,
                "y": 0.7260432839393616,
                "z": -0.7759042978286743,
                "visibility": 0.9957494735717773
            },
            {
                "x": 0.1809977889060974,
                "y": 0.7407733201980591,
                "z": -0.4539494812488556,
                "visibility": 0.9996143579483032
            },
            {
                "x": 1.1573517322540283,
                "y": 1.1878626346588135,
                "z": -0.922839879989624,
                "visibility": 0.19445499777793884
            },
            {
                "x": 0.06120923161506653,
                "y": 1.188033103942871,