{
    "face": {
        "face_count": 1,
        "face_embeddings": [
            [
                -0.06710129976272583,
                0.11283835768699646,
                0.058856088668107986,
                -0.08296713978052139,
                -0.10314120352268219,
                0.010186044499278069,
                -0.07466069608926773,
                -0.0756647139787674,
                0.16141152381896973,
                -0.12172744423151016,
                0.18537481129169464,
                -0.0783688947558403,
                -0.19429361820220947,
                -0.02708064764738083,
                -0.06941243261098862,
                0.2171739935874939,
                -0.22777517139911652,
                -0.1383129209280014,
                -0.03939654678106308,
                0.017063677310943604,
                0.09549235552549362,
                0.049764227122068405,
                -0.023422211408615112,
                0.011582435108721256,
                -0.14050453901290894,
                -0.325374960899353,
                -0.08595377206802368,
                -0.046225063502788544,
                -0.01761678420007229,
                -0.09884678572416306,
                -0.03231492638587952,
                0.07783498615026474,
                -0.17382138967514038,
                0.0017120912671089172,
                -0.014451355673372746,
                0.09040666371583939,
                -0.008335421793162823,
                -0.08434053510427475,
                0.15848365426063538,
                0.020929254591464996,
                -0.299762099981308,
                0.07711632549762726,
                0.05890690162777901,
                0.21940460801124573,
                0.17361478507518768,
                -0.030490439385175705,
                0.010227544233202934,
                -0.13967019319534302,
                0.08699500560760498,
                -0.1782386749982834,
                9.687431156635284e-05,
                0.15929539501667023,
                0.012468766421079636,
                0.06381286680698395,
                0.0063875820487737656,
                -0.08352559804916382,
                0.0036813700571656227,
                0.07558748871088028,
                -0.11496905982494354,
                -0.002165000420063734,
                0.15227273106575012,
                -0.08000088483095169,
                -0.00010906066745519638,
                -0.126572385430336,
                0.14008420705795288,
                0.07331068813800812,
                -0.08796442300081253,
                -0.2364376187324524,
                0.0947607010602951,
                -0.16216599941253662,
                -0.11413323879241943,
                0.09855397045612335,
                -0.11111445724964142,
                -0.15576064586639404,
                -0.29842036962509155,
                -0.01468498632311821,
                0.3515603244304657,
                0.08233700692653656,
                -0.15378913283348083,
                0.06766381859779358,
                -0.009228814393281937,
                -0.05830610916018486,
                0.13382059335708618,
                0.18201695382595062,
                0.029030311852693558,
                0.06445536017417908,
                -0.0643223449587822,
                0.053643736988306046,
                0.2742278277873993,
                -0.05464581772685051,
                -0.004706839565187693,
                0.20859591662883759,
                0.00440424308180809,
                0.056053902953863144,
                0.009347881190478802,
                0.03975178673863411,
                -0.03596484288573265,
                0.05648089572787285,
                -0.11364052444696426,
                0.0511300154030323,
                0.009645767509937286,
                -0.04597875848412514,
                -0.05898366868495941,
                0.11338745057582855,
                -0.09249173849821091,
                0.1449708491563797,
                -0.0048262812197208405,
                0.024483462795615196,
                -0.0054928879253566265,
                0.011388774029910564,
                -0.09373942762613297,
                -0.03234928846359253,
                0.16951896250247955,
                -0.19419953227043152,
                0.15988405048847198,
                0.15381576120853424,
                0.03566537797451019,
                0.04656989872455597,
                0.12883754074573517,
                0.1252596080303192,
                -0.03854718059301376,
                -0.011299517937004566,
                -0.24532394111156464,
                -0.01634925603866577,
                0.0832892581820488,
                -0.052487410604953766,
                0.07248803228139877,
                0.006122600752860308
            ]
        ]
    },
    "hand": {
        "hand_count": 0,
        "hand_landmarks": []
    },
    "body": {
        "landmark_count": 0,
        "landmarks": []
    },
    "skin": {
        "predicted_label": "nv",
        "predicted_label_kor": "멜라닌 모반",
        "confidence": 0.9198837876319885,
        "raw_output": [
            [
                0.01676636002957821,
                0.040908340364694595,
                0.009897083044052124,
                0.005551810842007399,
                0.0018345331773161888,
                0.9198837876319885,
                0.005158117040991783
            ]
        ]
    },
    "inference_times": {
        "face": 0.3024481497704983,
        "hand": 0.051040083169937134,
        "body": 0.026246611028909683,
        "skin": 0.030909478664398193
    },
    "total_inference_time": 0.4106443226337433
}