{
    "face": {
        "face_count": 2,
        "face_embeddings": [
            [
                -0.020696943625807762,
                0.07007356733083725,
                0.06305791437625885,
                -0.06179852783679962,
                -0.0558876171708107,
                0.024884838610887527,
                -0.0902581587433815,
                -0.0601583831012249,
                0.1630796492099762,
                -0.16063225269317627,
                0.2137271761894226,
                -0.07349482923746109,
                -0.18740567564964294,
                -0.015319506637752056,
                -0.0648941770195961,
                0.2169518917798996,
                -0.18102698028087616,
                -0.13480986654758453,
                -0.032527126371860504,
                0.014693566597998142,
                0.10022440552711487,
                0.059871796518564224,
                -0.010952972806990147,
                0.04858528822660446,
                -0.13413386046886444,
                -0.27611708641052246,
                -0.07456590235233307,
                -0.0612424872815609,
                -0.06225861981511116,
                -0.09678807109594345,
                -0.07037705928087234,
                0.07172229886054993,
                -0.1699826568365097,
                0.022397467866539955,
                -0.0003387331962585449,
                0.10801055282354355,
                -0.02468225173652172,
                -0.10306622833013535,
                0.16113701462745667,
                0.037665385752916336,
                -0.2790265381336212,
                0.0896679162979126,
                0.031766410917043686,
                0.2227392941713333,
                0.1754303127527237,
                -0.04217933863401413,
                -0.0179221723228693,
                -0.152633398771286,
                0.1023247241973877,
                -0.18696585297584534,
                0.01822393201291561,
                0.16736814379692078,
                0.05070169270038605,
                0.08312487602233887,
                0.0235599298030138,
                -0.09231705963611603,
                0.050447724759578705,
                0.10866768658161163,
                -0.07745405286550522,
                -0.024340039119124413,
                0.09901294857263565,
                -0.04157127067446709,
                0.030898313969373703,
                -0.11349286139011383,
                0.15026700496673584,
                0.06044033169746399,
                -0.0929235890507698,
                -0.19107867777347565,
                0.08222334086894989,
                -0.14834348857402802,
                -0.12314913421869278,
                0.1224370226264,
                -0.14669670164585114,
                -0.19575539231300354,
                -0.2730399966239929,
                0.0025068456307053566,
                0.3268279731273651,
                0.10305800288915634,
                -0.21501418948173523,
                0.07676821202039719,
                0.03967158496379852,
                -0.025442607700824738,
                0.15055735409259796,
                0.22167710959911346,
                0.034567564725875854,
                0.06514283269643784,
                -0.059543535113334656,
                0.01420421339571476,
                0.25460299849510193,
                -0.048976171761751175,
                -0.0026825498789548874,
                0.23215430974960327,
                0.011299524456262589,
                0.029634056612849236,
                0.05196355655789375,
                0.013333464972674847,
                -0.0004650978371500969,
                0.033200159668922424,
                -0.14107908308506012,
                0.02384754829108715,
                -0.01946372538805008,
                -0.03895766660571098,
                -0.10694984346628189,
                0.11273101717233658,
                -0.13861191272735596,
                0.12813036143779755,
                -0.024146992713212967,
                -0.004813346080482006,
                0.01404078770428896,
                0.013748488388955593,
                -0.06205284595489502,
                -0.044283848255872726,
                0.14817972481250763,
                -0.212470144033432,
                0.10027126222848892,
                0.1494373381137848,
                0.05280201882123947,
                0.06382235139608383,
                0.09473325312137604,
                0.15789353847503662,
                -0.04975356534123421,
                -0.010989755392074585,
                -0.2642430365085602,
                -0.009801269508898258,
                0.09922594577074051,
                -0.029203087091445923,
                0.03876737505197525,
                -0.02163233421742916
            ],
            [
                -0.03541204705834389,
                0.05902239680290222,
                0.05176779627799988,
                -0.10275711119174957,
                -0.10313418507575989,
                0.019597411155700684,
                -0.06429161876440048,
                -0.060431450605392456,
                0.13143599033355713,
                -0.15792565047740936,
                0.22010228037834167,
                -0.058634694665670395,
                -0.228385791182518,
                -0.049170251935720444,
                -0.03916412591934204,
                0.21732264757156372,
                -0.20667476952075958,
                -0.16938665509223938,
                -0.02116066962480545,
                0.0412851944565773,
                0.1177603229880333,
                0.09230170398950577,
                -0.021444901823997498,
                0.03669261932373047,
                -0.1362796127796173,
                -0.30510666966438293,
                -0.12487892806529999,
                0.02331460639834404,
                -0.02737252414226532,
                -0.11392313987016678,
                -0.03462415933609009,
                0.00507859094068408,
                -0.16535033285617828,
                0.029280422255396843,
                0.035081956535577774,
                0.08999775350093842,
                -0.009946595877408981,
                -0.15632635354995728,
                0.1547195017337799,
                0.06379130482673645,
                -0.3208899199962616,
                0.07757636904716492,
                0.08335921168327332,
                0.2235943078994751,
                0.1729217767715454,
                -0.03241553530097008,
                -0.02421153336763382,
                -0.14716994762420654,
                0.08700837194919586,
                -0.18063956499099731,
                0.01798778399825096,
                0.1682364046573639,
                0.052452798932790756,
                0.06245790794491768,
                -0.016206495463848114,
                -0.09630744904279709,
                0.003761233761906624,
                0.14240522682666779,
                -0.13201512396335602,
                -0.05711629241704941,
                0.1047704666852951,
                -0.05430570989847183,
                0.039514217525720596,
                -0.12255363911390305,
                0.1015845537185669,
                0.0465429350733757,
                -0.11534110456705093,
                -0.2735588252544403,
                0.07833617180585861,
                -0.17693845927715302,
                -0.12970826029777527,
                0.12046553194522858,
                -0.14292387664318085,
                -0.17741759121418,
                -0.2788669168949127,
                -0.002675768919289112,
                0.31564339995384216,
                0.08849452435970306,
                -0.14651691913604736,
                0.06911256909370422,
                0.012905580922961235,
                -0.01709333062171936,
