{
    "face": {
        "face_count": 1,
        "face_embeddings": [
            [
                -0.08825885504484177,
                0.10249624401330948,
                0.03747453913092613,
                -0.09602039307355881,
                -0.0826239362359047,
                -0.003601989708840847,
                -0.08080706745386124,
                -0.09979262202978134,
                0.19232214987277985,
                -0.19718126952648163,
                0.22690264880657196,
                -0.09176277369260788,
                -0.21616454422473907,
                -0.01682158187031746,
                -0.05770544335246086,
                0.2188529074192047,
                -0.20653434097766876,
                -0.16367492079734802,
                -0.03662284091114998,
                -0.0032213907688856125,
                0.10998706519603729,
                0.061590809375047684,
                -0.06742675602436066,
                0.037741146981716156,
                -0.12559829652309418,
                -0.3152787983417511,
                -0.1147456094622612,
                -0.029900752007961273,
                -0.033827655017375946,
                -0.10558228939771652,
                -0.06563008576631546,
                0.04248382896184921,
                -0.1632947325706482,
                -0.004804916679859161,
                0.014540170319378376,
                0.13467592000961304,
                0.034263975918293,
                -0.08484373986721039,
                0.12410344183444977,
                0.016835849732160568,
                -0.2836608290672302,
                0.06594015657901764,
                0.059397585690021515,
                0.2255699336528778,
                0.13122399151325226,
                -0.012969386763870716,
                -0.030123306438326836,
                -0.17677854001522064,
                0.10207296162843704,
                -0.15698377788066864,
                0.0061278389766812325,
                0.1604921519756317,
                0.06604523956775665,
                0.09513173997402191,
                -0.008836014196276665,
                -0.12290983647108078,
                0.0037824884057044983,
                0.1193065419793129,
                -0.11693236976861954,
                -0.037030160427093506,
                0.11427493393421173,
                -0.08203143626451492,
                0.022710099816322327,
                -0.12102572619915009,
                0.14452102780342102,
                0.08612600713968277,
                -0.09776529669761658,
                -0.24162642657756805,
                0.07708702236413956,
                -0.15933513641357422,
                -0.12740731239318848,
                0.07617798447608948,
                -0.14455197751522064,
                -0.19211597740650177,
                -0.287742018699646,
                0.0073461877182126045,
                0.3067440986633301,
                0.10938195884227753,
                -0.1628289520740509,
                0.08207082003355026,
                0.0012105379719287157,
                -0.04216521605849266,
                0.12188547849655151,
                0.1718757450580597,
                0.05117964744567871,
                0.07437242567539215,
                -0.06594272702932358,
                0.06379438936710358,
                0.28655073046684265,
                -0.0826607421040535,
                0.012258263304829597,
                0.19474096596240997,
                -0.03113229013979435,
                0.08504393696784973,
                -0.006977513432502747,
                0.03312430530786514,
                -0.0496169775724411,
                0.06483720988035202,
                -0.12336878478527069,
                0.0311225987970829,
                -0.010169348679482937,
                0.0015302905812859535,
                -0.062445759773254395,
                0.10028093308210373,
                -0.13460448384284973,
                0.13553065061569214,
                0.008620877750217915,
                -0.014805188402533531,
                -0.038031868636608124,
                0.003124542534351349,
                -0.06606091558933258,
                -0.03386320918798447,
                0.16119377315044403,
                -0.19917254149913788,
                0.19762377440929413,
                0.18943430483341217,
                0.06816171109676361,
                0.10175444185733795,
                0.11389577388763428,
                0.08981684595346451,
                -0.009890408255159855,
                -0.042863089591264725,
                -0.24686850607395172,
                -0.01650252193212509,
                0.10163534432649612,
                -0.031719908118247986,
                0.06769151985645294,
                -0.017407655715942383
            ]
        ]
    },
    "hand": {
        "hand_count": 0,
        "hand_landmarks": []
    },
    "body": {
        "landmark_count": 33,
        "landmarks": [
            {
                "x": 0.3118189871311188,
                "y": 0.538759708404541,
                "z": -2.4776628017425537,
                "visibility": 0.9939496517181396
            },
            {
                "x": 0.38716810941696167,
                "y": 0.4380788803100586,
                "z": -2.4435904026031494,
                "visibility": 0.9953426122665405
            },
            {
                "x": 0.4421769082546234,
                "y": 0.43210768699645996,
                "z": -2.445080041885376,
                "visibility": 0.9941324591636658
            },
            {
                "x": 0.48857471346855164,
                "y": 0.428938627243042,
                "z": -2.4469974040985107,
                "visibility": 0.9955167174339294
            },
            {
                "x": 0.2356215864419937,
                "y": 0.45375096797943115,
                "z": -2.32664155960083,
                "visibility": 0.9946185350418091
            },
            {
                "x": 0.19832557439804077,
                "y": 0.4570193290710449,
                "z": -2.325742483139038,
                "visibility": 0.9917662739753723
            },
            {
                "x": 0.16924631595611572,
                "y": 0.4603102207183838,
                "z": -2.326244831085205,
                "visibility": 0.9925796389579773
            },
            {
                "x": 0.5972148776054382,
                "y": 0.4527024030685425,
                "z": -1.7067207098007202,
                "visibility": 0.9967880249023438
            },
            {
                "x": 0.1714416742324829,
                "y": 0.4864647388458252,
                "z": -1.118409276008606,
                "visibility": 0.9916866421699524
            },
            {
                "x": 0.4359665811061859,
                "y": 0.6246416568756104,
                "z": -2.1696019172668457,
                "visibility": 0.9972720742225647
            },
            {
                "x": 0.26340386271476746,
                "y": 0.6494088172912598,
                "z": -2.0041048526763916,
                "visibility": 0.9959051609039307
            },
            {
                "x": 0.9629596471786499,
                "y": 0.857093095779419,
                "z": -1.50869619846344,
                "visibility": 0.906203031539917
            },
            {
                "x": 0.1322847604751587,
                "y": 0.9345961809158325,
                "z": -0.046086136251688004,
                "visibility": 0.888308048248291
            },
            {
                "x": 1.3571488857269287,
                "y": 1.3512399196624756,
                "z": -1.9765218496322632,
                "visibility": 0.10793686658143997
            },
            {
                "x": 0.07526600360870361,
                "y": 1.4844578504562378,