{
    "face": {
        "face_count": 1,
        "face_embeddings": [
            [
                -0.043289780616760254,
                0.07178691029548645,
                0.06496691703796387,
                -0.09805987030267715,
                -0.14265526831150055,
                -0.01471996121108532,
                -0.057447608560323715,
                -0.06469949334859848,
                0.15812209248542786,
                -0.15357331931591034,
                0.22753193974494934,
                -0.0738704651594162,
                -0.18857739865779877,
                -0.011621476151049137,
                -0.05082220211625099,
                0.23124825954437256,
                -0.22128918766975403,
                -0.15930473804473877,
                -0.049373649060726166,
                0.03289732709527016,
                0.06208110600709915,
                0.07748562842607498,
                -0.023520592600107193,
                0.06035839393734932,
                -0.11338026821613312,
                -0.3623678386211395,
                -0.08896011859178543,
                -0.02920890972018242,
                0.015047365799546242,
                -0.11441033333539963,
                -0.025362813845276833,
                0.06263285130262375,
                -0.17531301081180573,
                -0.004185827448964119,
                0.021663300693035126,
                0.09227631241083145,
                -0.011372823268175125,
                -0.12326721847057343,
                0.1349591612815857,
                0.056526243686676025,
                -0.3464515507221222,
                0.09122399985790253,
                0.050793856382369995,
                0.24250735342502594,
                0.18415667116641998,
                -0.025080515071749687,
                -0.007983103394508362,
                -0.14298813045024872,
                0.09129788726568222,
                -0.17078784108161926,
                0.008203845471143723,
                0.1320156753063202,
                0.033489663153886795,
                0.047243669629096985,
                0.007229263428598642,
                -0.08842524886131287,
                0.005432368256151676,
                0.07700679451227188,
                -0.12652485072612762,
                -0.03810476139187813,
                0.1353711038827896,
                -0.0327865406870842,
                0.04742523282766342,
                -0.11667724698781967,
                0.10785648971796036,
                0.0301872156560421,
                -0.09503304213285446,
                -0.2260025590658188,
                0.08178749680519104,
                -0.18700896203517914,
                -0.1216658428311348,
                0.09050851315259933,
                -0.1266195923089981,
                -0.16219760477542877,
                -0.2946302592754364,
                -0.006176028400659561,
                0.3572176992893219,
                0.09737226366996765,
                -0.14005935192108154,
                0.0621030367910862,
                0.023779241368174553,
                -0.03908458352088928,
                0.10295812040567398,
                0.18838092684745789,
                0.035394053906202316,
                0.057827793061733246,
                -0.06644181162118912,
                0.0649036392569542,
                0.250453919172287,
                -0.0548589751124382,
                0.0007550024893134832,
                0.23541446030139923,
                -0.01888149231672287,
                0.05606389790773392,
                0.023474546149373055,
                0.057111047208309174,
                -0.05042635276913643,
                0.08994466811418533,
                -0.11799835413694382,
                0.03814792260527611,
                0.01248763408511877,
                -0.007666184566915035,
                -0.030406491830945015,
                0.12108153849840164,
                -0.12197310477495193,
                0.1523708701133728,
                -0.007241375744342804,
                0.018885239958763123,
                0.024858497083187103,
                0.05869463086128235,
                -0.10199704766273499,
                -0.06711113452911377,
                0.13933145999908447,
                -0.19089491665363312,
                0.1661740094423294,
                0.18807220458984375,
                0.071831613779068,
                0.040867313742637634,
                0.13279400765895844,
                0.0721328929066658,
                -0.018093274906277657,
                -0.03055335208773613,
                -0.2315630316734314,
                -0.01734434813261032,
                0.0717354491353035,
                -0.06033102050423622,
                0.06751461327075958,
                -0.004209890961647034
            ]
        ]
    },
    "hand": {
        "hand_count": 1,
        "hand_landmarks": [
            [
                {
                    "x": -0.0030419081449508667,
                    "y": 0.7156158089637756,
                    "z": 1.872507198186213e-07,
                    "visibility": 0.0
                },
                {
                    "x": 0.04138749837875366,
                    "y": 0.7675560116767883,
                    "z": -0.055089086294174194,
                    "visibility": 0.0
                },
                {
                    "x": 0.1331142634153366,
                    "y": 0.7956225275993347,
                    "z": -0.08885999023914337,
                    "visibility": 0.0
                },
                {
                    "x": 0.20240911841392517,
                    "y": 0.7965384125709534,
                    "z": -0.11830683797597885,
                    "visibility": 0.0
                },
                {
                    "x": 0.2573939263820648,
                    "y": 0.7897533178329468,
                    "z": -0.14692185819149017,
                    "visibility": 0.0
                },
                {
                    "x": 0.1880185455083847,
                    "y": 0.7137058973312378,
                    "z": -0.06854874640703201,
                    "visibility": 0.0
                },
                {
                    "x": 0.2807570993900299,
                    "y": 0.6860029697418213,
                    "z": -0.11240199953317642,
                    "visibility": 0.0
                },
                {
                    "x": 0.32968658208847046,
                    "y": 0.6751303672790527,
                    "z": -0.1328696459531784,
                    "visibility": 0.0
                },
                {
                    "x": 0.36999407410621643,
                    "y": 0.6634776592254639,
                    "z": -0.14409589767456055,
                    "visibility": 0.0
                },
                {
                    "x": 0.1562434285879135,
                    "y": 0.675402820110321,
                    "z": -0.06445494294166565,
                    "visibility": 0.0
                },
                {
                    "x": 0.22575798630714417,
                    "y": 0.6746540665626526,
                    "z": -0.13828910887241364,
                    "visibility": 0.0
                },
                {
                    "x": 0.1719823181629181,
                    "y": 0.7199166417121887,
                    "z": -0.1529494822025299,
                    "visibility": 0.0
                },
                {
                    "x": 0.11902283132076263,
                    "y": 0.7495203018188477,
                    "z": -0.14428550004959106,
                    "visibility": 0.0
                },
                {
                    "x": 0.1138954758644104,
                    "y": 0.6429222226142883,
                    "z": -0.06534075736999512,