{
    "face": {
        "face_count": 1,
        "face_embeddings": [
            [
                -0.12280438840389252,
                0.055123113095760345,
                0.10162006318569183,
                -0.04568849503993988,
                -0.10577940940856934,
                -0.023363035172224045,
                -0.016589459031820297,
                -0.15126828849315643,
                0.07720351219177246,
                -0.16866351664066315,
                0.22573120892047882,
                -0.1636631339788437,
                -0.2397807240486145,
                6.329570896923542e-05,
                0.0011994214728474617,
                0.19419102370738983,
                -0.07058361172676086,
                -0.16105759143829346,
                -0.057808395475149155,
                -0.011158779263496399,
                0.08568507432937622,
                0.03115272708237171,
                -0.02653523162007332,
                0.09244463592767715,
                -0.11342073976993561,
                -0.3241802752017975,
                -0.13118787109851837,
                0.008021161891520023,
                -0.09123166650533676,
                -0.13415561616420746,
                -0.04704533889889717,
                0.06152097135782242,
                -0.1931624859571457,
                0.0227976031601429,
                -0.008306963369250298,
                0.11704056710004807,
                -0.01646142266690731,
                -0.09631937742233276,
                0.11212142556905746,
                0.034986332058906555,
                -0.32106634974479675,
                0.053596146404743195,
                0.07248032838106155,
                0.23292313516139984,
                0.14782732725143433,
                -0.004285827744752169,
                -0.04327627271413803,
                -0.14573849737644196,
                0.13284078240394592,
                -0.19279566407203674,
                0.03033488243818283,
                0.10704351961612701,
                0.06239786371588707,
                0.05380368232727051,
                -0.025552064180374146,
                -0.1286664605140686,
                -0.012154457159340382,
                0.09764853119850159,
                -0.15989422798156738,
                0.029455354437232018,
                0.08571425825357437,
                -0.14649954438209534,
                0.02203715592622757,
                -0.16523897647857666,
                0.11195167154073715,
                0.11914816498756409,
                -0.11043239384889603,
                -0.21293987333774567,
                0.09430132806301117,
                -0.2143792361021042,
                -0.10125220566987991,
                0.09959696978330612,
                -0.14542549848556519,
                -0.22447143495082855,
                -0.37526053190231323,
                0.03171229362487793,
                0.30527806282043457,
                0.0750637874007225,
                -0.17153170704841614,
                0.010928177274763584,
                0.04453883692622185,
                -5.405396223068237e-05,
                0.07286111265420914,
                0.24987563490867615,
                0.0601288303732872,
                0.059835776686668396,
                -0.06615464389324188,
                0.024338483810424805,
                0.28062790632247925,
                -0.08768544346094131,
                -0.019192207604646683,
                0.27401667833328247,
                -0.03771243244409561,
                0.08500202745199203,
                0.00833209976553917,
                0.0820743665099144,
                -0.07083006203174591,
                0.010754472576081753,
                -0.13504311442375183,
                0.059322942048311234,
                -0.1236860603094101,
                -0.04294446483254433,
                -0.06563814729452133,
                0.09773751348257065,
                -0.1627715826034546,
                0.182638019323349,
                -0.016312187537550926,
                -0.011246232315897942,
                -0.08734691143035889,
                -0.029630299657583237,
                -0.08026360720396042,
                -0.044685207307338715,
                0.09864971041679382,
                -0.2447255700826645,
                0.12320522964000702,
                0.21583473682403564,
                0.10412700474262238,
                0.09926562011241913,
                0.0861901268362999,
                0.07753027975559235,
                0.019287513568997383,
                -0.00898923259228468,
                -0.22271867096424103,
                0.009534953162074089,
                0.12147513031959534,
                -0.052296802401542664,
                -0.01522887870669365,
                0.019157810136675835
            ]
        ]
    },
    "hand": {
        "hand_count": 0,
        "hand_landmarks": []
    },
    "body": {
        "landmark_count": 33,
        "landmarks": [
            {
                "x": 0.7803407311439514,
                "y": 0.44242191314697266,
                "z": -2.916588544845581,
                "visibility": 0.9995222091674805
            },
            {
                "x": 0.8406062126159668,
                "y": 0.3480881154537201,
                "z": -2.715686321258545,
                "visibility": 0.9993084669113159
            },
            {
                "x": 0.884400486946106,
                "y": 0.3492751121520996,
                "z": -2.7176740169525146,
                "visibility": 0.9991102814674377
            },
            {
                "x": 0.9245045185089111,
                "y": 0.3509334325790405,
                "z": -2.718116044998169,
                "visibility": 0.9990274906158447
            },
            {
                "x": 0.6868135929107666,
                "y": 0.3448185920715332,
                "z": -2.73360013961792,
                "visibility": 0.9993624091148376
            },
            {
                "x": 0.6239458322525024,
                "y": 0.3459850549697876,
                "z": -2.7326087951660156,
                "visibility": 0.9993764758110046
            },
            {
                "x": 0.5640438795089722,
                "y": 0.3488194942474365,
                "z": -2.7343392372131348,
                "visibility": 0.9994651675224304
            },
            {
                "x": 0.9376591444015503,
                "y": 0.39219093322753906,
                "z": -1.430557131767273,
                "visibility": 0.9992154836654663
            },
            {
                "x": 0.43690943717956543,
                "y": 0.3935130834579468,
                "z": -1.459262490272522,
                "visibility": 0.9996281862258911
            },
            {
                "x": 0.8276818990707397,
                "y": 0.5558247566223145,
                "z": -2.429783582687378,
                "visibility": 0.9996019005775452
            },
            {
                "x": 0.6612703800201416,
                "y": 0.5579557418823242,
                "z": -2.4443559646606445,
                "visibility": 0.9996746778488159
            },
            {
                "x": 1.0516879558563232,
                "y": 0.9112362265586853,
                "z": -0.7042912244796753,
                "visibility": 0.9757161140441895
            },
            {
                "x": 0.17868882417678833,
                "y": 0.8834419846534729,
                "z": -0.8763253092765808,
                "visibility": 0.9877968430519104
            },
            {
                "x": 1.4584836959838867,
                "y": 1.472177267074585,
                "z": -0.9917126893997192,
                "visibility": 0.050587188452482224
            },
            {
                "x": -0.02318507432937622,
                "y": 1.492785930633545,