{
    "face": {
        "face_count": 1,
        "face_embeddings": [
            [
                -0.07545117288827896,
                0.08378343284130096,
                0.049019914120435715,
                -0.10159792751073837,
                -0.1507774442434311,
                0.007862766273319721,
                -0.029143555089831352,
                -0.031397413462400436,
                0.16216681897640228,
                -0.19642463326454163,
                0.22711293399333954,
                -0.09415203332901001,
                -0.21324768662452698,
                -0.021744325757026672,
                0.009187061339616776,
                0.26197850704193115,
                -0.13843967020511627,
                -0.21949449181556702,
                -0.09088113903999329,
                0.007852144539356232,
                0.06030416116118431,
                0.035505279898643494,
                -0.0314597561955452,
                0.0693868100643158,
                -0.1152224913239479,
                -0.3365449905395508,
                -0.06698618829250336,
                0.025794528424739838,
                -0.04922708868980408,
                -0.11336709558963776,
                -0.016328679397702217,
                0.04184696078300476,
                -0.19667309522628784,
                -0.0010119471698999405,
                0.052952587604522705,
                0.14358212053775787,
                -0.04668186604976654,
                -0.11756164580583572,
                0.15992780029773712,
                0.018466975539922714,
                -0.3372665047645569,
                0.07177199423313141,
                0.101214699447155,
                0.2478894591331482,
                0.16434858739376068,
                0.013943728059530258,
                -0.04268823564052582,
                -0.1627938449382782,
                0.13096384704113007,
                -0.2388256937265396,
                0.043921858072280884,
                0.14287541806697845,
                0.035855136811733246,
                0.0559614896774292,
                0.040281619876623154,
                -0.1101372167468071,
                0.051943857222795486,
                0.13900335133075714,
                -0.14415059983730316,
                -0.051500651985406876,
                0.09921799600124359,
                -0.02593047544360161,
                0.00883149541914463,
                -0.16841213405132294,
                0.18014806509017944,
                0.0723971351981163,
                -0.1204490214586258,
                -0.23365509510040283,
                0.0959477573633194,
                -0.17384639382362366,
                -0.12161104381084442,
                0.11695732176303864,
                -0.13501490652561188,
                -0.1975351870059967,
                -0.3430006802082062,
                -0.0072339847683906555,
                0.2991821765899658,
                0.12133913487195969,
                -0.16149035096168518,
                0.04921610280871391,
                0.0665670707821846,
                0.015443243086338043,
                0.09245989471673965,
                0.18767856061458588,
                0.014596756547689438,
                0.027862589806318283,
                -0.09012956917285919,
                0.029345890507102013,
                0.2819548547267914,
                -0.0530368834733963,
                -0.014292549341917038,
                0.2450379878282547,
                0.023127730935811996,
                0.03999919444322586,
                0.0006587430834770203,
                0.04427684098482132,
                -0.04740551859140396,
                0.021339701488614082,
                -0.20067265629768372,
                0.007517555728554726,
                -0.022985707968473434,
                0.014005767181515694,
                -0.07434720546007156,
                0.1354115754365921,
                -0.17195215821266174,
                0.13572420179843903,
                -0.03362969681620598,
                0.00923768151551485,
                -0.04375486075878143,
                0.024841660633683205,
                -0.11135921627283096,
                -0.052614498883485794,
                0.09630902111530304,
                -0.21870557963848114,
                0.1405540555715561,
                0.19941851496696472,
                0.08814316987991333,
                0.04168599843978882,
                0.16415110230445862,
                0.05302464962005615,
                0.006815819069743156,
                -0.03622990474104881,
                -0.25790202617645264,
                -0.014219324104487896,
                0.09458725154399872,
                -0.05676261708140373,
                0.06073843687772751,
                0.025596478953957558
            ]
        ]
    },
    "hand": {
        "hand_count": 0,
        "hand_landmarks": []
    },
    "body": {
        "landmark_count": 33,
        "landmarks": [
            {
                "x": 0.5044593214988708,
                "y": 0.4330781102180481,
                "z": -3.882253408432007,
                "visibility": 0.999718964099884
            },
            {
                "x": 0.5717009902000427,
                "y": 0.3610953092575073,
                "z": -3.717684507369995,
                "visibility": 0.9994590878486633
            },
            {
                "x": 0.6129303574562073,
                "y": 0.36107099056243896,
                "z": -3.718186378479004,
                "visibility": 0.9995468258857727
            },
            {
                "x": 0.6548574566841125,
                "y": 0.3607997000217438,
                "z": -3.7192487716674805,
                "visibility": 0.999426007270813
            },
            {
                "x": 0.4310593008995056,
                "y": 0.3622465133666992,
                "z": -3.77107572555542,
                "visibility": 0.9993677735328674
            },
            {
                "x": 0.37839534878730774,
                "y": 0.36412644386291504,
                "z": -3.7709412574768066,
                "visibility": 0.999408483505249
            },
            {
                "x": 0.3386940658092499,
                "y": 0.3661923408508301,
                "z": -3.772172451019287,
                "visibility": 0.9991056323051453
            },
            {
                "x": 0.7367810010910034,
                "y": 0.39038121700286865,
                "z": -2.6354615688323975,
                "visibility": 0.9994164705276489
            },
            {
                "x": 0.28619325160980225,
                "y": 0.3958233594894409,
                "z": -2.8741464614868164,
                "visibility": 0.9993792772293091
            },
            {
                "x": 0.5878857374191284,
                "y": 0.5050835609436035,
                "z": -3.4685041904449463,
                "visibility": 0.9998881816864014
            },
            {
                "x": 0.4156550168991089,
                "y": 0.5110915899276733,
                "z": -3.5400795936584473,
                "visibility": 0.9998428821563721
            },
            {
                "x": 0.9416854381561279,
                "y": 0.7806515693664551,
                "z": -1.7954354286193848,
                "visibility": 0.9988585710525513
            },
            {
                "x": 0.06832888722419739,
                "y": 0.767151951789856,
                "z": -2.1156070232391357,
                "visibility": 0.9946773052215576
            },
            {
                "x": 0.9241841435432434,
                "y": 1.2185226678848267,
                "z": -1.2749525308609009,
                "visibility": 0.6431313753128052
            },
            {
                "x": -0.1497199535369873,
                "y": 1.237160086631775,