{
    "face": {
        "face_count": 1,
        "face_embeddings": [
            [
                -0.0913647934794426,
                0.06983757764101028,
                0.05556001514196396,
                -0.031872302293777466,
                -0.13984070718288422,
                -0.03418324142694473,
                -0.020465217530727386,
                -0.06587158143520355,
                0.10279601067304611,
                -0.13880908489227295,
                0.22976785898208618,
                -0.13489311933517456,
                -0.29355862736701965,
                0.002189082559198141,
                0.012654419988393784,
                0.22657062113285065,
                -0.15271541476249695,
                -0.1857309192419052,
                -0.07925395667552948,
                -0.0021275943145155907,
                0.06766194105148315,
                0.020808372646570206,
                0.0032368807587772608,
                0.04680457338690758,
                -0.13065266609191895,
                -0.3648196756839752,
                -0.07855324447154999,
                0.009951385669410229,
                -0.04283009469509125,
                -0.09268560260534286,
                0.009022757411003113,
                0.025900986045598984,
                -0.1848226934671402,
                0.02715517394244671,
                0.05778501555323601,
                0.12356625497341156,
                -0.016711749136447906,
                -0.12232844531536102,
                0.15594260394573212,
                -0.019064199179410934,
                -0.38737380504608154,
                0.06227694824337959,
                0.162721648812294,
                0.22493606805801392,
                0.14650078117847443,
                0.04390615597367287,
                -0.054518815129995346,
                -0.12838491797447205,
                0.13029523193836212,
                -0.20761291682720184,
                0.022359926253557205,
                0.1548953652381897,
                0.06423328816890717,
                0.07543722540140152,
                0.007946986705064774,
                -0.109316386282444,
                0.03986932709813118,
                0.13142670691013336,
                -0.2022038996219635,
                -0.05692193657159805,
                0.13111965358257294,
                -0.01047278568148613,
                0.06908126920461655,
                -0.14548853039741516,
                0.16172069311141968,
                0.05178986117243767,
                -0.1388242244720459,
                -0.2142762541770935,
                0.08740418404340744,
                -0.25413432717323303,
                -0.1056617721915245,
                0.15701723098754883,
                -0.1378597468137741,
                -0.23544776439666748,
                -0.3643784523010254,
                -0.011449804529547691,
                0.3350349962711334,
                0.12781237065792084,
                -0.08568143844604492,
                0.0186754260212183,
                0.030880559235811234,
                0.00793258473277092,
                0.0763995498418808,
                0.15563853085041046,
                0.03283868730068207,
                0.02974262647330761,
                -0.09900303184986115,
                -0.013536362908780575,
                0.32778090238571167,
                -0.06472703069448471,
                -0.04005371406674385,
                0.24641068279743195,
                0.03891317546367645,
                0.03216176480054855,
                -0.018440786749124527,
                0.07135316729545593,
                -0.04648052155971527,
                -0.008342617191374302,
                -0.17887067794799805,
                0.027543799951672554,
                -0.11751610040664673,
                -0.036972399801015854,
                -0.051558010280132294,
                0.08707268536090851,
                -0.18663190305233002,
                0.11912979185581207,
                0.015611058101058006,
                -0.0018451795913279057,
                -0.05675181373953819,
                0.09894880652427673,
                -0.1205601841211319,
                -0.08530595153570175,
                0.07953175902366638,
                -0.3062736392021179,
                0.1727156937122345,
                0.23722322285175323,
                0.13232852518558502,
                0.052703697234392166,
                0.10756074637174606,
                0.05936136096715927,
                -0.005469445139169693,
                -0.044747233390808105,
                -0.1783158928155899,
                -0.07630216330289841,
                0.06656304001808167,
                -0.0402979701757431,
                0.06605301797389984,
                0.031913332641124725
            ]
        ]
    },
    "hand": {
        "hand_count": 0,
        "hand_landmarks": []
    },
    "body": {
        "landmark_count": 33,
        "landmarks": [
            {
                "x": 0.4304514527320862,
                "y": 0.48557448387145996,
                "z": -2.183439254760742,
                "visibility": 0.9971415400505066
            },
            {
                "x": 0.5017309188842773,
                "y": 0.39811432361602783,
                "z": -2.106123447418213,
                "visibility": 0.9958708882331848
            },
            {
                "x": 0.5391720533370972,
                "y": 0.39877116680145264,
                "z": -2.106959819793701,
                "visibility": 0.9959930181503296
            },
            {
                "x": 0.5719971656799316,
                "y": 0.4012514352798462,
                "z": -2.107238292694092,
                "visibility": 0.995053231716156
            },
            {
                "x": 0.40269404649734497,
                "y": 0.3975863456726074,
                "z": -2.064253807067871,
                "visibility": 0.9964064955711365
            },
            {
                "x": 0.3772134780883789,
                "y": 0.39743542671203613,
                "z": -2.063913345336914,
                "visibility": 0.9967594742774963
            },
            {
                "x": 0.3554934859275818,
                "y": 0.3980597257614136,
                "z": -2.0648531913757324,
                "visibility": 0.9968277812004089
            },
            {
                "x": 0.6519967317581177,
                "y": 0.43925830721855164,
                "z": -1.4604501724243164,
                "visibility": 0.9963082075119019
            },
            {
                "x": 0.3687482476234436,
                "y": 0.42703282833099365,
                "z": -1.2414530515670776,
                "visibility": 0.9975442290306091
            },
            {
                "x": 0.5166550278663635,
                "y": 0.5647661685943604,
                "z": -1.925992727279663,
                "visibility": 0.997622549533844
            },
            {
                "x": 0.383745938539505,
                "y": 0.5569732189178467,
                "z": -1.8662748336791992,
                "visibility": 0.9983614087104797
            },
            {
                "x": 0.9069735407829285,
                "y": 0.8622140288352966,
                "z": -1.007767677307129,
                "visibility": 0.9252048134803772
            },
            {
                "x": 0.19663628935813904,
                "y": 0.8039605021476746,
                "z": -0.6310504674911499,
                "visibility": 0.982769250869751
            },
            {
                "x": 1.080439805984497,
                "y": 1.3066177368164062,
                "z": -1.1407667398452759,
                "visibility": 0.07992549240589142
            },
            {
                "x": -0.0008244514465332031,
                "y": 1.2827484607696533,