{
    "face": {
        "face_count": 1,
        "face_embeddings": [
            [
                -0.08701173216104507,
                0.08289164304733276,
                0.011624276638031006,
                -0.07593190670013428,
                -0.12418601661920547,
                0.003814792726188898,
                -0.022989483550190926,
                -0.04241228103637695,
                0.14066609740257263,
                -0.1575346291065216,
                0.18970656394958496,
                -0.12245146185159683,
                -0.24190565943717957,
                -0.0010396980214864016,
                -0.06075029820203781,
                0.2352624237537384,
                -0.06710127741098404,
                -0.17495067417621613,
                -0.11237582564353943,
                0.028291303664445877,
                0.12086185812950134,
                0.05623512342572212,
                -0.05315356329083443,
                0.11247832328081131,
                -0.09145090728998184,
                -0.3290489912033081,
                -0.08143860846757889,
                0.004888760857284069,
                -0.08797116577625275,
                -0.09320579469203949,
                -0.05174240097403526,
                0.03135434165596962,
                -0.17898458242416382,
                -0.039278313517570496,
                0.04487397521734238,
                0.1263960599899292,
                -0.0023047365248203278,
                -0.10481984168291092,
                0.15994828939437866,
                0.022202929481863976,
                -0.35601353645324707,
                0.07319697737693787,
                0.16153459250926971,
                0.2302136868238449,
                0.1293526440858841,
                0.01890389434993267,
                -0.02283887006342411,
                -0.16162165999412537,
                0.12446121871471405,
                -0.2285834699869156,
                0.0445464551448822,
                0.12950971722602844,
                0.09033448994159698,
                0.07631660252809525,
                0.032042987644672394,
                -0.10142657905817032,
                0.03479354828596115,
                0.14669117331504822,
                -0.12711036205291748,
                -0.03084385022521019,
                0.10195104032754898,
                -0.043396130204200745,
                0.004358261823654175,
                -0.1541214883327484,
                0.16340696811676025,
                0.08909549564123154,
                -0.10074451565742493,
                -0.22017140686511993,
                0.1266070008277893,
                -0.20218005776405334,
                -0.1341208666563034,
                0.10811720788478851,
                -0.10727041959762573,
                -0.19101174175739288,
                -0.3332207202911377,
                0.03636343777179718,
                0.32602736353874207,
                0.16886316239833832,
                -0.1618824601173401,
                0.0655796155333519,
                0.013556412421166897,
                0.020748600363731384,
                0.08585847914218903,
                0.15058529376983643,
                0.018466945737600327,
                0.054027196019887924,
                -0.08433954417705536,
                0.018720969557762146,
                0.31186559796333313,
                -0.042498789727687836,
                0.010689240880310535,
                0.23730428516864777,
                0.049786489456892014,
                0.0477348156273365,
                0.018986668437719345,
                0.060038380324840546,
                -0.07409608364105225,
                0.00424056313931942,
                -0.1977461278438568,
                0.027351533994078636,
                -0.014828384853899479,
                0.006963950581848621,
                -0.03590518236160278,
                0.12034381926059723,
                -0.19071011245250702,
                0.11433697491884232,
                -0.042853888124227524,
                -0.0344560369849205,
                -0.02789854072034359,
                0.055460404604673386,
                -0.10103016346693039,
                -0.045943066477775574,
                0.09927317500114441,
                -0.17052502930164337,
                0.1328934282064438,
                0.14163534343242645,
                0.09896379709243774,
                0.04775799438357353,
                0.17823092639446259,
                0.08344748616218567,
                0.0261753648519516,
                -0.06300022453069687,
                -0.2503969669342041,
                -0.0550704151391983,
                0.15284296870231628,
                -0.04996694624423981,
                0.0687321200966835,
                0.017124293372035027
            ]
        ]
    },
    "hand": {
        "hand_count": 0,
        "hand_landmarks": []
    },
    "body": {
        "landmark_count": 33,
        "landmarks": [
            {
                "x": 0.5281217098236084,
                "y": 0.25533896684646606,
                "z": -2.021879196166992,
                "visibility": 0.9996893405914307
            },
            {
                "x": 0.5751670002937317,
                "y": 0.21781820058822632,
                "z": -1.9123519659042358,
                "visibility": 0.9995113611221313
            },
            {
                "x": 0.5998768210411072,
                "y": 0.21873754262924194,
                "z": -1.9131805896759033,
                "visibility": 0.9994409680366516
            },
            {
                "x": 0.6226025819778442,
                "y": 0.22018736600875854,
                "z": -1.9131114482879639,
                "visibility": 0.9994385838508606
            },
            {
                "x": 0.489846795797348,
                "y": 0.2182791829109192,
                "z": -1.9210519790649414,
                "visibility": 0.9994888305664062
            },
            {
                "x": 0.462442547082901,
                "y": 0.2196008414030075,
                "z": -1.9212980270385742,
                "visibility": 0.9994982481002808
            },
            {
                "x": 0.43701210618019104,
                "y": 0.2218952775001526,
                "z": -1.9223524332046509,
                "visibility": 0.9995347261428833
            },
            {
                "x": 0.6671852469444275,
                "y": 0.2477637529373169,
                "z": -1.1993391513824463,
                "visibility": 0.9993322491645813
            },
            {
                "x": 0.41661643981933594,
                "y": 0.2528127431869507,
                "z": -1.228461503982544,
                "visibility": 0.9993053674697876
            },
            {
                "x": 0.5828583836555481,
                "y": 0.309722363948822,
                "z": -1.7572672367095947,
                "visibility": 0.9998292922973633
            },
            {
                "x": 0.48112422227859497,
                "y": 0.3123711943626404,
                "z": -1.767395257949829,
                "visibility": 0.9998111128807068
            },
            {
                "x": 0.8410436511039734,
                "y": 0.5294765830039978,
                "z": -0.7202302813529968,
                "visibility": 0.9967255592346191
            },
            {
                "x": 0.25031259655952454,
                "y": 0.5173433423042297,
                "z": -0.7156059145927429,
                "visibility": 0.9966487288475037
            },
            {
                "x": 0.8855862617492676,
                "y": 0.8675983548164368,
                "z": -0.47981786727905273,
                "visibility": 0.8311834335327148
            },
            {
                "x": 0.20150402188301086,
                "y": 0.8475660085678101,