{
    "face": {
        "face_count": 1,
        "face_embeddings": [
            [
                -0.07196884602308273,
                0.07669632136821747,
                0.05526328086853027,
                -0.06780973076820374,
                -0.12683168053627014,
                0.02088397927582264,
                -0.04659268260002136,
                -0.06658419221639633,
                0.10164553672075272,
                -0.16936378180980682,
                0.24833744764328003,
                -0.1079094260931015,
                -0.2419518083333969,
                -0.03439292311668396,
                -0.057565946131944656,
                0.20019367337226868,
                -0.12752458453178406,
                -0.1948818862438202,
                -0.05685977265238762,
                0.028969943523406982,
                0.11713354289531708,
                0.06297891587018967,
                -0.07865430414676666,
                0.014360792934894562,
                -0.1086328849196434,
                -0.30871787667274475,
                -0.07787645608186722,
                0.00598528329282999,
                -0.07348699122667313,
                -0.10488240420818329,
                -0.041386235505342484,
                0.030530674383044243,
                -0.18684877455234528,
                0.007135389372706413,
                0.04690152406692505,
                0.1572120487689972,
                -0.03552363067865372,
                -0.0948203057050705,
                0.1352328509092331,
                0.04881437495350838,
                -0.27977994084358215,
                0.07487724721431732,
                0.0833306610584259,
                0.22362171113491058,
                0.12958692014217377,
                0.01321179699152708,
                -0.0506698414683342,
                -0.13618521392345428,
                0.10761262476444244,
                -0.2122381627559662,
                0.013086017221212387,
                0.16758382320404053,
                0.11420220136642456,
                0.0968380719423294,
                -0.002109222114086151,
                -0.11736611276865005,
                0.008471528999507427,
                0.12751710414886475,
                -0.11709894239902496,
                -0.02312355302274227,
                0.08372683078050613,
                -0.08592414855957031,
                0.004139851778745651,
                -0.16100458800792694,
                0.1363552212715149,
                0.03954607993364334,
                -0.12362080812454224,
                -0.20088598132133484,
                0.09418758749961853,
                -0.15616518259048462,
                -0.1475786715745926,
                0.09972553700208664,
                -0.13058719038963318,
                -0.20621344447135925,
                -0.28409287333488464,
                0.04595286399126053,
                0.3039930760860443,
                0.12173427641391754,
                -0.18676820397377014,
                0.01749156042933464,
                0.04251789301633835,
                0.011586645618081093,
                0.07930318266153336,
                0.14944081008434296,
                0.05570489913225174,
                0.05222800746560097,
                -0.09922849386930466,
                0.005688060075044632,
                0.27617067098617554,
                -0.09125243872404099,
                -0.005149988457560539,
                0.22592192888259888,
                -0.007077340967953205,
                0.08954523503780365,
                0.01410251297056675,
                0.01807475835084915,
                -0.01588740199804306,
                0.02411963976919651,
                -0.15205703675746918,
                0.021704819053411484,
                -0.04771401733160019,
                -0.04720164090394974,
                -0.0775027796626091,
                0.0937691256403923,
                -0.11454140394926071,
                0.1059659942984581,
                -0.020764049142599106,
                -0.010272683575749397,
                -0.052660949528217316,
                -0.012008142657577991,
                -0.10718072950839996,
                -0.04012317955493927,
                0.1184103786945343,
                -0.2268974930047989,
                0.16965527832508087,
                0.1972663551568985,
                0.08366044610738754,
                0.07818062603473663,
                0.1667279154062271,
                0.06868888437747955,
                0.006971214432269335,
                -0.05484158545732498,
                -0.23738539218902588,
                -0.07370804250240326,
                0.09156504273414612,
                -0.009430810809135437,
                0.03221758455038071,
                -0.01563493348658085
            ]
        ]
    },
    "hand": {
        "hand_count": 0,
        "hand_landmarks": []
    },
    "body": {
        "landmark_count": 33,
        "landmarks": [
            {
                "x": 0.5106034278869629,
                "y": 0.4606344699859619,
                "z": -3.146375894546509,
                "visibility": 0.9945178627967834
            },
            {
                "x": 0.5888717770576477,
                "y": 0.37866127490997314,
                "z": -2.968271493911743,
                "visibility": 0.9921572208404541
            },
            {
                "x": 0.6419476866722107,
                "y": 0.3800710439682007,
                "z": -2.969656467437744,
                "visibility": 0.9922135472297668
            },
            {
                "x": 0.6894882917404175,
                "y": 0.3823806047439575,
                "z": -2.9703667163848877,
                "visibility": 0.9904885292053223
            },
            {
                "x": 0.41682955622673035,
                "y": 0.37947046756744385,
                "z": -2.9837801456451416,
                "visibility": 0.993641197681427
            },
            {
                "x": 0.3622746765613556,
                "y": 0.3831048011779785,
                "z": -2.9835028648376465,
                "visibility": 0.9943700432777405
            },
            {
                "x": 0.3199853003025055,
                "y": 0.3878157138824463,
                "z": -2.985156536102295,
                "visibility": 0.9947745203971863
            },
            {
                "x": 0.7659608125686646,
                "y": 0.4218968152999878,
                "z": -1.7537627220153809,
                "visibility": 0.9906407594680786
            },
            {
                "x": 0.27026990056037903,
                "y": 0.4268453121185303,
                "z": -1.7905337810516357,
                "visibility": 0.9959514141082764
            },
            {
                "x": 0.6186794638633728,
                "y": 0.5520262718200684,
                "z": -2.6778037548065186,
                "visibility": 0.9957037568092346
            },
            {
                "x": 0.4131374955177307,
                "y": 0.5536775588989258,
                "z": -2.68984317779541,
                "visibility": 0.997607946395874
            },
            {
                "x": 0.9973214864730835,
                "y": 0.8593330383300781,
                "z": -0.9944173693656921,
                "visibility": 0.9513375163078308
            },
            {
                "x": -0.028530508279800415,
                "y": 0.8310481309890747,
                "z": -1.044884204864502,
                "visibility": 0.977779746055603
            },
            {
                "x": 1.171235203742981,
                "y": 1.309023380279541,
                "z": -1.1535199880599976,
                "visibility": 0.07343960553407669
            },
            {
                "x": -0.34476399421691895,
                "y": 1.3012058734893799,