{
    "face": {
        "face_count": 1,
        "face_embeddings": [
            [
                -0.1332693099975586,
                0.05130509287118912,
                0.09314078837633133,
                -0.06300299614667892,
                -0.11175291240215302,
                -0.009752979502081871,
                -0.05225341394543648,
                -0.10805821418762207,
                0.11962597817182541,
                -0.1963176429271698,
                0.22639861702919006,
                -0.14108793437480927,
                -0.2255469560623169,
                -0.005874478258192539,
                -0.035824116319417953,
                0.23348580300807953,
                -0.07020701467990875,
                -0.19777773320674896,
                -0.07311048358678818,
                -0.0038431910797953606,
                0.06508944183588028,
                0.04516899958252907,
                -0.058517880737781525,
                0.0501675084233284,
                -0.1251372992992401,
                -0.32341983914375305,
                -0.13237567245960236,
                -0.0019330643117427826,
                -0.08377528190612793,
                -0.14752978086471558,
                -0.04015292227268219,
                0.019917579367756844,
                -0.19078421592712402,
                0.011124012060463428,
                0.01685190014541149,
                0.1718340367078781,
                0.022133992984890938,
                -0.09918579459190369,
                0.08754170686006546,
                0.027508923783898354,
                -0.31726858019828796,
                0.08154535293579102,
                0.08568503707647324,
                0.24916906654834747,
                0.15066301822662354,
                0.004231419879943132,
                -0.04451519995927811,
                -0.1782170534133911,
                0.09292308241128922,
                -0.1914287954568863,
                0.030425366014242172,
                0.11385642737150192,
                0.04791155457496643,
                0.058710977435112,
                0.022186243906617165,
                -0.12693504989147186,
                0.0351264551281929,
                0.11141633987426758,
                -0.14841602742671967,
                0.02103077620267868,
                0.09650712460279465,
                -0.059803225100040436,
                0.02091764472424984,
                -0.12133597582578659,
                0.1260591745376587,
                0.09079735726118088,
                -0.11452090740203857,
                -0.2303667813539505,
                0.10108380019664764,
                -0.20706430077552795,
                -0.09252147376537323,
                0.09528669714927673,
                -0.14906376600265503,
                -0.22542022168636322,
                -0.3811798095703125,
                0.0017084591090679169,
                0.3123989403247833,
                0.09856664389371872,
                -0.20218877494335175,
                0.05659862235188484,
                0.037529923021793365,
                0.022329920902848244,
                0.10090529173612595,
                0.1927875578403473,
                0.07068775594234467,
                0.04635797441005707,
                -0.1039426177740097,
                0.02416420355439186,
                0.30171093344688416,
                -0.06629455089569092,
                -0.0004759908188134432,
                0.23108424246311188,
                -0.03588800132274628,
                0.02858462929725647,
                0.006890329997986555,
                0.10327503085136414,
                -0.07060498744249344,
                -0.0016521529760211706,
                -0.1471099555492401,
                0.005487194750458002,
                -0.051147472113370895,
                -0.0248274989426136,
                -0.08146002888679504,
                0.1140802726149559,
                -0.1827218383550644,
                0.15682639181613922,
                -0.013702425174415112,
                -0.016784148290753365,
                -0.07478490471839905,
                0.0025768661871552467,
                -0.0848182812333107,
                -0.016528066247701645,
                0.14810512959957123,
                -0.2277807742357254,
                0.16432060301303864,
                0.23717232048511505,
                0.06663922220468521,
                0.07207249850034714,
                0.13312062621116638,
                0.07180948555469513,
                -0.002511346247047186,
                -0.018144818022847176,
                -0.22033873200416565,
                -0.02955501340329647,
                0.03239930048584938,
                -0.05499034374952316,
                0.023627549409866333,
                0.0372912771999836
            ]
        ]
    },
    "hand": {
        "hand_count": 0,
        "hand_landmarks": []
    },
    "body": {
        "landmark_count": 33,
        "landmarks": [
            {
                "x": 0.4749143719673157,
                "y": 0.5564745664596558,
                "z": -1.3446502685546875,
                "visibility": 0.9999058246612549
            },
            {
                "x": 0.5248653888702393,
                "y": 0.44611096382141113,
                "z": -1.3386558294296265,
                "visibility": 0.9998201727867126
            },
            {
                "x": 0.5573710799217224,
                "y": 0.4408550262451172,
                "z": -1.3383896350860596,
                "visibility": 0.9998157620429993
            },
            {
                "x": 0.5820671916007996,
                "y": 0.4388188123703003,
                "z": -1.3381328582763672,
                "visibility": 0.9997285008430481
            },
            {
                "x": 0.4336896240711212,
                "y": 0.46372807025909424,
                "z": -1.2896287441253662,
                "visibility": 0.9998631477355957
            },
            {
                "x": 0.4122813940048218,
                "y": 0.4672478437423706,
                "z": -1.2885664701461792,
                "visibility": 0.999853253364563
            },
            {
                "x": 0.3953210413455963,
                "y": 0.47028231620788574,
                "z": -1.2885974645614624,
                "visibility": 0.999840497970581
            },
            {
                "x": 0.6351882815361023,
                "y": 0.44733619689941406,
                "z": -0.9823904633522034,
                "visibility": 0.9998431205749512
            },
            {
                "x": 0.39688462018966675,
                "y": 0.49608245491981506,
                "z": -0.7239298820495605,
                "visibility": 0.9998736381530762
            },
            {
                "x": 0.5594972968101501,
                "y": 0.6437410116195679,
                "z": -1.1945229768753052,
                "visibility": 0.9998722076416016
            },
            {
                "x": 0.4536239504814148,
                "y": 0.6471941471099854,
                "z": -1.122484803199768,
                "visibility": 0.9998598098754883
            },
            {
                "x": 0.8541052341461182,
                "y": 0.7821078896522522,
                "z": -0.7033489942550659,
                "visibility": 0.9866389036178589
            },
            {
                "x": 0.30188968777656555,
                "y": 0.8815388083457947,
                "z": -0.3368733525276184,
                "visibility": 0.9984315037727356
            },
            {
                "x": 1.04853355884552,
                "y": 1.287924885749817,
                "z": -1.0077569484710693,
                "visibility": 0.4130038022994995
            },
            {
                "x": 0.23404262959957123,
                "y": 1.4822750091552734,