{
    "face": {
        "face_count": 1,
        "face_embeddings": [
            [
                -0.08291272819042206,
                0.03673950582742691,
                0.04784763976931572,
                -0.07059252262115479,
                -0.12824834883213043,
                0.018817991018295288,
                -0.0530703067779541,
                -0.09511680155992508,
                0.11942491680383682,
                -0.1265377402305603,
                0.23674090206623077,
                -0.12329016625881195,
                -0.2296278029680252,
                -7.120240479707718e-05,
                -0.05959443002939224,
                0.20844204723834991,
                -0.13424253463745117,
                -0.21792574226856232,
                -0.021313920617103577,
                0.0448029525578022,
                0.09840353578329086,
                0.006155326962471008,
                -0.06948528438806534,
                0.06336940824985504,
                -0.13228575885295868,
                -0.3443514406681061,
                -0.10698340088129044,
                -0.02839762717485428,
                -0.08872012794017792,
                -0.10968820750713348,
                0.0019732913933694363,
                -0.0016086167888715863,
                -0.1798965334892273,
                0.019302353262901306,
                0.06436846405267715,
                0.12199977040290833,
                -0.0065816487185657024,
                -0.1466275304555893,
                0.13782183825969696,
                0.015364463441073895,
                -0.3327159285545349,
                0.0734926164150238,
                0.14933094382286072,
                0.21896526217460632,
                0.1349504292011261,
                -0.0038548249285668135,
                -0.03562791645526886,
                -0.18522971868515015,
                0.10835468024015427,
                -0.20475399494171143,
                0.02027909830212593,
                0.15166811645030975,
                0.08470134437084198,
                0.0701214149594307,
                0.004886687733232975,
                -0.09317408502101898,
                0.020821139216423035,
                0.13199886679649353,
                -0.18544936180114746,
                0.028917362913489342,
                0.12474680691957474,
                -0.03141489624977112,
                0.014158596284687519,
                -0.18979741632938385,
                0.10722144693136215,
                0.07702618092298508,
                -0.14607404172420502,
                -0.22288066148757935,
                0.07646152377128601,
                -0.20848862826824188,
                -0.12237218022346497,
                0.11427844315767288,
                -0.12792019546031952,
                -0.28255653381347656,
                -0.3085598051548004,
                0.002475285902619362,
                0.31558483839035034,
                0.14202046394348145,
                -0.18130768835544586,
                0.015147410333156586,
                0.04462476819753647,
                0.005220075137913227,
                0.07741958647966385,
                0.1702398955821991,
                0.09374190121889114,
                0.02733708918094635,
                -0.0843597799539566,
                -0.00023473147302865982,
                0.31459274888038635,
                -0.05962217226624489,
                0.02442215383052826,
                0.2387695461511612,
                -0.03305025398731232,
                0.026231177151203156,
                -0.010939483530819416,
                0.1131884902715683,
                -0.05897606909275055,
                0.043687768280506134,
                -0.17045529186725616,
                0.02454877272248268,
                -0.10508714616298676,
                -0.003067498095333576,
                -0.03922463580965996,
                0.07426907867193222,
                -0.15492528676986694,
                0.11043872684240341,
                -0.008233372122049332,
                -0.04315527155995369,
                -0.05611085146665573,
                -0.00842808373272419,
                -0.09852403402328491,
                -0.03984656184911728,
                0.14104458689689636,
                -0.2458076924085617,
                0.16033102571964264,
                0.19688574969768524,
                0.13225793838500977,
                0.06759944558143616,
                0.12384688854217529,
                0.060541603714227676,
                -0.0006960444152355194,
                -0.07830652594566345,
                -0.2299662083387375,
                -0.029462195932865143,
                0.02689957432448864,
                -0.05351440981030464,
                0.025793729349970818,
                -0.018196137621998787
            ]
        ]
    },
    "hand": {
        "hand_count": 0,
        "hand_landmarks": []
    },
    "body": {
        "landmark_count": 33,
        "landmarks": [
            {
                "x": 0.4368132948875427,
                "y": 0.3685981035232544,
                "z": -2.0185768604278564,
                "visibility": 0.9983779191970825
            },
            {
                "x": 0.5090957283973694,
                "y": 0.30853497982025146,
                "z": -1.926131248474121,
                "visibility": 0.9964810609817505
            },
            {
                "x": 0.5594625473022461,
                "y": 0.3080430030822754,
                "z": -1.9272977113723755,
                "visibility": 0.9966777563095093
            },
            {
                "x": 0.6024894118309021,
                "y": 0.309650182723999,
                "z": -1.9286551475524902,
                "visibility": 0.9958529472351074
            },
            {
                "x": 0.38479822874069214,
                "y": 0.3132826089859009,
                "z": -1.8737728595733643,
                "visibility": 0.9967620372772217
            },
            {
                "x": 0.3524777889251709,
                "y": 0.3160353899002075,
                "z": -1.8731855154037476,
                "visibility": 0.9973896145820618
            },
            {
                "x": 0.3222068250179291,
                "y": 0.3193596601486206,
                "z": -1.8745880126953125,
                "visibility": 0.997280478477478
            },
            {
                "x": 0.6770768165588379,
                "y": 0.34273719787597656,
                "z": -1.2208881378173828,
                "visibility": 0.9961873888969421
            },
            {
                "x": 0.3130371868610382,
                "y": 0.3540351390838623,
                "z": -0.9120008945465088,
                "visibility": 0.9979960918426514
            },
            {
                "x": 0.5414437651634216,
                "y": 0.43191564083099365,
                "z": -1.749799132347107,
                "visibility": 0.9991920590400696
            },
            {
                "x": 0.3816440999507904,
                "y": 0.4360102415084839,
                "z": -1.6631159782409668,
                "visibility": 0.99918133020401
            },
            {
                "x": 0.9467889666557312,
                "y": 0.6900103092193604,
                "z": -0.8390295505523682,
                "visibility": 0.9824784398078918
            },
            {
                "x": 0.16087588667869568,
                "y": 0.6664141416549683,
                "z": -0.5356868505477905,
                "visibility": 0.9966555833816528
            },
            {
                "x": 1.1393954753875732,
                "y": 1.085977554321289,
                "z": -0.9077950119972229,
                "visibility": 0.14401493966579437
            },
            {
                "x": 0.026634247973561287,
                "y": 1.064017653465271,