{
    "face": {
        "face_count": 1,
        "face_embeddings": [
            [
                -0.15887585282325745,
                0.07352945953607559,
                0.06208981201052666,
                -0.03692247346043587,
                -0.13456575572490692,
                -0.02406195178627968,
                -0.0956883430480957,
                -0.09650499373674393,
                0.0810711532831192,
                -0.12210093438625336,
                0.1856207698583603,
                -0.15176799893379211,
                -0.2690000832080841,
                0.03584020957350731,
                -0.022048141807317734,
                0.20845825970172882,
                -0.06288346648216248,
                -0.1409359872341156,
                -0.08964776992797852,
                0.0040788426995277405,
                0.09982246160507202,
                0.01987726055085659,
                -0.04584505036473274,
                0.06342221051454544,
                -0.06578903645277023,
                -0.3429415822029114,
                -0.11771242320537567,
                -0.017234742641448975,
                -0.06376979500055313,
                -0.09907760471105576,
                -0.0294753760099411,
                -0.0225821565836668,
                -0.17447252571582794,
                -0.009241195395588875,
                0.017479686066508293,
                0.12297572195529938,
                -0.0006482495227828622,
                -0.10514384508132935,
                0.09143003076314926,
                -0.003136209212243557,
                -0.3270259499549866,
                0.10228876024484634,
                0.09839677065610886,
                0.20164652168750763,
                0.17973437905311584,
                0.04090069979429245,
                -0.027614008635282516,
                -0.16951879858970642,
                0.11807163059711456,
                -0.18864914774894714,
                -0.010886266827583313,
                0.13219866156578064,
                0.02850005403161049,
                0.053631916642189026,
                0.022276435047388077,
                -0.11746072769165039,
                0.034036193042993546,
                0.16163018345832825,
                -0.19275090098381042,
                0.022014031186699867,
                0.08920040726661682,
                -0.03223274648189545,
                0.0056066736578941345,
                -0.1418711394071579,
                0.15301108360290527,
                0.09200862050056458,
                -0.1337035447359085,
                -0.2119653970003128,
                0.09755796939134598,
                -0.2084244191646576,
                -0.0799049586057663,
                0.12186161428689957,
                -0.1584702581167221,
                -0.2626762390136719,
                -0.34367886185646057,
                0.03991461545228958,
                0.35333338379859924,
                0.12166552990674973,
                -0.16231682896614075,
                0.06317134201526642,
                0.036799006164073944,
                0.0028331787325441837,
                0.08267088234424591,
                0.1651715785264969,
                0.04697880148887634,
                0.02900886721909046,
                -0.0701776072382927,
                -0.008267402648925781,
                0.29922381043434143,
                -0.04653937742114067,
                0.01389929186552763,
                0.273113489151001,
                -0.003699013963341713,
                0.051734283566474915,
                -0.0014214501716196537,
                0.10082793980836868,
                -0.06841712445020676,
                -0.05738319084048271,
                -0.18247978389263153,
                -0.04536151885986328,
                -0.06012304499745369,
                -0.04117968678474426,
                -0.04853605479001999,
                0.06497238576412201,
                -0.17497055232524872,
                0.12802259624004364,
                -0.007613001391291618,
                0.014295272529125214,
                -0.08901854604482651,
                0.0033738974016159773,
                -0.0813979059457779,
                0.006871061399579048,
                0.1548795849084854,
                -0.22347435355186462,
                0.17169474065303802,
                0.2220156490802765,
                0.1408933401107788,
                0.05237419158220291,
                0.1458894908428192,
                0.027605384588241577,
                0.015056799165904522,
                -0.026122167706489563,
                -0.2065219283103943,
                -0.029408996924757957,
                0.08153831213712692,
                -0.04445638135075569,
                0.03489616513252258,
                0.026489153504371643
            ]
        ]
    },
    "hand": {
        "hand_count": 1,
        "hand_landmarks": [
            [
                {
                    "x": 0.19930864870548248,
                    "y": 0.5182101726531982,
                    "z": 2.905833014210657e-07,
                    "visibility": 0.0
                },
                {
                    "x": 0.26217058300971985,
                    "y": 0.5137964487075806,
                    "z": 0.027958912774920464,
                    "visibility": 0.0
                },
                {
                    "x": 0.3039903938770294,
                    "y": 0.5055376291275024,
                    "z": 0.034442827105522156,
                    "visibility": 0.0
                },
                {
                    "x": 0.34877151250839233,
                    "y": 0.5078333616256714,
                    "z": 0.028034429997205734,
                    "visibility": 0.0
                },
                {
                    "x": 0.38808512687683105,
                    "y": 0.5062661170959473,
                    "z": 0.021379778161644936,
                    "visibility": 0.0
                },
                {
                    "x": 0.23475243151187897,
                    "y": 0.43262919783592224,
                    "z": 0.06775246560573578,
                    "visibility": 0.0
                },
                {
                    "x": 0.2713086009025574,
                    "y": 0.406524658203125,
                    "z": 0.0685071274638176,
                    "visibility": 0.0
                },
                {
                    "x": 0.31182700395584106,
                    "y": 0.4034474492073059,
                    "z": 0.06009557470679283,
                    "visibility": 0.0
                },
                {
                    "x": 0.34030681848526,
                    "y": 0.4078207015991211,
                    "z": 0.05437085032463074,
                    "visibility": 0.0
                },
                {
                    "x": 0.22339501976966858,
                    "y": 0.42133280634880066,
                    "z": 0.0433962307870388,
                    "visibility": 0.0
                },
                {
                    "x": 0.27155229449272156,
                    "y": 0.380113810300827,
                    "z": 0.04219381511211395,
                    "visibility": 0.0
                },
                {
                    "x": 0.31932324171066284,
                    "y": 0.3813227415084839,
                    "z": 0.03166532516479492,
                    "visibility": 0.0
                },
                {
                    "x": 0.3513076901435852,
                    "y": 0.39571917057037354,
                    "z": 0.025896813720464706,
                    "visibility": 0.0
                },
                {
                    "x": 0.2173323631286621,
                    "y": 0.41384586691856384,
                    "z": 0.01657828316092491,