{
    "face": {
        "face_count": 1,
        "face_embeddings": [
            [
                -0.03461070731282234,
                0.06013905256986618,
                0.06628439575433731,
                -0.07643633335828781,
                -0.1329350769519806,
                -0.048896096646785736,
                -0.11528700590133667,
                -0.07851651310920715,
                0.1526123434305191,
                -0.16832134127616882,
                0.20663151144981384,
                -0.057500943541526794,
                -0.14471320807933807,
                -0.04851173609495163,
                -0.008593035861849785,
                0.21377277374267578,
                -0.2180480808019638,
                -0.16899226605892181,
                -0.04450681060552597,
                0.037694185972213745,
                0.04124807193875313,
                0.053588055074214935,
                -0.008676704950630665,
                0.0189965907484293,
                -0.13763092458248138,
                -0.38758644461631775,
                -0.07606076449155807,
                -0.015555283986032009,
                -0.04124591499567032,
                -0.03633696213364601,
                -0.028302516788244247,
                0.031118938699364662,
                -0.17993000149726868,
                0.03347437083721161,
                0.03902384266257286,
                0.05179651826620102,
                -0.027916472405195236,
                -0.11194084584712982,
                0.1801578551530838,
                0.0007836516015231609,
                -0.3502763509750366,
                0.042520999908447266,
                0.07867220789194107,
                0.19363108277320862,
                0.22978425025939941,
                -0.03870981186628342,
                -0.014229683205485344,
                -0.1111314445734024,
                0.1313316375017166,
                -0.213119775056839,
                0.03204534575343132,
                0.1638789027929306,
                -0.02907656505703926,
                0.06952999532222748,
                0.017366033047437668,
                -0.0792468786239624,
                -0.0009486153721809387,
                0.16610704362392426,
                -0.13004834949970245,
                -0.02317827194929123,
                0.09911184757947922,
                -0.049564018845558167,
                -0.0023476448841392994,
                -0.08852195739746094,
                0.17376269400119781,
                0.11414451897144318,
                -0.0952560305595398,
                -0.28179821372032166,
                0.09039048105478287,
                -0.19133615493774414,
                -0.138051837682724,
                0.0599951446056366,
                -0.15400634706020355,
                -0.21881362795829773,
                -0.3222423195838928,
                0.007778506726026535,
                0.2855067551136017,
                0.13290619850158691,
                -0.18166331946849823,
                0.05808187648653984,
                0.04618540778756142,
                -0.0073647284880280495,
                0.1482114940881729,
                0.1598091721534729,
                0.04702554643154144,
                0.03470763564109802,
                -0.08577054738998413,
                0.018975770100951195,
                0.2991877496242523,
                -0.04682913422584534,
                -0.034387312829494476,
                0.2630898058414459,
                -0.01792045496404171,
                0.03379329293966293,
                0.015069045126438141,
                0.03007645532488823,
                -0.036661531776189804,
                0.0600317046046257,
                -0.209819495677948,
                0.004205566830933094,
                0.07492025196552277,
                0.04827461019158363,
                -0.026619434356689453,
                0.16671636700630188,
                -0.11962776631116867,
                0.1508057862520218,
                -0.029079115018248558,
                0.028653033077716827,
                0.012316559441387653,
                0.018719743937253952,
                -0.09491699188947678,
                -0.07768228650093079,
                0.11716660857200623,
                -0.131049245595932,
                0.22415336966514587,
                0.14126603305339813,
                0.14448541402816772,
                0.08913417905569077,
                0.13835503160953522,
                0.03544013574719429,
                -0.0034727067686617374,
                -0.021615702658891678,
                -0.21939195692539215,
                -0.003475415986031294,
                0.06752153486013412,
                -0.010559722781181335,
                0.08921593427658081,
                0.021060358732938766
            ]
        ]
    },
    "hand": {
        "hand_count": 0,
        "hand_landmarks": []
    },
    "body": {
        "landmark_count": 33,
        "landmarks": [
            {
                "x": 0.38745978474617004,
                "y": 0.482433557510376,
                "z": -2.9692463874816895,
                "visibility": 0.9967844486236572
            },
            {
                "x": 0.4974181056022644,
                "y": 0.4144396483898163,
                "z": -2.9510016441345215,
                "visibility": 0.9970777034759521
            },
            {
                "x": 0.5508000254631042,
                "y": 0.4198579788208008,
                "z": -2.9520914554595947,
                "visibility": 0.9955865144729614
            },
            {
                "x": 0.5988405346870422,
                "y": 0.4255990982055664,
                "z": -2.953733444213867,
                "visibility": 0.9968528151512146
            },
            {
                "x": 0.35454824566841125,
                "y": 0.3925354480743408,
                "z": -2.794206142425537,
                "visibility": 0.9966779947280884
            },
            {
                "x": 0.3191734552383423,
                "y": 0.384602427482605,
                "z": -2.7926857471466064,
                "visibility": 0.9946862459182739
            },
            {
                "x": 0.2910037040710449,
                "y": 0.37780749797821045,
                "z": -2.7930450439453125,
                "visibility": 0.9956788420677185
            },
            {
                "x": 0.7023290991783142,
                "y": 0.46157312393188477,
                "z": -2.241192102432251,
                "visibility": 0.997144877910614
            },
            {
                "x": 0.31134921312332153,
                "y": 0.3996838331222534,
                "z": -1.4844945669174194,
                "visibility": 0.9954604506492615
            },
            {
                "x": 0.4727841913700104,
                "y": 0.5784976482391357,
                "z": -2.672332286834717,
                "visibility": 0.9990295171737671
            },
            {
                "x": 0.30812332034111023,
                "y": 0.5551853179931641,
                "z": -2.4564125537872314,
                "visibility": 0.9985412359237671
            },
            {
                "x": 0.9480754137039185,
                "y": 0.8127442598342896,
                "z": -2.0119991302490234,
                "visibility": 0.9565325975418091
            },
            {
                "x": 0.18464213609695435,
                "y": 0.7311395406723022,
                "z": -0.2689426839351654,
                "visibility": 0.9769235253334045
            },
            {
                "x": 1.2862958908081055,
                "y": 1.3000468015670776,
                "z": -2.4148049354553223,
                "visibility": 0.23578792810440063
            },
            {
                "x": 0.022623777389526367,
                "y": 1.1521306037902832,