{
    "face": {
        "face_count": 1,
        "face_embeddings": [
            [
                -0.10866296291351318,
                0.05768969655036926,
                0.0305649321526289,
                -0.09711350500583649,
                -0.11288921535015106,
                -0.008151102811098099,
                -0.10742643475532532,
                -0.049797069281339645,
                0.16421860456466675,
                -0.21720947325229645,
                0.2255660891532898,
                -0.07382107526063919,
                -0.17359089851379395,
                -0.02260030061006546,
                -0.017609260976314545,
                0.22120855748653412,
                -0.21879225969314575,
                -0.15410321950912476,
                -0.051708027720451355,
                0.00593116320669651,
                0.08914677798748016,
                0.04468226432800293,
                -0.043702080845832825,
                0.05912993103265762,
                -0.12422387301921844,
                -0.38622546195983887,
                -0.08065128326416016,
                -0.021349703893065453,
                -0.058033570647239685,
                -0.0585845448076725,
                -0.020876679569482803,
                0.04644322395324707,
                -0.195683553814888,
                0.023488231003284454,
                0.0076341936364769936,
                0.09852687269449234,
                -0.024714764207601547,
                -0.09598560631275177,
                0.1614023894071579,
                0.013452867977321148,
                -0.30386725068092346,
                0.03497884050011635,
                0.09205326437950134,
                0.2188689410686493,
                0.1695500910282135,
                -0.010192896239459515,
                -0.026498092338442802,
                -0.1309226155281067,
                0.15125568211078644,
                -0.21040397882461548,
                0.026962634176015854,
                0.1735447347164154,
                -0.00928544718772173,
                0.08903998881578445,
                0.06690248847007751,
                -0.09795108437538147,
                0.02709811180830002,
                0.14667971432209015,
                -0.08246457576751709,
                -0.028640395030379295,
                0.051440730690956116,
                -0.034542687237262726,
                0.031391918659210205,
                -0.12967973947525024,
                0.21121490001678467,
                0.0942254588007927,
                -0.089928038418293,
                -0.2257622927427292,
                0.12539470195770264,
                -0.11250410974025726,
                -0.1166500672698021,
                0.09657859802246094,
                -0.16232182085514069,
                -0.21876715123653412,
                -0.27710720896720886,
                0.03673648089170456,
                0.32742032408714294,
                0.12182764708995819,
                -0.16209673881530762,
                0.07381480932235718,
                0.03145444393157959,
                -0.07826559245586395,
                0.1361105889081955,
                0.20180368423461914,
                0.057062506675720215,
                0.025343623012304306,
                -0.06711121648550034,
                0.06359021365642548,
                0.2871728539466858,
                -0.034987978637218475,
                0.0010121441446244717,
                0.24830251932144165,
                -0.007157185114920139,
                0.02858690544962883,
                0.01967606693506241,
                0.03340646252036095,
                -0.09951605647802353,
                0.04226469621062279,
                -0.19673413038253784,
                -0.03531084954738617,
                0.05967538803815842,
                0.03146462142467499,
                -0.0703979879617691,
                0.14485791325569153,
                -0.11391425132751465,
                0.13376525044441223,
                -0.024649884551763535,
                0.0059525445103645325,
                -0.015285257250070572,
                0.023141181096434593,
                -0.0697677880525589,
                -0.05110281705856323,
                0.08758798241615295,
                -0.14242145419120789,
                0.18491443991661072,
                0.11369936168193817,
                0.10161589086055756,
                0.1092686727643013,
                0.11825253814458847,
                0.07862577587366104,
                -0.013862309977412224,
                -0.03322698175907135,
                -0.24763308465480804,
                -0.007933439686894417,
                0.1009788066148758,
                0.009404975920915604,
                0.0588836632668972,
                -0.010253075510263443
            ]
        ]
    },
    "hand": {
        "hand_count": 0,
        "hand_landmarks": []
    },
    "body": {
        "landmark_count": 33,
        "landmarks": [
            {
                "x": 0.45478683710098267,
                "y": 0.36759889125823975,
                "z": -2.123643398284912,
                "visibility": 0.9999158382415771
            },
            {
                "x": 0.5119737982749939,
                "y": 0.3065067529678345,
                "z": -2.0293924808502197,
                "visibility": 0.9998939037322998
            },
            {
                "x": 0.5458672642707825,
                "y": 0.30520808696746826,
                "z": -2.030762195587158,
                "visibility": 0.999901294708252
            },
            {
                "x": 0.5738636255264282,
                "y": 0.3039896488189697,
                "z": -2.031636953353882,
                "visibility": 0.9999089241027832
            },
            {
                "x": 0.4042417109012604,
                "y": 0.3112276792526245,
                "z": -1.9662092924118042,
                "visibility": 0.9998459815979004
            },
            {
                "x": 0.3692423403263092,
                "y": 0.31418538093566895,
                "z": -1.9647349119186401,
                "visibility": 0.9998169541358948
            },
            {
                "x": 0.3380446135997772,
                "y": 0.31744396686553955,
                "z": -1.9652372598648071,
                "visibility": 0.9997639060020447
            },
            {
                "x": 0.6288619041442871,
                "y": 0.3354617655277252,
                "z": -1.226636290550232,
                "visibility": 0.9999475479125977
            },
            {
                "x": 0.3143380582332611,
                "y": 0.3467661142349243,
                "z": -0.905970573425293,
                "visibility": 0.9998080134391785
            },
            {
                "x": 0.5349401831626892,
                "y": 0.4412393867969513,
                "z": -1.8256478309631348,
                "visibility": 0.9999654293060303
            },
            {
                "x": 0.39680734276771545,
                "y": 0.44160664081573486,
                "z": -1.7374835014343262,
                "visibility": 0.9998959302902222
            },
            {
                "x": 0.8999741673469543,
                "y": 0.7218557000160217,
                "z": -0.9371443390846252,
                "visibility": 0.998612642288208
            },
            {
                "x": 0.137431800365448,
                "y": 0.6903455853462219,
                "z": -0.18028225004673004,
                "visibility": 0.991665780544281
            },
            {
                "x": 1.0724483728408813,
                "y": 1.153165578842163,
                "z": -1.1541861295700073,
                "visibility": 0.33478662371635437
            },
            {
                "x": -0.14243203401565552,
                "y": 0.9263586401939392,