{
    "face": {
        "face_count": 1,
        "face_embeddings": [
            [
                -0.0012053482932969928,
                0.08359972387552261,
                0.019772982224822044,
                -0.0794028714299202,
                -0.15051770210266113,
                -0.010699251666665077,
                -0.139588862657547,
                -0.07945311814546585,
                0.13976764678955078,
                -0.21071448922157288,
                0.20340710878372192,
                -0.06377725303173065,
                -0.18718856573104858,
                -0.0003129733959212899,
                -0.013914993964135647,
                0.22370781004428864,
                -0.24800211191177368,
                -0.1886761635541916,
                -0.014436095952987671,
                0.022252950817346573,
                0.03954093158245087,
                0.059537746012210846,
                -0.037959024310112,
                0.056691642850637436,
                -0.12768268585205078,
                -0.3877248167991638,
                -0.09353364259004593,
                -0.03538544103503227,
                -0.07832688093185425,
                -0.07644063979387283,
                -0.04543251544237137,
                0.03839705139398575,
                -0.17737185955047607,
                0.0251162089407444,
                0.043991707265377045,
                0.06865639239549637,
                0.010746877640485764,
                -0.130732923746109,
                0.15099060535430908,
                0.044594042003154755,
                -0.30203962326049805,
                0.08699959516525269,
                0.06318463385105133,
                0.24404913187026978,
                0.1848059445619583,
                -0.010062192566692829,
                -0.01728636771440506,
                -0.1231658086180687,
                0.12709881365299225,
                -0.18896768987178802,
                0.02302652597427368,
                0.16236138343811035,
                -0.01851876638829708,
                0.04588765650987625,
                -0.008197704330086708,
                -0.10554507374763489,
                0.025523044168949127,
                0.1658378690481186,
                -0.15530405938625336,
                -0.024071939289569855,
                0.099346823990345,
                -0.016825422644615173,
                0.03808891773223877,
                -0.10087873786687851,
                0.22655679285526276,
                0.10177779942750931,
                -0.1100279837846756,
                -0.22960299253463745,
                0.05829019099473953,
                -0.18468429148197174,
                -0.12258470803499222,
                0.060806483030319214,
                -0.16729870438575745,
                -0.22025059163570404,
                -0.26477107405662537,
                0.00071004219353199,
                0.31876394152641296,
                0.12703245878219604,
                -0.1816709190607071,
                0.046411894261837006,
                0.04977133497595787,
                -0.045905809849500656,
                0.15387022495269775,
                0.19567981362342834,
                0.059367574751377106,
                0.025245269760489464,
                -0.08258023858070374,
                0.04578085616230965,
                0.31305161118507385,
                -0.011349913664162159,
                -0.020600756630301476,
                0.2839970588684082,
                -0.03553245961666107,
                0.010816708207130432,
                0.04015912115573883,
                0.039832957088947296,
                -0.07084829360246658,
                0.027364639565348625,
                -0.16613666713237762,
                -0.02510225959122181,
                0.01686690002679825,
                0.002365159336477518,
                -0.0913558378815651,
                0.16757714748382568,
                -0.14464519917964935,
                0.12370160222053528,
                -0.06396427005529404,
                0.009542050771415234,
                -0.0051564304158091545,
                0.0070783160626888275,
                -0.07137686014175415,
                -0.07861112058162689,
                0.14558209478855133,
                -0.1770479679107666,
                0.15060961246490479,
                0.154205322265625,
                0.10518033802509308,
                0.09318514168262482,
                0.07964858412742615,
                0.054233111441135406,
                -0.041414953768253326,
                -0.056509748101234436,
                -0.277584433555603,
                -0.01377897709608078,
                0.08058901131153107,
                -0.031040921807289124,
                0.10444282740354538,
                -0.026966840028762817
            ]
        ]
    },
    "hand": {
        "hand_count": 0,
        "hand_landmarks": []
    },
    "body": {
        "landmark_count": 33,
        "landmarks": [
            {
                "x": 0.5521707534790039,
                "y": 0.384824275970459,
                "z": -1.9640769958496094,
                "visibility": 0.9994032382965088
            },
            {
                "x": 0.5972480773925781,
                "y": 0.33645951747894287,
                "z": -1.8166552782058716,
                "visibility": 0.998547375202179
            },
            {
                "x": 0.6252269148826599,
                "y": 0.33710741996765137,
                "z": -1.8177518844604492,
                "visibility": 0.9983212351799011
            },
            {
                "x": 0.6506360173225403,
                "y": 0.33751165866851807,
                "z": -1.8186562061309814,
                "visibility": 0.9981605410575867
            },
            {
                "x": 0.4979504942893982,
                "y": 0.33344531059265137,
                "z": -1.838615894317627,
                "visibility": 0.999092698097229
            },
            {
                "x": 0.4571094214916229,
                "y": 0.33434295654296875,
                "z": -1.8382668495178223,
                "visibility": 0.9992617964744568
            },
            {
                "x": 0.4240107834339142,
                "y": 0.3366917371749878,
                "z": -1.839685082435608,
                "visibility": 0.9993199110031128
            },
            {
                "x": 0.6787301301956177,
                "y": 0.36463797092437744,
                "z": -0.9951022267341614,
                "visibility": 0.9974334836006165
            },
            {
                "x": 0.37209105491638184,
                "y": 0.3686312437057495,
                "z": -1.0378937721252441,
                "visibility": 0.9994962215423584
            },
            {
                "x": 0.5924354791641235,
                "y": 0.45182353258132935,
                "z": -1.6632444858551025,
                "visibility": 0.9997038245201111
            },
            {
                "x": 0.47273483872413635,
                "y": 0.444854199886322,
                "z": -1.6782704591751099,
                "visibility": 0.9998058676719666
            },
            {
                "x": 0.8503592014312744,
                "y": 0.6850187182426453,
                "z": -0.4457283616065979,
                "visibility": 0.9952008724212646
            },
            {
                "x": 0.15526683628559113,
                "y": 0.715445876121521,
                "z": -0.7185743451118469,
                "visibility": 0.9991539716720581
            },
            {
                "x": 1.1281486749649048,
                "y": 1.0672158002853394,
                "z": -0.208470419049263,
                "visibility": 0.21588608622550964
            },
            {
                "x": 0.05625635012984276,
                "y": 1.0914028882980347,