{
    "face": {
        "face_count": 1,
        "face_embeddings": [
            [
                -0.0436992309987545,
                0.09594044834375381,
                0.06270767003297806,
                -0.07898420095443726,
                -0.14377421140670776,
                -0.024262722581624985,
                -0.12889480590820312,
                -0.08817467093467712,
                0.12906229496002197,
                -0.2088296115398407,
                0.18985457718372345,
                -0.06467417627573013,
                -0.1768486201763153,
                -0.028797967359423637,
                -0.004556129686534405,
                0.22303441166877747,
                -0.19493897259235382,
                -0.1983519196510315,
                -0.05489430949091911,
                0.007952356711030006,
                0.05623847618699074,
                0.04518953710794449,
                0.00941433198750019,
                0.045356277376413345,
                -0.133060023188591,
                -0.3540247976779938,
                -0.05345216393470764,
                -0.029571954160928726,
                -0.04472266882658005,
                -0.0733569860458374,
                -0.06606966257095337,
                -0.026781441643834114,
                -0.22226478159427643,
                0.008049068972468376,
                0.03581634536385536,
                0.07004864513874054,
                -0.019847270101308823,
                -0.11563615500926971,
                0.19830995798110962,
                -0.0005540186539292336,
                -0.3215309679508209,
                0.06983992457389832,
                0.07636852562427521,
                0.18759962916374207,
                0.19108256697654724,
                0.03053276054561138,
                -0.020001908764243126,
                -0.14818483591079712,
                0.17971070110797882,
                -0.19741109013557434,
                0.05346192046999931,
                0.16246844828128815,
                -0.0036324025131762028,
                0.041977524757385254,
                0.008674164302647114,
                -0.1436234712600708,
                0.04912138730287552,
                0.15401217341423035,
                -0.13440397381782532,
                -0.035758405923843384,
                0.09685075283050537,
                -0.0010247286409139633,
                0.018989408388733864,
                -0.0958205983042717,
                0.22939501702785492,
                0.07371842116117477,
                -0.0939992368221283,
                -0.23285192251205444,
                0.08992447704076767,
                -0.15909798443317413,
                -0.08803655207157135,
                0.0908203050494194,
                -0.152473583817482,
                -0.19645462930202484,
                -0.27439239621162415,
                -0.024840759113430977,
                0.31924715638160706,
                0.1090921089053154,
                -0.18032731115818024,
                0.0492275096476078,
                0.018700554966926575,
                -0.021789496764540672,
                0.13084547221660614,
                0.15903806686401367,
                0.029283523559570312,
                0.03234612196683884,
                -0.08205605298280716,
                0.021203521639108658,
                0.3090165853500366,
                -0.029780052602291107,
                -0.01430290937423706,
                0.25511229038238525,
                0.012565693818032742,
                0.039333526045084,
                0.020307179540395737,
                0.01474787201732397,
                -0.09514928609132767,
                0.03399726003408432,
                -0.17379464209079742,
                -0.007360943593084812,
                0.008892432786524296,
                0.02565620467066765,
                -0.07225599139928818,
                0.1562686711549759,
                -0.1794249713420868,
                0.1483449637889862,
                -0.05503930151462555,
                0.017350666224956512,
                -0.029401790350675583,
                0.013087676838040352,
                -0.08661850541830063,
                -0.06976138055324554,
                0.10458073019981384,
                -0.17339730262756348,
                0.18351313471794128,
                0.1625443398952484,
                0.11192641407251358,
                0.09051663428544998,
                0.12080474942922592,
                0.04592646285891533,
                -0.006688492372632027,
                -0.004671766422688961,
                -0.28331273794174194,
                -0.029961545020341873,
                0.10132360458374023,
                -0.061609167605638504,
                0.12260797619819641,
                0.020393487066030502
            ]
        ]
    },
    "hand": {
        "hand_count": 0,
        "hand_landmarks": []
    },
    "body": {
        "landmark_count": 33,
        "landmarks": [
            {
                "x": 0.5613733530044556,
                "y": 0.32348358631134033,
                "z": -1.701454520225525,
                "visibility": 0.999365508556366
            },
            {
                "x": 0.5971266627311707,
                "y": 0.27760595083236694,
                "z": -1.5868029594421387,
                "visibility": 0.9989218711853027
            },
            {
                "x": 0.6220221519470215,
                "y": 0.27607929706573486,
                "z": -1.587294340133667,
                "visibility": 0.9988077878952026
            },
            {
                "x": 0.6459077596664429,
                "y": 0.2747657895088196,
                "z": -1.5877758264541626,
                "visibility": 0.9988251328468323
            },
            {
                "x": 0.5032602548599243,
                "y": 0.2775169610977173,
                "z": -1.6375583410263062,
                "visibility": 0.9991505146026611
            },
            {
                "x": 0.46733105182647705,
                "y": 0.27732670307159424,
                "z": -1.6372824907302856,
                "visibility": 0.999212384223938
            },
            {
                "x": 0.4361141324043274,
                "y": 0.2776263952255249,
                "z": -1.6381193399429321,
                "visibility": 0.9992122650146484
            },
            {
                "x": 0.671235978603363,
                "y": 0.2999036908149719,
                "z": -0.927091121673584,
                "visibility": 0.99868243932724
            },
            {
                "x": 0.39017778635025024,
                "y": 0.30660921335220337,
                "z": -1.1265157461166382,
                "visibility": 0.9996218681335449
            },
            {
                "x": 0.6012134552001953,
                "y": 0.38703587651252747,
                "z": -1.4544477462768555,
                "visibility": 0.9997156262397766
            },
            {
                "x": 0.49991142749786377,
                "y": 0.3813962936401367,
                "z": -1.5125786066055298,
                "visibility": 0.999834418296814
            },
            {
                "x": 0.790802001953125,
                "y": 0.6103934049606323,
                "z": -0.43779945373535156,
                "visibility": 0.9987004995346069
            },
            {
                "x": 0.11725038290023804,
                "y": 0.61638343334198,
                "z": -0.8940778970718384,
                "visibility": 0.9988111257553101
            },
            {
                "x": 0.8616812825202942,
                "y": 0.8913389444351196,
                "z": -0.1350550651550293,
                "visibility": 0.2360060065984726
            },
            {
                "x": -0.1391674280166626,
                "y": 0.9259592294692993,