{
    "face": {
        "face_count": 1,
        "face_embeddings": [
            [
                0.02636432833969593,
                0.08017506450414658,
                0.06986149400472641,
                -0.10278434306383133,
                -0.11663008481264114,
                -0.028483642265200615,
                -0.13739439845085144,
                -0.07690619677305222,
                0.20151746273040771,
                -0.23159469664096832,
                0.19732148945331573,
                -0.02737192064523697,
                -0.16481274366378784,
                -0.026851003989577293,
                -0.004265639930963516,
                0.23620536923408508,
                -0.22531093657016754,
                -0.16391049325466156,
                -0.05723562464118004,
                0.03699363395571709,
                0.05585670471191406,
                0.04777848348021507,
                -0.01302989013493061,
                0.03737560659646988,
                -0.12000058591365814,
                -0.3860672414302826,
                -0.06667433679103851,
                -0.01523792278021574,
                -0.06435763835906982,
                -0.05768943205475807,
                -0.049596525728702545,
                0.0422484427690506,
                -0.1514364331960678,
                0.0354921855032444,
                0.03468548506498337,
                0.08230084925889969,
                -0.012294724583625793,
                -0.14775831997394562,
                0.15926282107830048,
                0.020486408844590187,
                -0.33783024549484253,
                0.058982640504837036,
                0.047346822917461395,
                0.18574585020542145,
                0.1928580403327942,
                -0.02862841822206974,
                0.012125540524721146,
                -0.09117607027292252,
                0.17120181024074554,
                -0.1977086365222931,
                -0.008559871464967728,
                0.14852188527584076,
                -0.005139447282999754,
                0.05834551900625229,
                0.05430111289024353,
                -0.10551277548074722,
                0.050333209335803986,
                0.1686795949935913,
                -0.11275715380907059,
                -0.043750569224357605,
                0.12355051934719086,
                -0.06940888613462448,
                0.03657258301973343,
                -0.05369608849287033,
                0.21255898475646973,
                0.08626436442136765,
                -0.11716248840093613,
                -0.2155841737985611,
                0.07403966039419174,
                -0.1330001950263977,
                -0.10226090997457504,
                0.04390261694788933,
                -0.16841979324817657,
                -0.19213251769542694,
                -0.23939110338687897,
                -0.004700938239693642,
                0.3116660416126251,
                0.13031606376171112,
                -0.19431667029857635,
                0.03532077372074127,
                0.020495085045695305,
                0.008310694247484207,
                0.155744269490242,
                0.17153212428092957,
                0.06538257747888565,
                0.013027649372816086,
                -0.11575858294963837,
                0.010743753984570503,
                0.29773348569869995,
                -0.03319576010107994,
                0.0039982181042432785,
                0.2664870321750641,
                -0.016001664102077484,
                0.026536596938967705,
                -0.019157985225319862,
                -0.0008347079856321216,
                -0.09411370754241943,
                0.07358463108539581,
                -0.1661209613084793,
                0.008493908680975437,
                0.05414262413978577,
                0.03987472504377365,
                -0.0655939131975174,
                0.14620094001293182,
                -0.1279553472995758,
                0.12502513825893402,
                -0.0486752986907959,
                0.03562113642692566,
                0.02976507693529129,
                0.04175262898206711,
                -0.09676013886928558,
                -0.08948186784982681,
                0.09949878603219986,
                -0.14312706887722015,
                0.1742520034313202,
                0.1481257975101471,
                0.11944993585348129,
                0.08027448505163193,
                0.10836205631494522,
                0.060999296605587006,
                -0.001834777183830738,
                -0.04592382535338402,
                -0.24170029163360596,
                -0.04084203764796257,
                0.07251474261283875,
                -0.010220855474472046,
                0.08231419324874878,
                -0.02176177129149437
            ]
        ]
    },
    "hand": {
        "hand_count": 0,
        "hand_landmarks": []
    },
    "body": {
        "landmark_count": 33,
        "landmarks": [
            {
                "x": 0.6036855578422546,
                "y": 0.3733583092689514,
                "z": -1.5938465595245361,
                "visibility": 0.999053418636322
            },
            {
                "x": 0.6217052340507507,
                "y": 0.32746315002441406,
                "z": -1.4468121528625488,
                "visibility": 0.9984613656997681
            },
            {
                "x": 0.6422038078308105,
                "y": 0.32701873779296875,
                "z": -1.4481091499328613,
                "visibility": 0.9979422688484192
            },
            {
                "x": 0.6628726124763489,
                "y": 0.3266263008117676,
                "z": -1.4486881494522095,
                "visibility": 0.9981222748756409
            },
            {
                "x": 0.543323278427124,
                "y": 0.32781141996383667,
                "z": -1.5118911266326904,
                "visibility": 0.9989218711853027
            },
            {
                "x": 0.5029234290122986,
                "y": 0.327914834022522,
                "z": -1.5117021799087524,
                "visibility": 0.9989364743232727
            },
            {
                "x": 0.4646233320236206,
                "y": 0.32914799451828003,
                "z": -1.5128462314605713,
                "visibility": 0.9990823268890381
            },
            {
                "x": 0.6647514700889587,
                "y": 0.34626930952072144,
                "z": -0.6807034015655518,
                "visibility": 0.9976646900177002
            },
            {
                "x": 0.37828508019447327,
                "y": 0.3550417423248291,
                "z": -0.9302747249603271,
                "visibility": 0.9992533326148987
            },
            {
                "x": 0.6335306167602539,
                "y": 0.42934247851371765,
                "z": -1.3141711950302124,
                "visibility": 0.9993447661399841
            },
            {
                "x": 0.5389649868011475,
                "y": 0.4333028495311737,
                "z": -1.3880572319030762,
                "visibility": 0.9994897842407227
            },
            {
                "x": 0.8225111365318298,
                "y": 0.6657999753952026,
                "z": -0.1654370278120041,
                "visibility": 0.9920690059661865
            },
            {
                "x": 0.19049471616744995,
                "y": 0.688744306564331,
                "z": -0.704410195350647,
                "visibility": 0.9928128123283386
            },
            {
                "x": 0.9644047021865845,
                "y": 0.9216973781585693,
                "z": 0.1136813536286354,
                "visibility": 0.17629128694534302
            },
            {
                "x": 0.10424575954675674,
                "y": 1.0990231037139893,