{
    "face": {
        "face_count": 1,
        "face_embeddings": [
            [
                -0.06128658726811409,
                0.07934451103210449,
                0.01544942520558834,
                -0.06965790688991547,
                -0.11301146447658539,
                0.006114389281719923,
                -0.10820349305868149,
                -0.08215048909187317,
                0.15351668000221252,
                -0.14902271330356598,
                0.22719882428646088,
                -0.02243051305413246,
                -0.1931789219379425,
                -0.07531008124351501,
                -0.004637099336832762,
                0.20958654582500458,
                -0.19713594019412994,
                -0.16719487309455872,
                -0.001619456335902214,
                -0.016956310719251633,
                0.05541599169373512,
                0.05582480877637863,
                -0.004199288785457611,
                0.01986934244632721,
                -0.13537076115608215,
                -0.39083850383758545,
                -0.07154011726379395,
                -0.04105956479907036,
                -0.050840314477682114,
                -0.031291261315345764,
                -0.06377241015434265,
                0.022677592933177948,
                -0.18007491528987885,
                0.014015640132129192,
                0.058168597519397736,
                0.0672140046954155,
                -0.021193647757172585,
                -0.1065116599202156,
                0.18048551678657532,
                0.003818999044597149,
                -0.2947253882884979,
                0.008007064461708069,
                0.11713739484548569,
                0.20504885911941528,
                0.18999232351779938,
                0.010034987702965736,
                -0.01590888760983944,
                -0.1284099519252777,
                0.14747585356235504,
                -0.14526204764842987,
                0.030034907162189484,
                0.17978644371032715,
                0.004179457202553749,
                0.04989083111286163,
                0.006678985431790352,
                -0.09278492629528046,
                0.017267465591430664,
                0.12726452946662903,
                -0.15792042016983032,
                -0.0644688829779625,
                0.060438208281993866,
                -0.02691591903567314,
                -0.006078413221985102,
                -0.1103796437382698,
                0.1944323480129242,
                0.08337680995464325,
                -0.08860930800437927,
                -0.23991280794143677,
                0.10618983209133148,
                -0.19199612736701965,
                -0.10551057010889053,
                0.09495197981595993,
                -0.15886914730072021,
                -0.2422846257686615,
                -0.2724098265171051,
                -0.022575922310352325,
                0.2795253098011017,
                0.13939222693443298,
                -0.15413092076778412,
                0.052553530782461166,
                0.049342501908540726,
                -0.07213202863931656,
                0.15568234026432037,
                0.18002107739448547,
                0.05649708956480026,
                0.049471352249383926,
                -0.0908808633685112,
                0.005564023740589619,
                0.3147754967212677,
                -0.03367545083165169,
                -0.012314592488110065,
                0.2682935893535614,
                0.0017165783792734146,
                0.03568534925580025,
                0.026788746938109398,
                0.07055298238992691,
                -0.07405272871255875,
                0.04144718497991562,
                -0.18051722645759583,
                -0.04464704170823097,
                0.028529267758131027,
                0.017118077725172043,
                -0.03839154914021492,
                0.14783379435539246,
                -0.15631094574928284,
                0.12844787538051605,
                -0.027611523866653442,
                0.03289162740111351,
                -0.012696830555796623,
                -0.033749788999557495,
                -0.04008851945400238,
                -0.09181150048971176,
                0.10705103725194931,
                -0.15024970471858978,
                0.1475016176700592,
                0.13731902837753296,
                0.09929225593805313,
                0.11409498751163483,
                0.08712737262248993,
                0.05139320716261864,
                -0.03630360588431358,
                -0.08578263968229294,
                -0.2660050392150879,
                -0.020178861916065216,
                0.053056009113788605,
                -0.04581916332244873,
                0.10224191099405289,
                -0.0044263796880841255
            ]
        ]
    },
    "hand": {
        "hand_count": 1,
        "hand_landmarks": [
            [
                {
                    "x": 0.6517441272735596,
                    "y": 0.884002149105072,
                    "z": 2.6691165544434625e-07,
                    "visibility": 0.0
                },
                {
                    "x": 0.6322426199913025,
                    "y": 0.8275133371353149,
                    "z": -0.017172247171401978,
                    "visibility": 0.0
                },
                {
                    "x": 0.6504162549972534,
                    "y": 0.764488160610199,
                    "z": -0.021886302158236504,
                    "visibility": 0.0
                },
                {
                    "x": 0.675020158290863,
                    "y": 0.7211006283760071,
                    "z": -0.025683466345071793,
                    "visibility": 0.0
                },
                {
                    "x": 0.6923672556877136,
                    "y": 0.6845058798789978,
                    "z": -0.029107490554451942,
                    "visibility": 0.0
                },
                {
                    "x": 0.7242181301116943,
                    "y": 0.7489429116249084,
                    "z": -0.005687018856406212,
                    "visibility": 0.0
                },
                {
                    "x": 0.7554125785827637,
                    "y": 0.696203887462616,
                    "z": -0.016395052894949913,
                    "visibility": 0.0
                },
                {
                    "x": 0.7768014669418335,
                    "y": 0.6633888483047485,
                    "z": -0.026881800964474678,
                    "visibility": 0.0
                },
                {
                    "x": 0.7962778806686401,
                    "y": 0.6383695006370544,
                    "z": -0.03507780283689499,
                    "visibility": 0.0
                },
                {
                    "x": 0.7484009861946106,
                    "y": 0.770881712436676,
                    "z": -0.008016129955649376,
                    "visibility": 0.0
                },
                {
                    "x": 0.7930797934532166,
                    "y": 0.7236627340316772,
                    "z": -0.016927169635891914,
                    "visibility": 0.0
                },
                {
                    "x": 0.8235539793968201,
                    "y": 0.6951635479927063,
                    "z": -0.02773113176226616,
                    "visibility": 0.0
                },
                {
                    "x": 0.8489844799041748,
                    "y": 0.673526406288147,
                    "z": -0.0356176383793354,
                    "visibility": 0.0
                },
                {
                    "x": 0.7616710662841797,
                    "y": 0.7997797727584839,
                    "z": -0.013651968911290169,