{
    "face": {
        "face_count": 1,
        "face_embeddings": [
            [
                -0.054713115096092224,
                0.0864790678024292,
                0.048831820487976074,
                -0.11403395235538483,
                -0.12299060076475143,
                -0.0004081367515027523,
                -0.11236539483070374,
                -0.07589086145162582,
                0.1605006456375122,
                -0.19571499526500702,
                0.2058103084564209,
                -0.06658335030078888,
                -0.13798284530639648,
                -0.023227205500006676,
                -0.00412387540563941,
                0.1789543479681015,
                -0.20106211304664612,
                -0.1539461612701416,
                -0.05066976696252823,
                0.011805642396211624,
                0.06388936191797256,
                0.05767137557268143,
                0.004795410670340061,
                0.022152826189994812,
                -0.09071424603462219,
                -0.39989638328552246,
                -0.09686843305826187,
                -0.021460384130477905,
                -0.005888696759939194,
                -0.036533378064632416,
                -0.022371072322130203,
                0.040229201316833496,
                -0.19794845581054688,
                0.007008137181401253,
                0.03041415475308895,
                0.06207126006484032,
                -0.023084955289959908,
                -0.08795226365327835,
                0.1514737904071808,
                -0.013024920597672462,
                -0.30927953124046326,
                0.06018195301294327,
                0.06736065447330475,
                0.22984838485717773,
                0.2391444891691208,
                -0.03956045210361481,
                -0.010141579434275627,
                -0.10141594707965851,
                0.11826244741678238,
                -0.15907365083694458,
                0.012053809128701687,
                0.1584729552268982,
                -0.011163001880049706,
                0.04526913911104202,
                0.06706354022026062,
                -0.0472787581384182,
                0.03097165934741497,
                0.1501142978668213,
                -0.07141831517219543,
                -0.0010462007485330105,
                0.13830721378326416,
                -0.0735008493065834,
                0.0036052698269486427,
                -0.11409041285514832,
                0.1731083244085312,
                0.03881131112575531,
                -0.09622640907764435,
                -0.27091947197914124,
                0.08213891834020615,
                -0.1410873532295227,
                -0.09678278118371964,
                0.10529498755931854,
                -0.17081478238105774,
                -0.19085514545440674,
                -0.26422107219696045,
                0.0006962046027183533,
                0.32427898049354553,
                0.13425923883914948,
                -0.16529719531536102,
                0.08880758285522461,
                0.032340485602617264,
                -0.006130952388048172,
                0.16212181746959686,
                0.18194076418876648,
                0.05519133061170578,
                0.03577222302556038,
                -0.0835922434926033,
                0.05152458697557449,
                0.27119675278663635,
                -0.021195221692323685,
                -0.03278421238064766,
                0.26079264283180237,
                -0.04346121847629547,
                0.023977790027856827,
                0.021382678300142288,
                0.03788110613822937,
                -0.051862116903066635,
                0.04172709956765175,
                -0.19156025350093842,
                0.004413357935845852,
                0.04441800341010094,
                -0.006257448345422745,
                -0.06974860280752182,
                0.1453828662633896,
                -0.13105136156082153,
                0.15002335608005524,
                -0.057027507573366165,
                0.08019674569368362,
                0.0014184126630425453,
                -0.008891119621694088,
                -0.06023097783327103,
                -0.016907744109630585,
                0.11900971084833145,
                -0.17946214973926544,
                0.15428975224494934,
                0.14271606504917145,
                0.10362930595874786,
                0.07643676549196243,
                0.12296058237552643,
                0.04075872153043747,
                -0.004404781386256218,
                -0.030617229640483856,
                -0.26747435331344604,
                -0.021003983914852142,
                0.04444047808647156,
                -0.019148141145706177,
                0.08028300851583481,
                0.0008905753493309021
            ]
        ]
    },
    "hand": {
        "hand_count": 0,
        "hand_landmarks": []
    },
    "body": {
        "landmark_count": 33,
        "landmarks": [
            {
                "x": 0.6783462762832642,
                "y": 0.3259531259536743,
                "z": -2.045801877975464,
                "visibility": 0.9986106157302856
            },
            {
                "x": 0.7224591970443726,
                "y": 0.24226975440979004,
                "z": -1.885967493057251,
                "visibility": 0.9968543648719788
            },
            {
                "x": 0.7590253353118896,
                "y": 0.23898839950561523,
                "z": -1.8868873119354248,
                "visibility": 0.9972479939460754
            },
            {
                "x": 0.7920974493026733,
                "y": 0.23711657524108887,
                "z": -1.8873462677001953,
                "visibility": 0.9963033199310303
            },
            {
                "x": 0.5740722417831421,
                "y": 0.24832582473754883,
                "z": -1.9809519052505493,
                "visibility": 0.9980838298797607
            },
            {
                "x": 0.5170155167579651,
                "y": 0.25073719024658203,
                "z": -1.981076955795288,
                "visibility": 0.9987227320671082
            },
            {
                "x": 0.463951975107193,
                "y": 0.2539869546890259,
                "z": -1.9830710887908936,
                "visibility": 0.9985492825508118
            },
            {
                "x": 0.8119785189628601,
                "y": 0.27939367294311523,
                "z": -0.9702490568161011,
                "visibility": 0.9963728189468384
            },
            {
                "x": 0.37032100558280945,
                "y": 0.2963610887527466,
                "z": -1.3304269313812256,
                "visibility": 0.9995112419128418
            },
            {
                "x": 0.746369481086731,
                "y": 0.42627382278442383,
                "z": -1.6926374435424805,
                "visibility": 0.9985401630401611
            },
            {
                "x": 0.569862961769104,
                "y": 0.4255179166793823,
                "z": -1.7958320379257202,
                "visibility": 0.9994638562202454
            },
            {
                "x": 0.9029992818832397,
                "y": 0.7776186466217041,
                "z": -0.07029245048761368,
                "visibility": 0.9768586754798889
            },
            {
                "x": -0.009200051426887512,
                "y": 0.762798547744751,
                "z": -1.349337100982666,
                "visibility": 0.9966918230056763
            },
            {
                "x": 1.2094818353652954,
                "y": 1.2913190126419067,
                "z": 0.39983105659484863,
                "visibility": 0.03690255805850029
            },
            {
                "x": -0.4151197075843811,