{
    "face": {
        "face_count": 1,
        "face_embeddings": [
            [
                -0.036857109516859055,
                0.07442369312047958,
                0.0379355251789093,
                -0.07796497642993927,
                -0.13966307044029236,
                -0.024735579267144203,
                -0.11002439260482788,
                -0.09821753203868866,
                0.11062494665384293,
                -0.166213259100914,
                0.24268698692321777,
                -0.08174892514944077,
                -0.21777144074440002,
                -0.03193807601928711,
                -0.03731602057814598,
                0.2194945365190506,
                -0.25120168924331665,
                -0.12141148000955582,
                0.00031489040702581406,
                0.05449264124035835,
                0.07309911400079727,
                0.03812394291162491,
                0.05097108334302902,
                0.030056234449148178,
                -0.13681286573410034,
                -0.4061281383037567,
                -0.08960331976413727,
                -0.039550453424453735,
                -0.06668128818273544,
                -0.01918981224298477,
                -0.04521798714995384,
                0.04610631242394447,
                -0.1620086282491684,
                0.02981509454548359,
                0.030829131603240967,
                0.005887643434107304,
                -0.017621243372559547,
                -0.07613372802734375,
                0.20285294950008392,
                0.037081509828567505,
                -0.29968202114105225,
                0.01844077743589878,
                0.0943911001086235,
                0.23842038214206696,
                0.20468302071094513,
                0.03335178643465042,
                0.01071285828948021,
                -0.13553428649902344,
                0.12540046870708466,
                -0.19562272727489471,
                0.058620139956474304,
                0.13058803975582123,
                0.026326902210712433,
                0.04375037923455238,
                0.010000437498092651,
                -0.08149594813585281,
                0.005219442769885063,
                0.14274224638938904,
                -0.13613098859786987,
                -0.01745513267815113,
                0.1067575216293335,
                -0.025389209389686584,
                -0.010736070573329926,
                -0.12698562443256378,
                0.21156038343906403,
                0.0665624812245369,
                -0.11503570526838303,
                -0.23462773859500885,
                0.07096400856971741,
                -0.16358508169651031,
                -0.144978865981102,
                0.08348187804222107,
                -0.1590084582567215,
                -0.21639522910118103,
                -0.3278439939022064,
                -0.03675136715173721,
                0.24812959134578705,
                0.14379505813121796,
                -0.16349689662456512,
                0.017884723842144012,
                0.022609446197748184,
                -0.02830693870782852,
                0.14295436441898346,
                0.1721729040145874,
                0.058926068246364594,
                0.02664187178015709,
                -0.09214150160551071,
                0.0037670815363526344,
                0.24710774421691895,
                -0.1050722673535347,
                -0.02765025570988655,
                0.30357441306114197,
                -0.003153126686811447,
                0.026921410113573074,
                -0.012433878146111965,
                0.06025177612900734,
                -0.09109749644994736,
                0.0705101490020752,
                -0.172374427318573,
                -0.028262900188565254,
                0.06877316534519196,
                0.04985174164175987,
                -0.020000679418444633,
                0.1487674117088318,
                -0.18128825724124908,
                0.13246552646160126,
                -0.06769862771034241,
                0.02822018414735794,
                0.04190143570303917,
                -0.03322818875312805,
                -0.0893607959151268,
                -0.09631109237670898,
                0.098371222615242,
                -0.19685322046279907,
                0.12056446820497513,
                0.1615888476371765,
                0.09851673245429993,
                0.08617781847715378,
                0.10394575446844101,
                0.04048435389995575,
                -0.034688808023929596,
                -0.031108247116208076,
                -0.2637656331062317,
                -0.012699379585683346,
                0.10478196293115616,
                -0.010736310854554176,
                0.07753724604845047,
                -0.004503998439759016
            ]
        ]
    },
    "hand": {
        "hand_count": 0,
        "hand_landmarks": []
    },
    "body": {
        "landmark_count": 33,
        "landmarks": [
            {
                "x": 0.38374045491218567,
                "y": 0.41200459003448486,
                "z": -2.389376640319824,
                "visibility": 0.9980284571647644
            },
            {
                "x": 0.4743077754974365,
                "y": 0.35321569442749023,
                "z": -2.234318256378174,
                "visibility": 0.9979463219642639
            },
            {
                "x": 0.5149655938148499,
                "y": 0.3564964532852173,
                "z": -2.235534191131592,
                "visibility": 0.9974555373191833
            },
            {
                "x": 0.5471317172050476,
                "y": 0.36022818088531494,
                "z": -2.2357358932495117,
                "visibility": 0.9976867437362671
            },
            {
                "x": 0.3532862663269043,
                "y": 0.3434786796569824,
                "z": -2.2344281673431396,
                "visibility": 0.9978139400482178
            },
            {
                "x": 0.31529176235198975,
                "y": 0.33773985505104065,
                "z": -2.2343289852142334,
                "visibility": 0.9973147511482239
            },
            {
                "x": 0.28434616327285767,
                "y": 0.330441951751709,
                "z": -2.2354576587677,
                "visibility": 0.9975221753120422
            },
            {
                "x": 0.6073652505874634,
                "y": 0.3894927501678467,
                "z": -1.2519537210464478,
                "visibility": 0.9976029992103577
            },
            {
                "x": 0.2751196026802063,
                "y": 0.3510282039642334,
                "z": -1.2700492143630981,
                "visibility": 0.9972162246704102
            },
            {
                "x": 0.4562961757183075,
                "y": 0.49417078495025635,
                "z": -2.0180156230926514,
                "visibility": 0.9973975419998169
            },
            {
                "x": 0.3130607306957245,
                "y": 0.47758328914642334,
                "z": -2.0265188217163086,
                "visibility": 0.9978218078613281
            },
            {
                "x": 0.8083608150482178,
                "y": 0.7530633211135864,
                "z": -0.7071312069892883,
                "visibility": 0.9504187703132629
            },
            {
                "x": 0.0957430899143219,
                "y": 0.7243478298187256,
                "z": -0.5135554075241089,
                "visibility": 0.9183653593063354
            },
            {
                "x": 1.016998529434204,
                "y": 1.1207786798477173,
                "z": -0.9287886023521423,
                "visibility": 0.2143639773130417
            },
            {
                "x": -0.18970879912376404,
                "y": 1.019486427307129,