{
    "face": {
        "face_count": 1,
        "face_embeddings": [
            [
                -0.0319247841835022,
                0.07357031852006912,
                0.03191027045249939,
                -0.062098708003759384,
                -0.12705683708190918,
                -0.005330860614776611,
                -0.10810009390115738,
                -0.0719468966126442,
                0.16564513742923737,
                -0.18210220336914062,
                0.21743595600128174,
                -0.03480846434831619,
                -0.15998806059360504,
                -0.05574498698115349,
                -0.015482291579246521,
                0.22426113486289978,
                -0.1933433562517166,
                -0.17984724044799805,
                -0.05588211864233017,
                -0.012118780985474586,
                0.06930088251829147,
                0.04826108738780022,
                0.006300195585936308,
                0.05709272623062134,
                -0.12304277718067169,
                -0.3956717848777771,
                -0.057900600135326385,
                -0.011838904581964016,
                -0.03861372917890549,
                -0.030593391507864,
                -0.041929684579372406,
                0.0005187304923310876,
                -0.23980090022087097,
                -0.024319015443325043,
                0.05653579160571098,
                0.06816670298576355,
                -0.04049358144402504,
                -0.11543696373701096,
                0.1994822770357132,
                -0.0036106975749135017,
                -0.3059573769569397,
                0.02280683070421219,
                0.0938749611377716,
                0.2017439305782318,
                0.1693405658006668,
                0.046674687415361404,
                -0.01377924345433712,
                -0.12451392412185669,
                0.1436103880405426,
                -0.1730423867702484,
                0.02189229615032673,
                0.1805264800786972,
                -0.0059452420100569725,
                0.05510314181447029,
                0.008076611906290054,
                -0.1277523785829544,
                0.0541420578956604,
                0.16166499257087708,
                -0.12427527457475662,
                -0.06988362222909927,
                0.03456275165081024,
                -0.05828191339969635,
                0.03725522756576538,
                -0.09293420612812042,
                0.27265721559524536,
                0.05402354523539543,
                -0.07555559277534485,
                -0.2320403754711151,
                0.1221628487110138,
                -0.14826220273971558,
                -0.07748386263847351,
                0.07825212180614471,
                -0.14276836812496185,
                -0.2076437771320343,
                -0.29923897981643677,
                -0.01687861792743206,
                0.32966673374176025,
                0.11394301056861877,
                -0.17008762061595917,
                0.08488796651363373,
                0.0038384352810680866,
                -0.020697401836514473,
                0.13409745693206787,
                0.18815211951732635,
                0.03839294612407684,
                0.061495453119277954,
                -0.09768568724393845,
                0.004581082612276077,
                0.2919676899909973,
                -0.03192967176437378,
                -0.01264831144362688,
                0.2755647301673889,
                0.0038121575489640236,
                0.02606147527694702,
                0.04652087390422821,
                0.011234310455620289,
                -0.10784173011779785,
                0.050313640385866165,
                -0.1684304028749466,
                -0.02781873568892479,
                0.0454886220395565,
                0.048092786222696304,
                -0.020034506916999817,
                0.16040070354938507,
                -0.17368631064891815,
                0.11280448734760284,
                -0.06333485245704651,
                0.027787761762738228,
                0.0088149169459939,
                0.0071836006827652454,
                -0.06904055923223495,
                -0.13043178617954254,
                0.09124565124511719,
                -0.1875699758529663,
                0.16318513453006744,
                0.1417512595653534,
                0.08772743493318558,
                0.14026081562042236,
                0.11688172072172165,
                0.08086535334587097,
                -0.02773643098771572,
                -0.03440694883465767,
                -0.27413976192474365,
                -0.004403855185955763,
                0.08944249898195267,
                -0.04687425121665001,
                0.11777785420417786,
                0.014805855229496956
            ]
        ]
    },
    "hand": {
        "hand_count": 0,
        "hand_landmarks": []
    },
    "body": {
        "landmark_count": 33,
        "landmarks": [
            {
                "x": 0.5093748569488525,
                "y": 0.26811593770980835,
                "z": -1.7893613576889038,
                "visibility": 0.9999727010726929
            },
            {
                "x": 0.5567430257797241,
                "y": 0.22278845310211182,
                "z": -1.6794452667236328,
                "visibility": 0.9999279975891113
            },
            {
                "x": 0.5822286605834961,
                "y": 0.22190773487091064,
                "z": -1.679318904876709,
                "visibility": 0.9999340772628784
            },
            {
                "x": 0.6068921089172363,
                "y": 0.22220124304294586,
                "z": -1.6793885231018066,
                "visibility": 0.9999328851699829
            },
            {
                "x": 0.46680280566215515,
                "y": 0.22464865446090698,
                "z": -1.702393651008606,
                "visibility": 0.9999263286590576
            },
            {
                "x": 0.4354971647262573,
                "y": 0.22538010776042938,
                "z": -1.701961874961853,
                "visibility": 0.9999256134033203
            },
            {
                "x": 0.4084838926792145,
                "y": 0.2266213297843933,
                "z": -1.7022998332977295,
                "visibility": 0.9999058246612549
            },
            {
                "x": 0.6402146220207214,
                "y": 0.24310165643692017,
                "z": -1.068426251411438,
                "visibility": 0.9999135732650757
            },
            {
                "x": 0.3694998025894165,
                "y": 0.2535969018936157,
                "z": -1.1506067514419556,
                "visibility": 0.9999004602432251
            },
            {
                "x": 0.552462637424469,
                "y": 0.32447975873947144,
                "z": -1.5681689977645874,
                "visibility": 0.9999759197235107
            },
            {
                "x": 0.45009028911590576,
                "y": 0.3270741105079651,
                "z": -1.5925894975662231,
                "visibility": 0.9999701976776123
            },
            {
                "x": 0.8061858415603638,
                "y": 0.5494995713233948,
                "z": -0.7693518996238708,
                "visibility": 0.9999492168426514
            },
            {
                "x": 0.16000217199325562,
                "y": 0.582574188709259,
                "z": -0.8647376298904419,
                "visibility": 0.9997863173484802
            },
            {
                "x": 0.9036834836006165,
                "y": 0.8883222937583923,
                "z": -0.606534481048584,
                "visibility": 0.8309792280197144
            },
            {
                "x": 0.11172154545783997,
                "y": 0.9350336790084839,