{
    "face": {
        "face_count": 1,
        "face_embeddings": [
            [
                -0.04743697866797447,
                0.06279521435499191,
                0.03397910296916962,
                -0.08904986083507538,
                -0.12455035746097565,
                -0.028311409056186676,
                -0.10535741597414017,
                -0.07149642705917358,
                0.1484997421503067,
                -0.15703991055488586,
                0.17598406970500946,
                -0.11135248094797134,
                -0.15904326736927032,
                -0.030036669224500656,
                -0.06421198695898056,
                0.2602597177028656,
                -0.226554736495018,
                -0.2124146670103073,
                0.01845201849937439,
                0.013616078533232212,
                0.12405748665332794,
                0.0437290295958519,
                -0.045527517795562744,
                0.07948286086320877,
                -0.13126614689826965,
                -0.3346325755119324,
                -0.11427527666091919,
                -0.10180038213729858,
                -0.019592493772506714,
                -0.10284575819969177,
                -0.02949044480919838,
                0.02969028241932392,
                -0.153488889336586,
                0.005059456452727318,
                0.05732966586947441,
                0.10303045064210892,
                -0.0037960587069392204,
                -0.11908882856369019,
                0.17672163248062134,
                0.032085172832012177,
                -0.3452655076980591,
                0.023175859823822975,
                0.14664271473884583,
                0.22852979600429535,
                0.1539914458990097,
                0.009019555523991585,
                -0.022753790020942688,
                -0.12080016732215881,
                0.12292731553316116,
                -0.13096486032009125,
                0.01997743546962738,
                0.1487904042005539,
                0.0826844722032547,
                0.11917927861213684,
                0.02596893347799778,
                -0.09404782205820084,
                0.08389239013195038,
                0.10543637722730637,
                -0.17634838819503784,
                -0.005809325724840164,
                0.1322820633649826,
                -0.07828688621520996,
                0.057810135185718536,
                -0.09999346733093262,
                0.1880224496126175,
                0.07041380554437637,
                -0.0776984915137291,
                -0.24309928715229034,
                0.10323648154735565,
                -0.20909129083156586,
                -0.16343702375888824,
                0.11145001649856567,
                -0.13677528500556946,
                -0.1447446197271347,
                -0.30835774540901184,
                -0.10553117841482162,
                0.32664549350738525,
                0.11372611671686172,
                -0.1573410928249359,
                0.05238153040409088,
                0.06792908906936646,
                -0.05342163145542145,
                0.1400296688079834,
                0.21692131459712982,
                0.055314913392066956,
                0.07012051343917847,
                -0.06852783262729645,
                -0.016352854669094086,
                0.28086283802986145,
                -0.047356415539979935,
                0.0071544647216796875,
                0.16865436732769012,
                -0.02442588284611702,
                0.05771443247795105,
                0.0244100671261549,
                0.03671960160136223,
                -0.06748545914888382,
                0.041091132909059525,
                -0.11225121468305588,
                -0.013710446655750275,
                -0.08294536173343658,
                0.0035923942923545837,
                -0.06285672634840012,
                0.11131414771080017,
                -0.12882545590400696,
                0.12481163442134857,
                -0.009301263839006424,
                -0.0026825792156159878,
                -0.09521126002073288,
                0.06673840433359146,
                -0.07252535223960876,
                -0.04146069288253784,
                0.13480745255947113,
                -0.1702975183725357,
                0.1726047545671463,
                0.17179808020591736,
                0.062108226120471954,
                0.045757558196783066,
                0.0892711877822876,
                0.0977223739027977,
                -0.07464997470378876,
                -0.08330831676721573,
                -0.25911393761634827,
                -0.0218691136687994,
                0.05478603392839432,
                -0.06922437250614166,
                0.10798697173595428,
                -0.0074342829175293446
            ]
        ]
    },
    "hand": {
        "hand_count": 0,
        "hand_landmarks": []
    },
    "body": {
        "landmark_count": 33,
        "landmarks": [
            {
                "x": 0.5098905563354492,
                "y": 0.6418612003326416,
                "z": -1.0532394647598267,
                "visibility": 0.9989776611328125
            },
            {
                "x": 0.53400719165802,
                "y": 0.6070259809494019,
                "z": -1.0146124362945557,
                "visibility": 0.9979785084724426
            },
            {
                "x": 0.5456140637397766,
                "y": 0.6084948182106018,
                "z": -1.0148802995681763,
                "visibility": 0.9975964426994324
            },
            {
                "x": 0.5569666624069214,
                "y": 0.6093579530715942,
                "z": -1.0150858163833618,
                "visibility": 0.9975475668907166
            },
            {
                "x": 0.4956338405609131,
                "y": 0.5961412191390991,
                "z": -1.0396981239318848,
                "visibility": 0.9982461929321289
            },
            {
                "x": 0.4795367121696472,
                "y": 0.5906963348388672,
                "z": -1.0395700931549072,
                "visibility": 0.9982525706291199
            },
            {
                "x": 0.46335071325302124,
                "y": 0.5853546857833862,
                "z": -1.0399271249771118,
                "visibility": 0.9982755184173584
            },
            {
                "x": 0.5585959553718567,
                "y": 0.6082521080970764,
                "z": -0.6232013702392578,
                "visibility": 0.9970309734344482
            },
            {
                "x": 0.4248851537704468,
                "y": 0.5850977897644043,
                "z": -0.7360857725143433,
                "visibility": 0.9983826875686646
            },
            {
                "x": 0.5174816846847534,
                "y": 0.6760748624801636,
                "z": -0.8927757740020752,
                "visibility": 0.9988759160041809
            },
            {
                "x": 0.4687218964099884,
                "y": 0.666280210018158,
                "z": -0.9257804751396179,
                "visibility": 0.9992403984069824
            },
            {
                "x": 0.6113067269325256,
                "y": 0.7290486097335815,
                "z": -0.27851638197898865,
                "visibility": 0.9966501593589783
            },
            {
                "x": 0.3112846612930298,
                "y": 0.768691897392273,
                "z": -0.4609912931919098,
                "visibility": 0.9954451322555542
            },
            {
                "x": 0.6780089735984802,
                "y": 0.9522715210914612,
                "z": -0.027222849428653717,
                "visibility": 0.26409009099006653
            },
            {
                "x": 0.3058677613735199,
                "y": 0.9758528470993042,