{
    "face": {
        "face_count": 1,
        "face_embeddings": [
            [
                -0.037515368312597275,
                0.01082365307956934,
                -0.010499238036572933,
                -0.10774708539247513,
                -0.1087677925825119,
                -0.024649793282151222,
                -0.09168601781129837,
                -0.12592071294784546,
                0.12383637577295303,
                -0.203018918633461,
                0.1541471779346466,
                -0.13004054129123688,
                -0.1284131556749344,
                -0.02305753156542778,
                -0.0914120227098465,
                0.23875273764133453,
                -0.1642233282327652,
                -0.176601842045784,
                0.004716353490948677,
                -0.0067824553698301315,
                0.07078725099563599,
                0.003774454351514578,
                -0.09145248681306839,
                0.16263441741466522,
                -0.1489838808774948,
                -0.26516595482826233,
                -0.10827618092298508,
                -0.09517832100391388,
                -0.06825049221515656,
                -0.09853902459144592,
                -0.014351840130984783,
                0.08417492359876633,
                -0.167880579829216,
                0.06403564661741257,
                0.025300242006778717,
                0.17954489588737488,
                0.008840702474117279,
                -0.05888941511511803,
                0.12284161150455475,
                0.05675170198082924,
                -0.311252623796463,
                0.1036340668797493,
                0.09608475863933563,
                0.21239429712295532,
                0.09661442786455154,
                0.031912241131067276,
                -0.01778257265686989,
                -0.15803222358226776,
                0.11927271634340286,
                -0.1579134166240692,
                0.046803928911685944,
                0.12687894701957703,
                0.10732884705066681,
                0.09096555411815643,
                0.008994705975055695,
                -0.10584167391061783,
                0.12058175355195999,
                0.06119849905371666,
                -0.21236629784107208,
                0.01350049115717411,
                0.09478630870580673,
                -0.07812801003456116,
                0.03557464852929115,
                -0.07933415472507477,
                0.17819949984550476,
                0.1327330321073532,
                -0.08279205113649368,
                -0.21318675577640533,
                0.12231133878231049,
                -0.2702896296977997,
                -0.16304665803909302,
                0.12284483015537262,
                -0.07588321715593338,
                -0.17364439368247986,
                -0.3438389003276825,
                -0.023631954565644264,
                0.3372173309326172,
                0.20984390377998352,
                -0.17337779700756073,
                0.0703493282198906,
                0.048744797706604004,
                -0.04049232229590416,
                0.1422947347164154,
                0.22353586554527283,
                0.04557395726442337,
                0.027225805446505547,
                -0.03163202852010727,
                -0.0030261948704719543,
                0.2419539988040924,
                -0.0312793031334877,
                0.01296077948063612,
                0.1842895746231079,
                0.00405720341950655,
                0.05234547704458237,
                -0.03441975638270378,
                0.013297533616423607,
                -0.07720675319433212,
                0.04757382720708847,
                -0.036497779190540314,
                -0.0033366745337843895,
                -0.06078485772013664,
                0.03979511559009552,
                -0.03226824849843979,
                0.10936201363801956,
                -0.19395919144153595,
                0.18287639319896698,
                -0.05802212655544281,
                -0.08341443538665771,
                -0.04296223819255829,
                0.12379822880029678,
                -0.05940426513552666,
                -0.04593803361058235,
                0.1226348951458931,
                -0.25667262077331543,
                0.1685045212507248,
                0.18462927639484406,
                0.0673002153635025,
                0.05961684137582779,
                0.08528677374124527,
                0.12160743772983551,
                -0.03359391540288925,
                -0.08509736508131027,
                -0.24756091833114624,
                -0.04082488268613815,
                0.07965261489152908,
                -0.11351728439331055,
                0.06805793195962906,
                -0.002117034513503313
            ]
        ]
    },
    "hand": {
        "hand_count": 0,
        "hand_landmarks": []
    },
    "body": {
        "landmark_count": 33,
        "landmarks": [
            {
                "x": 0.594685435295105,
                "y": 0.3430134057998657,
                "z": -1.5322407484054565,
                "visibility": 0.9999451637268066
            },
            {
                "x": 0.6317508816719055,
                "y": 0.2960907220840454,
                "z": -1.4825936555862427,
                "visibility": 0.9998773336410522
            },
            {
                "x": 0.6559948921203613,
                "y": 0.2973393201828003,
                "z": -1.4824728965759277,
                "visibility": 0.9998650550842285
            },
            {
                "x": 0.6771531701087952,
                "y": 0.2989920377731323,
                "z": -1.4820328950881958,
                "visibility": 0.9998480081558228
            },
            {
                "x": 0.5342358946800232,
                "y": 0.294638454914093,
                "z": -1.48896062374115,
                "visibility": 0.9999052286148071
            },
            {
                "x": 0.4981694221496582,
                "y": 0.2955929636955261,
                "z": -1.4884165525436401,
                "visibility": 0.9999033212661743
            },
            {
                "x": 0.470473051071167,
                "y": 0.29768407344818115,
                "z": -1.4887144565582275,
                "visibility": 0.9998911619186401
            },
            {
                "x": 0.7008506059646606,
                "y": 0.3268658518791199,
                "z": -1.0014688968658447,
                "visibility": 0.9998434782028198
            },
            {
                "x": 0.429569274187088,
                "y": 0.3321338891983032,
                "z": -0.9981040358543396,
                "visibility": 0.9999532699584961
            },
            {
                "x": 0.6372434496879578,
                "y": 0.41109699010849,
                "z": -1.3424078226089478,
                "visibility": 0.9999675750732422
            },
            {
                "x": 0.5413405895233154,
                "y": 0.414927214384079,
                "z": -1.3431044816970825,
                "visibility": 0.9999741315841675
            },
            {
                "x": 0.8716469407081604,
                "y": 0.6119242906570435,
                "z": -0.5501493215560913,
                "visibility": 0.9994742274284363
            },
            {
                "x": 0.28091952204704285,
                "y": 0.6121655702590942,
                "z": -0.7072002291679382,
                "visibility": 0.999632716178894
            },
            {
                "x": 1.035470962524414,
                "y": 0.9235321283340454,
                "z": -0.7725723385810852,
                "visibility": 0.3936198651790619
            },
            {
                "x": 0.2333713173866272,
                "y": 0.9328433275222778,