{
    "face": {
        "face_count": 1,
        "face_embeddings": [
            [
                -0.025321822613477707,
                -0.036819882690906525,
                0.06367124617099762,
                -0.16213849186897278,
                -0.06542117893695831,
                -0.07644928246736526,
                -0.12268535792827606,
                -0.08860660344362259,
                0.16932785511016846,
                -0.20644737780094147,
                0.14886118471622467,
                -0.06728677451610565,
                -0.1898910403251648,
                0.0003365011652931571,
                -0.022651569917798042,
                0.16657352447509766,
                -0.1484408974647522,
                -0.12017734348773956,
                -0.0017328839749097824,
                0.043123386800289154,
                0.10424677282571793,
                0.04323834553360939,
                -0.021273808553814888,
                0.0808083638548851,
                -0.10616838932037354,
                -0.294312983751297,
                -0.18131640553474426,
                -0.05518336594104767,
                -0.0873008593916893,
                -0.07387718558311462,
                -0.022347761318087578,
                0.03131813928484917,
                -0.15482433140277863,
                0.001998535357415676,
                0.012498566880822182,
                0.12251381576061249,
                0.038492970168590546,
                -0.1081697940826416,
                0.14010374248027802,
                0.07133974134922028,
                -0.32165423035621643,
                0.041979946196079254,
                0.078719861805439,
                0.194912850856781,
                0.1391555517911911,
                0.061181746423244476,
                -0.031218713149428368,
                -0.12379413843154907,
                0.1442577987909317,
                -0.22306248545646667,
                0.07119936496019363,
                0.10386853665113449,
                0.04006737098097801,
                0.06699983030557632,
                0.06544402986764908,
                -0.14296451210975647,
                0.1285542994737625,
                0.06653620302677155,
                -0.18455132842063904,
                0.0037428843788802624,
                0.11725253611803055,
                -0.06653854250907898,
                0.07649160921573639,
                -0.04632771760225296,
                0.19286803901195526,
                0.10416018217802048,
                -0.09818889945745468,
                -0.17887642979621887,
                0.09099104255437851,
                -0.18821120262145996,
                -0.10370316356420517,
                0.11073554307222366,
                -0.1778935045003891,
                -0.17444740235805511,
                -0.32345306873321533,
                -0.019728317856788635,
                0.3409425914287567,
                0.17095927894115448,
                -0.1284562200307846,
                0.07573816925287247,
                -0.020323699340224266,
                -0.012633074074983597,
                0.1514757126569748,
                0.17236237227916718,
                0.08309683203697205,
                0.0732463151216507,
                -0.05541587993502617,
                0.04681731015443802,
                0.2579856216907501,
                -0.06575869768857956,
                -0.004911360330879688,
                0.2255392074584961,
                -0.009083690121769905,
                0.12160440534353256,
                -0.026087302714586258,
                0.019455837085843086,
                -0.052705854177474976,
                0.034204401075839996,
                -0.14331041276454926,
                0.052513837814331055,
                0.0007082284428179264,
                0.07903970032930374,
                -0.011920243501663208,
                0.13419310748577118,
                -0.17145764827728271,
                0.12398454546928406,
                0.002323832595720887,
                -0.08928468078374863,
                -0.05533990263938904,
                0.04427254572510719,
                -0.10198702663183212,
                -0.04357003793120384,
                0.10207854956388474,
                -0.21377092599868774,
                0.1733514666557312,
                0.17712627351284027,
                0.10715840011835098,
                0.05937127768993378,
                0.07167408615350723,
                0.05707870423793793,
                -0.013364071026444435,
                -0.08208506554365158,
                -0.2295137494802475,
                -0.005713502876460552,
                0.07424827665090561,
                -0.006917978636920452,
                0.09461446851491928,
                0.012240905314683914
            ]
        ]
    },
    "hand": {
        "hand_count": 0,
        "hand_landmarks": []
    },
    "body": {
        "landmark_count": 33,
        "landmarks": [
            {
                "x": 0.4004482924938202,
                "y": 0.5392884016036987,
                "z": -2.317300319671631,
                "visibility": 0.9978826642036438
            },
            {
                "x": 0.45654937624931335,
                "y": 0.4152170419692993,
                "z": -2.323286533355713,
                "visibility": 0.996561586856842
            },
            {
                "x": 0.5022069215774536,
                "y": 0.4021599292755127,
                "z": -2.3239188194274902,
                "visibility": 0.9961038827896118
            },
            {
                "x": 0.5476932525634766,
                "y": 0.390303373336792,
                "z": -2.324887752532959,
                "visibility": 0.9961358904838562
            },
            {
                "x": 0.36675599217414856,
                "y": 0.43530774116516113,
                "z": -2.196699857711792,
                "visibility": 0.995884358882904
            },
            {
                "x": 0.3415064811706543,
                "y": 0.4381730556488037,
                "z": -2.1952733993530273,
                "visibility": 0.9953445792198181
            },
            {
                "x": 0.31879928708076477,
                "y": 0.439297080039978,
                "z": -2.196213483810425,
                "visibility": 0.9961124062538147
            },
            {
                "x": 0.6495077610015869,
                "y": 0.4120291471481323,
                "z": -1.8046793937683105,
                "visibility": 0.9972233772277832
            },
            {
                "x": 0.34429681301116943,
                "y": 0.4558866024017334,
                "z": -1.1803442239761353,
                "visibility": 0.9970517158508301
            },
            {
                "x": 0.4907030761241913,
                "y": 0.6388453245162964,
                "z": -2.089853525161743,
                "visibility": 0.999354898929596
            },
            {
                "x": 0.3835015594959259,
                "y": 0.6469368934631348,
                "z": -1.9108682870864868,
                "visibility": 0.9991693496704102
            },
            {
                "x": 1.0018423795700073,
                "y": 0.7745361328125,
                "z": -1.2952067852020264,
                "visibility": 0.989837110042572
            },
            {
                "x": 0.22765213251113892,
                "y": 0.9007205963134766,
                "z": -0.37736284732818604,
                "visibility": 0.9979442954063416
            },
            {
                "x": 1.2812457084655762,
                "y": 1.3874152898788452,
                "z": -1.5585033893585205,
                "visibility": 0.23473478853702545
            },
            {
                "x": 0.16750496625900269,
                "y": 1.5269947052001953,