{
    "face": {
        "face_count": 1,
        "face_embeddings": [
            [
                -0.028461966663599014,
                0.015611447393894196,
                0.014775963500142097,
                -0.11844269931316376,
                -0.10447505116462708,
                -0.036215584725141525,
                -0.10317565500736237,
                -0.11177697032690048,
                0.15636610984802246,
                -0.17890959978103638,
                0.10301133245229721,
                -0.04740673676133156,
                -0.1266440898180008,
                -0.004526476841419935,
                -0.05006258189678192,
                0.18880519270896912,
                -0.18179945647716522,
                -0.18378973007202148,
                0.020647352561354637,
                0.07142582535743713,
                0.11024938523769379,
                -0.000675298273563385,
                -0.04862071946263313,
                0.13163776695728302,
                -0.1172550767660141,
                -0.30997028946876526,
                -0.1291399896144867,
                -0.03971625864505768,
                -0.021590329706668854,
                -0.05873502790927887,
                0.015894079580903053,
                0.019425170496106148,
                -0.18398097157478333,
                0.03766297549009323,
                0.03157437592744827,
                0.12250793725252151,
                0.06612502038478851,
                -0.11268481612205505,
                0.12946516275405884,
                0.04400366172194481,
                -0.35585325956344604,
                0.030837565660476685,
                0.09268422424793243,
                0.19719502329826355,
                0.13205760717391968,
                0.04858154058456421,
                -0.007594536989927292,
                -0.09879285097122192,
                0.14043334126472473,
                -0.20764486491680145,
                -0.0010801777243614197,
                0.07550916820764542,
                0.05111632123589516,
                0.04824826121330261,
                0.01583811640739441,
                -0.16590042412281036,
                0.11572769284248352,
                0.054139964282512665,
                -0.17399132251739502,
                0.01212240755558014,
                0.08103461563587189,
                -0.10280835628509521,
                0.07036124169826508,
                -0.0771755650639534,
                0.20910191535949707,
                0.08397150784730911,
                -0.0790664479136467,
                -0.2321048229932785,
                0.08734026551246643,
                -0.229242205619812,
                -0.10077042132616043,
                0.11658579111099243,
                -0.10356583446264267,
                -0.14962923526763916,
                -0.3097628951072693,
                -0.06148652732372284,
                0.36053043603897095,
                0.2136034071445465,
                -0.14891833066940308,
                0.08092610538005829,
                -0.005259943660348654,
                0.03351500257849693,
                0.13512888550758362,
                0.1909673810005188,
                0.08066261559724808,
                0.07772897183895111,
                -0.08918836712837219,
                -0.00655264500528574,
                0.2781412899494171,
                -0.03784884884953499,
                -0.0017200702568516135,
                0.19562558829784393,
                -0.02619081921875477,
                0.10846233367919922,
                -0.051952458918094635,
                -0.005724499002099037,
                -0.09421718865633011,
                0.08007825911045074,
                -0.08656091243028641,
                0.010244717821478844,
                -0.02290564402937889,
                0.11219069361686707,
                0.03984908387064934,
                0.14781010150909424,
                -0.17178018391132355,
                0.13868752121925354,
                -0.0474344827234745,
                -0.0388779416680336,
                -0.017672579735517502,
                0.10781937092542648,
                -0.09128983318805695,
                -0.05430154874920845,
                0.0936475396156311,
                -0.22108305990695953,
                0.18725040555000305,
                0.18652915954589844,
                0.078447625041008,
                0.06251958012580872,
                0.08699703961610794,
                0.07963789254426956,
                -0.020177122205495834,
                -0.04844479262828827,
                -0.22160084545612335,
                -0.013155359774827957,
                0.06051723659038544,
                -0.11111151427030563,
                0.1066843792796135,
                -0.01828729547560215
            ]
        ]
    },
    "hand": {
        "hand_count": 0,
        "hand_landmarks": []
    },
    "body": {
        "landmark_count": 33,
        "landmarks": [
            {
                "x": 0.5349942445755005,
                "y": 0.3566722571849823,
                "z": -0.9780095219612122,
                "visibility": 0.9999102354049683
            },
            {
                "x": 0.5529664754867554,
                "y": 0.30754244327545166,
                "z": -0.8757414817810059,
                "visibility": 0.9998106360435486
            },
            {
                "x": 0.5694754719734192,
                "y": 0.30965471267700195,
                "z": -0.8761969804763794,
                "visibility": 0.9998218417167664
            },
            {
                "x": 0.5855439901351929,
                "y": 0.31162774562835693,
                "z": -0.8767282366752625,
                "visibility": 0.9998157620429993
            },
            {
                "x": 0.4873749911785126,
                "y": 0.2978278398513794,
                "z": -0.9598975777626038,
                "visibility": 0.9998581409454346
            },
            {
                "x": 0.45204952359199524,
                "y": 0.2928110361099243,
                "z": -0.9593639373779297,
                "visibility": 0.9998798370361328
            },
            {
                "x": 0.4171304702758789,
                "y": 0.28856778144836426,
                "z": -0.9603322148323059,
                "visibility": 0.9998651742935181
            },
            {
                "x": 0.5676760673522949,
                "y": 0.33590924739837646,
                "z": -0.3396569788455963,
                "visibility": 0.9998350143432617
            },
            {
                "x": 0.3276563286781311,
                "y": 0.30953407287597656,
                "z": -0.6840790510177612,
                "visibility": 0.9999381303787231
            },
            {
                "x": 0.5471909046173096,
                "y": 0.42294609546661377,
                "z": -0.7707632184028625,
                "visibility": 0.9999078512191772
            },
            {
                "x": 0.46329712867736816,
                "y": 0.4166243076324463,
                "z": -0.8732621073722839,
                "visibility": 0.9999477863311768
            },
            {
                "x": 0.686747670173645,
                "y": 0.6670226454734802,
                "z": 0.0898810550570488,
                "visibility": 0.9989770650863647
            },
            {
                "x": 0.05646650493144989,
                "y": 0.6605150699615479,
                "z": -0.7543043494224548,
                "visibility": 0.9994035959243774
            },
            {
                "x": 0.7980556488037109,
                "y": 1.005924105644226,
                "z": 0.4474753439426422,
                "visibility": 0.13077078759670258
            },
            {
                "x": -0.14733073115348816,
                "y": 1.1685099601745605,