{
    "face": {
        "face_count": 1,
        "face_embeddings": [
            [
                -0.05570777878165245,
                0.07340072840452194,
                -0.004904045257717371,
                -0.1318751871585846,
                -0.13250213861465454,
                -0.03869135305285454,
                -0.10940051078796387,
                -0.0820891335606575,
                0.10907819122076035,
                -0.17431756854057312,
                0.18113455176353455,
                -0.1618548482656479,
                -0.17333689332008362,
                0.006474485155194998,
                -0.03857021406292915,
                0.19069044291973114,
                -0.15269675850868225,
                -0.18348033726215363,
                -0.02543793059885502,
                0.011768410913646221,
                0.10816869139671326,
                0.027453746646642685,
                -0.05467606335878372,
                0.11349780112504959,
                -0.1354694813489914,
                -0.2747039198875427,
                -0.10541295260190964,
                -0.07101503759622574,
                -0.03698714077472687,
                -0.09858596324920654,
                -0.011218229308724403,
                0.05985028296709061,
                -0.19489213824272156,
                0.014134125784039497,
                0.030895907431840897,
                0.11922447383403778,
                -0.00648530526086688,
                -0.06530578434467316,
                0.17325377464294434,
                0.025143420323729515,
                -0.3290439248085022,
                0.0607246495783329,
                0.08270224183797836,
                0.21062614023685455,
                0.14108450710773468,
                0.07521168142557144,
                -0.036330074071884155,
                -0.1673700511455536,
                0.10134090483188629,
                -0.1622118204832077,
                0.06376126408576965,
                0.1641918122768402,
                0.062155306339263916,
                0.0709695965051651,
                -0.004338784143328667,
                -0.10147274285554886,
                0.10584528744220734,
                0.16247665882110596,
                -0.19058910012245178,
                0.0132456598803401,
                0.13328686356544495,
                -0.11323852092027664,
                0.07768650352954865,
                -0.10971948504447937,
                0.2359192669391632,
                0.089023157954216,
                -0.08558928221464157,
                -0.2013857364654541,
                0.1037457212805748,
                -0.21183441579341888,
                -0.15884141623973846,
                0.16005055606365204,
                -0.08831135183572769,
                -0.1603996753692627,
                -0.3335331082344055,
                -0.03826047480106354,
                0.3260248303413391,
                0.15162909030914307,
                -0.15504296123981476,
                0.05130081996321678,
                0.015620237216353416,
                -0.03431388735771179,
                0.17485660314559937,
                0.17168906331062317,
                0.010996555909514427,
                -0.037600450217723846,
                -0.07409755140542984,
                -0.04018145054578781,
                0.32462993264198303,
                -0.03826266527175903,
                0.007948256097733974,
                0.19758333265781403,
                -0.007698684930801392,
                0.04559804126620293,
                -0.016688277944922447,
                0.015674449503421783,
                -0.07987700402736664,
                0.007841301150619984,
                -0.059383757412433624,
                0.0007660938426852226,
                -0.08466262370347977,
                -0.014518208801746368,
                -0.08610789477825165,
                0.15250341594219208,
                -0.19275277853012085,
                0.11184127628803253,
                -0.05219730734825134,
                -0.04517041891813278,
                -0.06765691936016083,
                0.04812739044427872,
                -0.042114078998565674,
                -0.07271917909383774,
                0.12107923626899719,
                -0.24330031871795654,
                0.1546277552843094,
                0.16814230382442474,
                0.08442601561546326,
                0.06491818279027939,
                0.11925492435693741,
                0.11190221458673477,
                -0.0438062846660614,
                -0.08077876269817352,
                -0.28214848041534424,
                -0.024769149720668793,
                0.13357208669185638,
                -0.0454561822116375,
                0.11178620159626007,
                0.007664633449167013
            ]
        ]
    },
    "hand": {
        "hand_count": 0,
        "hand_landmarks": []
    },
    "body": {
        "landmark_count": 33,
        "landmarks": [
            {
                "x": 0.4713471829891205,
                "y": 0.282937228679657,
                "z": -2.680518388748169,
                "visibility": 0.9998362064361572
            },
            {
                "x": 0.5091804265975952,
                "y": 0.22732102870941162,
                "z": -2.5698227882385254,
                "visibility": 0.9997159838676453
            },
            {
                "x": 0.5416517853736877,
                "y": 0.22159087657928467,
                "z": -2.56998610496521,
                "visibility": 0.9996492862701416
            },
            {
                "x": 0.5667974352836609,
                "y": 0.21762967109680176,
                "z": -2.570462703704834,
                "visibility": 0.9994949102401733
            },
            {
                "x": 0.39803555607795715,
                "y": 0.249336838722229,
                "z": -2.596522092819214,
                "visibility": 0.9998364448547363
            },
            {
                "x": 0.3686690330505371,
                "y": 0.257845938205719,
                "z": -2.597343921661377,
                "visibility": 0.9998806715011597
            },
            {
                "x": 0.34454384446144104,
                "y": 0.266204833984375,
                "z": -2.5978753566741943,
                "visibility": 0.9998599290847778
            },
            {
                "x": 0.6230199933052063,
                "y": 0.22956550121307373,
                "z": -1.8761036396026611,
                "visibility": 0.9993900060653687
            },
            {
                "x": 0.31441381573677063,
                "y": 0.3010348081588745,
                "z": -2.003262996673584,
                "visibility": 0.9999387264251709
            },
            {
                "x": 0.555030882358551,
                "y": 0.3273562788963318,
                "z": -2.4167237281799316,
                "visibility": 0.9996399879455566
            },
            {
                "x": 0.4329683780670166,
                "y": 0.3469310998916626,
                "z": -2.453495502471924,
                "visibility": 0.9997857213020325
            },
            {
                "x": 0.8073428273200989,
                "y": 0.48305100202560425,
                "z": -1.1045687198638916,
                "visibility": 0.9913679957389832
            },
            {
                "x": 0.2807278633117676,
                "y": 0.517126202583313,
                "z": -1.4983357191085815,
                "visibility": 0.9980212450027466
            },
            {
                "x": 1.0060714483261108,
                "y": 0.6345946788787842,
                "z": -0.1016465425491333,
                "visibility": 0.562423825263977
            },
            {
                "x": 0.18813297152519226,
                "y": 0.8054767847061157,