{
    "face": {
        "face_count": 1,
        "face_embeddings": [
            [
                -0.06644877791404724,
                0.050601329654455185,
                0.06949422508478165,
                -0.0939345732331276,
                -0.10372254997491837,
                -0.029135221615433693,
                -0.09495929628610611,
                -0.08407914638519287,
                0.1002626121044159,
                -0.13599365949630737,
                0.22271527349948883,
                -0.06752214580774307,
                -0.2073972225189209,
                -0.07715441286563873,
                -0.07295048981904984,
                0.22627100348472595,
                -0.22084280848503113,
                -0.12151137739419937,
                0.0029010148718953133,
                0.035140059888362885,
                0.12142790108919144,
                0.028557460755109787,
                0.009145686402916908,
                0.021800430491566658,
                -0.18503990769386292,
                -0.3497730791568756,
                -0.1080443486571312,
                -0.04174396023154259,
                -0.04781610146164894,
                -0.0800103172659874,
                -0.03540714457631111,
                0.04417920857667923,
                -0.1779336780309677,
                0.03894039988517761,
                0.033819083124399185,
                0.07746803760528564,
                0.025904158130288124,
                -0.09242495894432068,
                0.1072988510131836,
                0.014086969196796417,
                -0.26522618532180786,
                0.04849788919091225,
                0.11171239614486694,
                0.2274107038974762,
                0.1756977140903473,
                -0.02091405540704727,
                0.009771967306733131,
                -0.14439168572425842,
                0.11549516022205353,
                -0.21722164750099182,
                -0.045612528920173645,
                0.09918656200170517,
                0.04713142663240433,
                0.0627804771065712,
                0.011755070649087429,
                -0.08018579334020615,
                0.06066836416721344,
                0.09708577394485474,
                -0.15780623257160187,
                0.002194393426179886,
                0.07137297093868256,
                -0.05806365981698036,
                -0.019587062299251556,
                -0.09769618511199951,
                0.16813479363918304,
                0.047941822558641434,
                -0.15637493133544922,
                -0.1944463551044464,
                0.06286951899528503,
                -0.1595880091190338,
                -0.06037309020757675,
                0.08823583275079727,
                -0.14306579530239105,
                -0.20134080946445465,
                -0.3174203038215637,
                -0.04879717901349068,
                0.32081684470176697,
                0.13152293860912323,
                -0.20276880264282227,
                0.040416840463876724,
                -0.015580487437546253,
                0.010465377010405064,
                0.11548560112714767,
                0.17353035509586334,
                0.04919223487377167,
                0.059974752366542816,
                -0.11039724946022034,
                0.08462829887866974,
                0.2417788952589035,
                -0.1242334395647049,
                0.04236474260687828,
                0.258880615234375,
                0.018713682889938354,
                0.09881724417209625,
                -0.037509769201278687,
                0.0628855898976326,
                -0.10401248186826706,
                0.04768383502960205,
                -0.11955439299345016,
                0.028058134019374847,
                0.013691914267838001,
                0.030976127833127975,
                -0.0007985106203705072,
                0.13299965858459473,
                -0.11146503686904907,
                0.1386386603116989,
                -0.002090436639264226,
                -0.015400093048810959,
                0.005188656970858574,
                -0.012669852934777737,
                -0.05774417519569397,
                -0.07239029556512833,
                0.06906374543905258,
                -0.2057182490825653,
                0.13482239842414856,
                0.20576177537441254,
                0.065232053399086,
                0.06173916906118393,
                0.08262428641319275,
                0.04448924958705902,
                -0.046605512499809265,
                -0.03165949508547783,
                -0.18885210156440735,
                0.012564520351588726,
                0.050235241651535034,
                -0.09136728197336197,
                0.0416158102452755,
                -0.06771324574947357
            ]
        ]
    },
    "hand": {
        "hand_count": 1,
        "hand_landmarks": [
            [
                {
                    "x": 0.3193267285823822,
                    "y": 0.8427415490150452,
                    "z": -5.44949720904242e-08,
                    "visibility": 0.0
                },
                {
                    "x": 0.30889612436294556,
                    "y": 0.781761109828949,
                    "z": 0.008623193018138409,
                    "visibility": 0.0
                },
                {
                    "x": 0.31869566440582275,
                    "y": 0.7288616299629211,
                    "z": 0.014264379628002644,
                    "visibility": 0.0
                },
                {
                    "x": 0.34007972478866577,
                    "y": 0.6996399760246277,
                    "z": 0.019133470952510834,
                    "visibility": 0.0
                },
                {
                    "x": 0.3570398688316345,
                    "y": 0.6897051334381104,
                    "z": 0.02465684339404106,
                    "visibility": 0.0
                },
                {
                    "x": 0.3559624254703522,
                    "y": 0.7138164639472961,
                    "z": 0.00407133623957634,
                    "visibility": 0.0
                },
                {
                    "x": 0.38298583030700684,
                    "y": 0.6646516919136047,
                    "z": 0.008484684862196445,
                    "visibility": 0.0
                },
                {
                    "x": 0.3971303403377533,
                    "y": 0.6421993970870972,
                    "z": 0.01414920948445797,
                    "visibility": 0.0
                },
                {
                    "x": 0.4072455167770386,
                    "y": 0.6251698732376099,
                    "z": 0.018443461507558823,
                    "visibility": 0.0
                },
                {
                    "x": 0.3778371512889862,
                    "y": 0.7372409105300903,
                    "z": 0.001285059843212366,
                    "visibility": 0.0
                },
                {
                    "x": 0.4013671875,
                    "y": 0.6795562505722046,
                    "z": 0.00584859773516655,
                    "visibility": 0.0
                },
                {
                    "x": 0.40945976972579956,
                    "y": 0.6523729562759399,
                    "z": 0.012737085111439228,
                    "visibility": 0.0
                },
                {
                    "x": 0.4148229658603668,
                    "y": 0.6369023323059082,
                    "z": 0.018145045265555382,
                    "visibility": 0.0
                },
                {
                    "x": 0.3922078609466553,
                    "y": 0.7643804550170898,
                    "z": -0.0003289452288299799,