{
    "face": {
        "face_count": 1,
        "face_embeddings": [
            [
                -0.010988285765051842,
                0.004784325137734413,
                0.001954026985913515,
                -0.11661171913146973,
                -0.11311163753271103,
                -0.05507972836494446,
                -0.0912533551454544,
                -0.12321744859218597,
                0.147922545671463,
                -0.16285979747772217,
                0.17025865614414215,
                -0.11105436831712723,
                -0.15256980061531067,
                -0.03473585844039917,
                -0.06671210378408432,
                0.16154219210147858,
                -0.20348776876926422,
                -0.16297553479671478,
                0.005386975593864918,
                0.0057244496420025826,
                0.0921252891421318,
                0.040467243641614914,
                -0.03509346768260002,
                0.06510435789823532,
                -0.18984270095825195,
                -0.3014502227306366,
                -0.12789858877658844,
                -0.08849143236875534,
                -0.07725056260824203,
                -0.07768058031797409,
                -0.030780814588069916,
                0.06644696742296219,
                -0.14837895333766937,
                0.014521721750497818,
                0.0421859472990036,
                0.10108648240566254,
                0.020533334463834763,
                -0.06323520094156265,
                0.12817977368831635,
                0.02350218966603279,
                -0.33171898126602173,
                0.03552282601594925,
                0.11949994415044785,
                0.21599355340003967,
                0.18594762682914734,
                0.01564837619662285,
                -0.06413442641496658,
                -0.10297293215990067,
                0.11753182858228683,
                -0.16271261870861053,
                0.006069277413189411,
                0.12752869725227356,
                0.0688071995973587,
                0.061410874128341675,
                0.04661371186375618,
                -0.057224344462156296,
                0.06698333472013474,
                0.08109932392835617,
                -0.16275463998317719,
                -0.03620946407318115,
                0.1163000613451004,
                -0.11278969049453735,
                0.03767423331737518,
                -0.08270391821861267,
                0.14863529801368713,
                0.0736764445900917,
                -0.07487060129642487,
                -0.224412739276886,
                0.0795920118689537,
                -0.2581477761268616,
                -0.16386856138706207,
                0.1100117415189743,
                -0.09391364455223083,
                -0.17198486626148224,
                -0.32084810733795166,
                -0.0922912135720253,
                0.291567862033844,
                0.16735140979290009,
                -0.17033185064792633,
                0.07599544525146484,
                0.01920456439256668,
                -0.00934375450015068,
                0.18225841224193573,
                0.14698737859725952,
                0.08483710139989853,
                0.07765400409698486,
                -0.10738099366426468,
                -0.020388543605804443,
                0.2625153362751007,
                -0.08968488872051239,
                0.012920060195028782,
                0.20991674065589905,
                -0.027777837589383125,
                0.0691283717751503,
                0.018451299518346786,
                0.02858777903020382,
                -0.08563777804374695,
                0.07463111728429794,
                -0.1016613245010376,
                0.027421992272138596,
                0.005790280178189278,
                0.04608588665723801,
                -0.014999586157500744,
                0.1239071860909462,
                -0.14477451145648956,
                0.13987378776073456,
                -0.027765115723013878,
                -0.025661367923021317,
                -0.029946498572826385,
                0.017752351239323616,
                -0.03963995352387428,
                -0.07248694449663162,
                0.11816593259572983,
                -0.24347759783267975,
                0.12289121747016907,
                0.15414735674858093,
                0.02931557595729828,
                0.07267308980226517,
                0.05826772376894951,
                0.05066444352269173,
                -0.06960836797952652,
                -0.0634291023015976,
                -0.24768035113811493,
                -0.03287353739142418,
                0.03321601822972298,
                -0.06568720936775208,
                0.07339605689048767,
                -0.01696758158504963
            ]
        ]
    },
    "hand": {
        "hand_count": 0,
        "hand_landmarks": []
    },
    "body": {
        "landmark_count": 33,
        "landmarks": [
            {
                "x": 0.48795583844184875,
                "y": 0.4148472547531128,
                "z": -1.4788644313812256,
                "visibility": 0.9999526739120483
            },
            {
                "x": 0.5459349751472473,
                "y": 0.3527623414993286,
                "z": -1.3850239515304565,
                "visibility": 0.9998974800109863
            },
            {
                "x": 0.5763658285140991,
                "y": 0.3516404628753662,
                "z": -1.3852142095565796,
                "visibility": 0.9998818635940552
            },
            {
                "x": 0.6052101850509644,
                "y": 0.3508923053741455,
                "z": -1.385953426361084,
                "visibility": 0.9998887777328491
            },
            {
                "x": 0.4399953782558441,
                "y": 0.3565269708633423,
                "z": -1.372696876525879,
                "visibility": 0.9999083280563354
            },
            {
                "x": 0.4052993357181549,
                "y": 0.3569979667663574,
                "z": -1.3712891340255737,
                "visibility": 0.9999088048934937
            },
            {
                "x": 0.37300923466682434,
                "y": 0.3594104051589966,
                "z": -1.3718743324279785,
                "visibility": 0.9999204874038696
            },
            {
                "x": 0.6502248048782349,
                "y": 0.37661612033843994,
                "z": -0.7714426517486572,
                "visibility": 0.9998737573623657
            },
            {
                "x": 0.34170040488243103,
                "y": 0.38595476746559143,
                "z": -0.6769742965698242,
                "visibility": 0.9999339580535889
            },
            {
                "x": 0.5533323884010315,
                "y": 0.48850154876708984,
                "z": -1.251908540725708,
                "visibility": 0.9999728202819824
            },
            {
                "x": 0.4321914613246918,
                "y": 0.48922860622406006,
                "z": -1.2262163162231445,
                "visibility": 0.9999732971191406
            },
            {
                "x": 0.852492094039917,
                "y": 0.7408261895179749,
                "z": -0.4391133487224579,
                "visibility": 0.9993610978126526
            },
            {
                "x": 0.16866761445999146,
                "y": 0.7536375522613525,
                "z": -0.4582855701446533,
                "visibility": 0.9997180104255676
            },
            {
                "x": 1.0992952585220337,
                "y": 1.1443461179733276,
                "z": -0.3512594699859619,
                "visibility": 0.4049142301082611
            },
            {
                "x": 0.019276350736618042,
                "y": 1.174360752105713,