{
    "face": {
        "face_count": 1,
        "face_embeddings": [
            [
                0.004649031441658735,
                0.06130533665418625,
                0.035867780447006226,
                -0.12775206565856934,
                -0.1271592676639557,
                -0.015588125213980675,
                -0.11860043555498123,
                -0.11969447880983353,
                0.14837701618671417,
                -0.15483230352401733,
                0.1418764442205429,
                -0.08614473044872284,
                -0.16318227350711823,
                -0.019260704517364502,
                -0.04347953572869301,
                0.25265976786613464,
                -0.21156246960163116,
                -0.18977616727352142,
                0.0017515458166599274,
                0.040253691375255585,
                0.09917561709880829,
                0.020651698112487793,
                -0.025343183428049088,
                0.10487210750579834,
                -0.10591310262680054,
                -0.3138284683227539,
                -0.13504843413829803,
                -0.06881894916296005,
                -0.04090944677591324,
                -0.09152944386005402,
                -0.021351942792534828,
                0.023060869425535202,
                -0.16709581017494202,
                0.0069166868925094604,
                0.06949160248041153,
                0.10730880498886108,
                0.050254467874765396,
                -0.15064337849617004,
                0.12136422842741013,
                0.0027293888852000237,
                -0.3375129997730255,
                0.09114564955234528,
                0.12486369907855988,
                0.1896737813949585,
                0.16390129923820496,
                0.025941289961338043,
                -0.03249460458755493,
                -0.12341976165771484,
                0.1060122698545456,
                -0.17038588225841522,
                0.02550574764609337,
                0.09473744034767151,
                0.03957624360918999,
                0.05985753610730171,
                0.03256065025925636,
                -0.13726358115673065,
                0.1038602739572525,
                0.10371042788028717,
                -0.168446883559227,
                -0.02127479389309883,
                0.10491514205932617,
                -0.08885473757982254,
                0.06887426227331161,
                -0.07437066733837128,
                0.18217961490154266,
                0.08593758195638657,
                -0.08792756497859955,
                -0.21688957512378693,
                0.06831257790327072,
                -0.17871704697608948,
                -0.10643140226602554,
                0.07502676546573639,
                -0.13872426748275757,
                -0.1464242935180664,
                -0.28127506375312805,
                -0.07071744650602341,
                0.3571595549583435,
                0.15986621379852295,
                -0.22124721109867096,
                0.06495445966720581,
                0.027824630960822105,
                0.007044867146760225,
                0.13762229681015015,
                0.20097550749778748,
                0.09414377063512802,
                0.03196372464299202,
                -0.0998997911810875,
                0.007750234566628933,
                0.25909313559532166,
                -0.06901755183935165,
                0.035752810537815094,
                0.24447858333587646,
                -0.028081614524126053,
                0.0623161718249321,
                -0.01952798292040825,
                0.03162229433655739,
                -0.08605748414993286,
                0.06445568054914474,
                -0.11917871981859207,
                -0.02463991940021515,
                -0.019031979143619537,
                0.08004208654165268,
                -0.032806072384119034,
                0.15140943229198456,
                -0.17345859110355377,
                0.10679773986339569,
                -0.020938463509082794,
                -0.03231830149888992,
                -0.034426383674144745,
                0.056652169674634933,
                -0.037839896976947784,
                -0.0549042746424675,
                0.12646092474460602,
                -0.1968173384666443,
                0.16430477797985077,
                0.1956804394721985,
                0.0466606505215168,
                0.050641365349292755,
                0.07027607411146164,
                0.08651813864707947,
                -0.013676458038389683,
                -0.09410414844751358,
                -0.2472243309020996,
                -0.010890060104429722,
                0.06992622464895248,
                -0.07715903222560883,
                0.08304591476917267,
                -0.003454337827861309
            ]
        ]
    },
    "hand": {
        "hand_count": 1,
        "hand_landmarks": [
            [
                {
                    "x": 0.5261983275413513,
                    "y": 0.8461008667945862,
                    "z": -3.0330323141924964e-08,
                    "visibility": 0.0
                },
                {
                    "x": 0.5224122405052185,
                    "y": 0.7478010058403015,
                    "z": 0.026079215109348297,
                    "visibility": 0.0
                },
                {
                    "x": 0.5490299463272095,
                    "y": 0.6965758800506592,
                    "z": 0.03878587856888771,
                    "visibility": 0.0
                },
                {
                    "x": 0.5695512890815735,
                    "y": 0.6680858135223389,
                    "z": 0.04307403787970543,
                    "visibility": 0.0
                },
                {
                    "x": 0.586628794670105,
                    "y": 0.6376432776451111,
                    "z": 0.04693743959069252,
                    "visibility": 0.0
                },
                {
                    "x": 0.6106171607971191,
                    "y": 0.7241858839988708,
                    "z": 0.05014374107122421,
                    "visibility": 0.0
                },
                {
                    "x": 0.6382113099098206,
                    "y": 0.6593846678733826,
                    "z": 0.05525889992713928,
                    "visibility": 0.0
                },
                {
                    "x": 0.646628201007843,
                    "y": 0.6001737117767334,
                    "z": 0.055462393909692764,
                    "visibility": 0.0
                },
                {
                    "x": 0.6492152214050293,
                    "y": 0.5511202812194824,
                    "z": 0.054582688957452774,
                    "visibility": 0.0
                },
                {
                    "x": 0.6208788752555847,
                    "y": 0.7391666173934937,
                    "z": 0.030050763860344887,
                    "visibility": 0.0
                },
                {
                    "x": 0.654297411441803,
                    "y": 0.6580820679664612,
                    "z": 0.032915692776441574,
                    "visibility": 0.0
                },
                {
                    "x": 0.659458339214325,
                    "y": 0.590149462223053,
                    "z": 0.03126256540417671,
                    "visibility": 0.0
                },
                {
                    "x": 0.6585724353790283,
                    "y": 0.5407282710075378,
                    "z": 0.03003518097102642,
                    "visibility": 0.0
                },
                {
                    "x": 0.6213462948799133,
                    "y": 0.7413312792778015,
                    "z": 0.008539861999452114,