{
    "face": {
        "face_count": 1,
        "face_embeddings": [
            [
                0.016216790303587914,
                0.01723717898130417,
                -0.0256809089332819,
                -0.07043399661779404,
                -0.05562489479780197,
                -0.056027695536613464,
                -0.07051432877779007,
                -0.07172676920890808,
                0.1413327306509018,
                -0.147768035531044,
                0.14161953330039978,
                -0.08132529258728027,
                -0.1843281388282776,
                0.03364338353276253,
                -0.04599900543689728,
                0.16939347982406616,
                -0.1984437257051468,
                -0.16778239607810974,
                -0.011212320066988468,
                0.03171399235725403,
                0.1471128910779953,
                0.013937297277152538,
                -0.09729016572237015,
                0.12046126276254654,
                -0.0942162498831749,
                -0.29927799105644226,
                -0.1371709704399109,
                -0.08191625028848648,
                -0.01885765604674816,
                -0.07486683130264282,
                0.03716590255498886,
                0.038338448852300644,
                -0.15293200314044952,
                0.040845587849617004,
                0.06236467510461807,
                0.05811648443341255,
                0.05822654813528061,
                -0.1087253987789154,
                0.1952596753835678,
                0.056673720479011536,
                -0.3175198435783386,
                0.0441117063164711,
                0.12132477015256882,
                0.26343274116516113,
                0.10830642282962799,
                0.057713236659765244,
                -0.05929941684007645,
                -0.05785389617085457,
                0.13288769125938416,
                -0.19035501778125763,
                0.005633602850139141,
                0.1646813154220581,
                0.068372443318367,
                0.10189810395240784,
                0.036724843084812164,
                -0.12467882037162781,
                0.1258845031261444,
                0.07335744798183441,
                -0.20830093324184418,
                -0.0048502301797270775,
                0.10342252254486084,
                -0.10088486969470978,
                0.07594478875398636,
                -0.07990416139364243,
                0.21560470759868622,
                0.035666510462760925,
                -0.11918143182992935,
                -0.16904716193675995,
                0.06277105957269669,
                -0.23696370422840118,
                -0.1033627986907959,
                0.09628722071647644,
                -0.12370069324970245,
                -0.15057769417762756,
                -0.25809210538864136,
                -0.04971085488796234,
                0.3768068552017212,
                0.17829877138137817,
                -0.16546601057052612,
                0.09563913196325302,
                -0.010724317282438278,
                -0.051675211638212204,
                0.18321725726127625,
                0.18186531960964203,
                0.11340309679508209,
                0.03356064856052399,
                -0.08963001519441605,
                -0.019501976668834686,
                0.2761293947696686,
                -0.026752382516860962,
                0.03308693692088127,
                0.2135857194662094,
                -0.03638748079538345,
                0.03877764940261841,
                -0.04188457131385803,
                -0.0028197329957038164,
                -0.09793290495872498,
                0.00761718675494194,
                -0.07751685380935669,
                -0.002146470360457897,
                -0.0830293595790863,
                0.0681079849600792,
                -0.04483376070857048,
                0.11720104515552521,
                -0.18000967800617218,
                0.12154293060302734,
                0.0063703302294015884,
                -0.03472758084535599,
                -0.04052497074007988,
                0.08386266976594925,
                -0.07954033464193344,
                -0.06615860015153885,
                0.08783958107233047,
                -0.2454284131526947,
                0.15749439597129822,
                0.1398373395204544,
                0.05863760784268379,
                0.03568144887685776,
                0.018443545326590538,
                0.07564886659383774,
                -0.052523158490657806,
                -0.09618891030550003,
                -0.2761155366897583,
                -0.055792439728975296,
                0.05035961791872978,
                -0.04446497559547424,
                0.06313967704772949,
                -0.06353186070919037
            ]
        ]
    },
    "hand": {
        "hand_count": 0,
        "hand_landmarks": []
    },
    "body": {
        "landmark_count": 33,
        "landmarks": [
            {
                "x": 0.646975040435791,
                "y": 0.37124091386795044,
                "z": -2.2751591205596924,
                "visibility": 0.9990403056144714
            },
            {
                "x": 0.7137091159820557,
                "y": 0.3165254592895508,
                "z": -2.2126293182373047,
                "visibility": 0.9987565279006958
            },
            {
                "x": 0.7480580806732178,
                "y": 0.3203073740005493,
                "z": -2.2137327194213867,
                "visibility": 0.9984874725341797
            },
            {
                "x": 0.7811362743377686,
                "y": 0.32397007942199707,
                "z": -2.214928150177002,
                "visibility": 0.9986705780029297
            },
            {
                "x": 0.5999010801315308,
                "y": 0.2996835708618164,
                "z": -2.2451987266540527,
                "visibility": 0.9988788962364197
            },
            {
                "x": 0.5484139919281006,
                "y": 0.29087626934051514,
                "z": -2.244607448577881,
                "visibility": 0.9985387325286865
            },
            {
                "x": 0.4969845414161682,
                "y": 0.2823292016983032,
                "z": -2.245210647583008,
                "visibility": 0.9985820055007935
            },
            {
                "x": 0.7778691053390503,
                "y": 0.34236282110214233,
                "z": -1.4286695718765259,
                "visibility": 0.9988722205162048
            },
            {
                "x": 0.37201741337776184,
                "y": 0.28791725635528564,
                "z": -1.5690758228302002,
                "visibility": 0.9989206790924072
            },
            {
                "x": 0.6581910848617554,
                "y": 0.4357958436012268,
                "z": -1.937979817390442,
                "visibility": 0.999077558517456
            },
            {
                "x": 0.5196776390075684,
                "y": 0.41661137342453003,
                "z": -1.983402967453003,
                "visibility": 0.9993621706962585
            },
            {
                "x": 0.7378479242324829,
                "y": 0.6234582662582397,
                "z": -0.8203654885292053,
                "visibility": 0.995261013507843
            },
            {
                "x": 0.06481727957725525,
                "y": 0.5300997495651245,
                "z": -0.7864882946014404,
                "visibility": 0.9860799908638
            },
            {
                "x": 0.8763980865478516,
                "y": 0.952195942401886,
                "z": -0.4041612446308136,
                "visibility": 0.08806450664997101
            },
            {
                "x": -0.14870929718017578,
                "y": 0.9207273721694946,