{
    "face": {
        "face_count": 1,
        "face_embeddings": [
            [
                -0.007062689401209354,
                0.05347561463713646,
                0.011234932579100132,
                -0.13061335682868958,
                -0.12292122095823288,
                -0.043026216328144073,
                -0.12532472610473633,
                -0.12496718764305115,
                0.11573643237352371,
                -0.17114028334617615,
                0.11967357248067856,
                -0.09136231988668442,
                -0.14104832708835602,
                -0.028931261971592903,
                -0.04050789028406143,
                0.21980349719524384,
                -0.23704911768436432,
                -0.19027079641819,
                -0.01211875956505537,
                0.04698892682790756,
                0.11093409359455109,
                0.0041647013276815414,
                -0.027195904403924942,
                0.12832319736480713,
                -0.11745262145996094,
                -0.32453295588493347,
                -0.1490747481584549,
                -0.06778287887573242,
                -0.024529578164219856,
                -0.0775730088353157,
                -0.004809346050024033,
                0.055756617337465286,
                -0.19605281949043274,
                0.013171677477657795,
                0.04632747173309326,
                0.11778944730758667,
                0.06906738877296448,
                -0.11494041979312897,
                0.1313958466053009,
                0.045944150537252426,
                -0.30392786860466003,
                0.06578507274389267,
                0.11735261976718903,
                0.20763036608695984,
                0.1419721245765686,
                0.028243904933333397,
                -0.01303822547197342,
                -0.12347699701786041,
                0.15933184325695038,
                -0.16362476348876953,
                0.029243580996990204,
                0.10331680625677109,
                0.049569208174943924,
                0.08651449531316757,
                0.029683932662010193,
                -0.11392118036746979,
                0.11938716471195221,
                0.1035177931189537,
                -0.18630476295948029,
                0.02108461782336235,
                0.0842672735452652,
                -0.08192522078752518,
                0.034819312393665314,
                -0.10969483852386475,
                0.20117568969726562,
                0.09272469580173492,
                -0.07814804464578629,
                -0.21841683983802795,
                0.11657784134149551,
                -0.1813778430223465,
                -0.12959517538547516,
                0.08545748889446259,
                -0.1289416402578354,
                -0.11604665219783783,
                -0.29740655422210693,
                -0.07809828966856003,
                0.35061416029930115,
                0.14462623000144958,
                -0.21811635792255402,
                0.04294361546635628,
                0.017874399200081825,
                -0.04901650920510292,
                0.12340621650218964,
                0.20186981558799744,
                0.06789075583219528,
                0.060155898332595825,
                -0.06965278089046478,
                0.028672341257333755,
                0.290120005607605,
                -0.044256385415792465,
                0.03581506758928299,
                0.2439413219690323,
                -0.001251494511961937,
                0.0808868557214737,
                0.0016826684586703777,
                0.008162684738636017,
                -0.0888097733259201,
                0.03233157470822334,
                -0.15010134875774384,
                -0.010541500523686409,
                -0.0424170158803463,
                0.043891292065382004,
                -0.07232333719730377,
                0.12657193839550018,
                -0.1510244905948639,
                0.12675437331199646,
                -0.0024062797892838717,
                -0.053890302777290344,
                -0.06519702076911926,
                0.053444650024175644,
                -0.09469135105609894,
                -0.0636640414595604,
                0.13108430802822113,
                -0.19177202880382538,
                0.16717365384101868,
                0.1875418722629547,
                0.08314855396747589,
                0.03952616825699806,
                0.05666660517454147,
                0.09591376036405563,
                -0.033166758716106415,
                -0.09381355345249176,
                -0.2342556267976761,
                -0.022268975153565407,
                0.11197071522474289,
                -0.087323397397995,
                0.04817502945661545,
                -0.023784318938851357
            ]
        ]
    },
    "hand": {
        "hand_count": 0,
        "hand_landmarks": []
    },
    "body": {
        "landmark_count": 33,
        "landmarks": [
            {
                "x": 0.3224443793296814,
                "y": 0.3896177411079407,
                "z": -0.6552647948265076,
                "visibility": 0.9998161196708679
            },
            {
                "x": 0.3623904585838318,
                "y": 0.3528318405151367,
                "z": -0.7371906042098999,
                "visibility": 0.9997727274894714
            },
            {
                "x": 0.38804274797439575,
                "y": 0.35244041681289673,
                "z": -0.7369769811630249,
                "visibility": 0.9996994733810425
            },
            {
                "x": 0.4132903516292572,
                "y": 0.35243043303489685,
                "z": -0.7371855974197388,
                "visibility": 0.9997742772102356
            },
            {
                "x": 0.31885892152786255,
                "y": 0.35314756631851196,
                "z": -0.5714648962020874,
                "visibility": 0.9997789263725281
            },
            {
                "x": 0.31042978167533875,
                "y": 0.35321611166000366,
                "z": -0.5702719688415527,
                "visibility": 0.999710738658905
            },
            {
                "x": 0.30093544721603394,
                "y": 0.3535560369491577,
                "z": -0.5709193348884583,
                "visibility": 0.9998111128807068
            },
            {
                "x": 0.4957990050315857,
                "y": 0.3687121868133545,
                "z": -0.8401789665222168,
                "visibility": 0.9998152852058411
            },
            {
                "x": 0.3637288212776184,
                "y": 0.37148523330688477,
                "z": -0.07934081554412842,
                "visibility": 0.9998267292976379
            },
            {
                "x": 0.37594056129455566,
                "y": 0.4402095079421997,
                "z": -0.679865837097168,
                "visibility": 0.9998979568481445
            },
            {
                "x": 0.31885552406311035,
                "y": 0.44176554679870605,
                "z": -0.4601476788520813,
                "visibility": 0.9998674392700195
            },
            {
                "x": 0.7877045273780823,
                "y": 0.6324787735939026,
                "z": -1.0065642595291138,
                "visibility": 0.9986218214035034
            },
            {
                "x": 0.301007479429245,
                "y": 0.6080107092857361,
                "z": 0.3138103485107422,
                "visibility": 0.9997062087059021
            },
            {
                "x": 0.7274678945541382,
                "y": 0.9426640868186951,
                "z": -1.0867605209350586,
                "visibility": 0.6849225163459778
            },
            {
                "x": 0.22694799304008484,
                "y": 0.8854550719261169,